audit_round,measurement_id,measurement_name,mention_id,object_id,role,field,outcome_type,snippet,matched_text,n_population,sample_type,pattern_version
2,blood_biomarkers,"Blood biomarkers (clinical chemistry, inflammatory, coagulation)",ctgov|NCT02970240|outcome_measure|1001|blood_biomarkers,trial:NCT02970240,outcome_measure,outcome_measure,secondary,[[Cytokine]] profile,Cytokine,529,seeded_random_30,"v2 (measurements.yaml + discovery.PATTERN_REVISIONS round 1, sha1 12e9f79f)"
2,blood_biomarkers,"Blood biomarkers (clinical chemistry, inflammatory, coagulation)",ctgov|NCT03759808|brief_summary|-1|blood_biomarkers,trial:NCT03759808,abstract,brief_summary,,"...rief psychological intervention on post-concussion symptoms, neurocognitive function, cerebral blood flow (CBF), and psychophysiological and salivary [[cortisol]] markers of autonomic nervous system (ANS) in a sample of 20 participants between 13-25 years of age who experience long-term post-concussive (PC) sym...",cortisol,529,seeded_random_30,"v2 (measurements.yaml + discovery.PATTERN_REVISIONS round 1, sha1 12e9f79f)"
2,blood_biomarkers,"Blood biomarkers (clinical chemistry, inflammatory, coagulation)",ctgov|NCT04363606|intervention_description|1|blood_biomarkers,trial:NCT04363606,intervention,intervention_description,,"complete blood count and [[cytokine]] concentration, TNF-alpha, LDL oxidized, AOPP, SOD, GPX, catalase, albumin, transthyretin, RBP, transferin, α-1 glycoprotein acide, ferritine, seleniu...",cytokine,529,seeded_random_30,"v2 (measurements.yaml + discovery.PATTERN_REVISIONS round 1, sha1 12e9f79f)"
2,blood_biomarkers,"Blood biomarkers (clinical chemistry, inflammatory, coagulation)",ctgov|NCT04841759|outcome_description|1017|blood_biomarkers,trial:NCT04841759,outcome_measure,outcome_description,secondary,"[[CRP]] (\< 0,5 mg/dl) is an ""acute phase protein"" which increases in infections (bacterial, less viral and fungi), inflammation, post-OP, malignant processe...",CRP,529,seeded_random_30,"v2 (measurements.yaml + discovery.PATTERN_REVISIONS round 1, sha1 12e9f79f)"
2,blood_biomarkers,"Blood biomarkers (clinical chemistry, inflammatory, coagulation)",ctgov|NCT05035628|outcome_description|1012|blood_biomarkers,trial:NCT05035628,outcome_measure,outcome_description,secondary,[[C-reactive protein]] (mg/L/L),C-reactive protein,529,seeded_random_30,"v2 (measurements.yaml + discovery.PATTERN_REVISIONS round 1, sha1 12e9f79f)"
2,blood_biomarkers,"Blood biomarkers (clinical chemistry, inflammatory, coagulation)",ctgov|NCT05363514|outcome_measure|1001|blood_biomarkers,trial:NCT05363514,outcome_measure,outcome_measure,secondary,[[Cytokine]]s,Cytokine,529,seeded_random_30,"v2 (measurements.yaml + discovery.PATTERN_REVISIONS round 1, sha1 12e9f79f)"
2,blood_biomarkers,"Blood biomarkers (clinical chemistry, inflammatory, coagulation)",ctgov|NCT05365607|outcome_measure|2012|blood_biomarkers,trial:NCT05365607,outcome_measure,outcome_measure,other,Change in [[C-Reactive Protein]],C-Reactive Protein,529,seeded_random_30,"v2 (measurements.yaml + discovery.PATTERN_REVISIONS round 1, sha1 12e9f79f)"
2,blood_biomarkers,"Blood biomarkers (clinical chemistry, inflammatory, coagulation)",ctgov|NCT05445830|intervention_description|2|blood_biomarkers,trial:NCT05445830,intervention,intervention_description,,"...s via multiple validated questionnaries and blood samples will be collected before, immediately after each exercise session to describe leukocyte and [[cytokine]] release as well as systemic metabolism. After a 48-hour rest period subjects will return to the laboratory for symptom assessment, submaximal exercis...",cytokine,529,seeded_random_30,"v2 (measurements.yaml + discovery.PATTERN_REVISIONS round 1, sha1 12e9f79f)"
2,blood_biomarkers,"Blood biomarkers (clinical chemistry, inflammatory, coagulation)",ctgov|NCT05531019|outcome_measure|1001|blood_biomarkers,trial:NCT05531019,outcome_measure,outcome_measure,secondary,"Change of [[D Dimer]] over time-points (baseline, 4 weeks, 12 weeks, 12 weeks) via blood sample.",D Dimer,529,seeded_random_30,"v2 (measurements.yaml + discovery.PATTERN_REVISIONS round 1, sha1 12e9f79f)"
2,blood_biomarkers,"Blood biomarkers (clinical chemistry, inflammatory, coagulation)",ctgov|NCT05630040|outcome_description|1048|blood_biomarkers,trial:NCT05630040,outcome_measure,outcome_description,secondary,Morning salivary [[cortisol]] levels: As a metric of sympathetic nervous system activation. Morning salivary cortisol levels evaluate changes in the body's waking hormone response...,cortisol,529,seeded_random_30,"v2 (measurements.yaml + discovery.PATTERN_REVISIONS round 1, sha1 12e9f79f)"
2,blood_biomarkers,"Blood biomarkers (clinical chemistry, inflammatory, coagulation)",ctgov|NCT05664711|outcome_measure|2001|blood_biomarkers,trial:NCT05664711,outcome_measure,outcome_measure,other,Change in Salivary [[Cortisol]] Upon Awakening at 2 Months,Cortisol,529,seeded_random_30,"v2 (measurements.yaml + discovery.PATTERN_REVISIONS round 1, sha1 12e9f79f)"
2,blood_biomarkers,"Blood biomarkers (clinical chemistry, inflammatory, coagulation)",ctgov|NCT05823896|outcome_description|1014|blood_biomarkers,trial:NCT05823896,outcome_measure,outcome_description,secondary,"The effect of oral administration of nirmatrelvir/ritonavir on [[plasma biomarkers]]. Change from baseline in the following plasma biomarkers: D-dimer, CRP, ESR, ferritin, NTproBNP and LD.",plasma biomarkers,529,seeded_random_30,"v2 (measurements.yaml + discovery.PATTERN_REVISIONS round 1, sha1 12e9f79f)"
2,blood_biomarkers,"Blood biomarkers (clinical chemistry, inflammatory, coagulation)",ctgov|NCT05848518|outcome_description|24|blood_biomarkers,trial:NCT05848518,outcome_measure,outcome_description,primary,[[Interleukin]] 6 and 10 (IL-6 and IL-10) in ng/mL,Interleukin,529,seeded_random_30,"v2 (measurements.yaml + discovery.PATTERN_REVISIONS round 1, sha1 12e9f79f)"
2,blood_biomarkers,"Blood biomarkers (clinical chemistry, inflammatory, coagulation)",ctgov|NCT05999435|outcome_measure|2009|blood_biomarkers,trial:NCT05999435,outcome_measure,outcome_measure,other,Changes Relative to Baseline (Percent Change) of Systemic [[Biomarkers of Inflammation]] and Immunologic Function,Biomarkers of Inflammation,529,seeded_random_30,"v2 (measurements.yaml + discovery.PATTERN_REVISIONS round 1, sha1 12e9f79f)"
2,blood_biomarkers,"Blood biomarkers (clinical chemistry, inflammatory, coagulation)",ctgov|NCT06064838|outcome_measure|1|blood_biomarkers,trial:NCT06064838,outcome_measure,outcome_measure,primary,[[Interleukin]]-6,Interleukin,529,seeded_random_30,"v2 (measurements.yaml + discovery.PATTERN_REVISIONS round 1, sha1 12e9f79f)"
2,blood_biomarkers,"Blood biomarkers (clinical chemistry, inflammatory, coagulation)",ctgov|NCT06188663|brief_summary|-1|blood_biomarkers,trial:NCT06188663,abstract,brief_summary,,"... preliminary estimates of the effect of high salt intake on disease-specific quality of life, orthostatic blood pressure (BP) parameters, and cardiac [[blood biomarkers]]. Design: Phase IIa, parallel, double-blind, randomised controlled, single centre clinical trial of 12 month follow-up duration. Population: Older a...",blood biomarkers,529,seeded_random_30,"v2 (measurements.yaml + discovery.PATTERN_REVISIONS round 1, sha1 12e9f79f)"
2,blood_biomarkers,"Blood biomarkers (clinical chemistry, inflammatory, coagulation)",ctgov|NCT06204458|outcome_measure|2009|blood_biomarkers,trial:NCT06204458,outcome_measure,outcome_measure,other,[[Cytokine]] panel,Cytokine,529,seeded_random_30,"v2 (measurements.yaml + discovery.PATTERN_REVISIONS round 1, sha1 12e9f79f)"
2,blood_biomarkers,"Blood biomarkers (clinical chemistry, inflammatory, coagulation)",ctgov|NCT06204458|outcome_measure|2010|blood_biomarkers,trial:NCT06204458,outcome_measure,outcome_measure,other,[[Cytokine]] panel,Cytokine,529,seeded_random_30,"v2 (measurements.yaml + discovery.PATTERN_REVISIONS round 1, sha1 12e9f79f)"
2,blood_biomarkers,"Blood biomarkers (clinical chemistry, inflammatory, coagulation)",ctgov|NCT06211062|outcome_measure|3|blood_biomarkers,trial:NCT06211062,outcome_measure,outcome_measure,primary,"The pro-inflammatory [[cytokine]]s level e.g. IL-1, IL-6, and TNF-α",cytokine,529,seeded_random_30,"v2 (measurements.yaml + discovery.PATTERN_REVISIONS round 1, sha1 12e9f79f)"
2,blood_biomarkers,"Blood biomarkers (clinical chemistry, inflammatory, coagulation)",ctgov|NCT06279936|intervention_description|3|blood_biomarkers,trial:NCT06279936,intervention,intervention_description,,"Salivary [[cortisol]] measures will be used as functional measure of the HPA axis activity, as the unbound cortisol fraction in saliva is highly correlated to plasma corti...",cortisol,529,seeded_random_30,"v2 (measurements.yaml + discovery.PATTERN_REVISIONS round 1, sha1 12e9f79f)"
2,blood_biomarkers,"Blood biomarkers (clinical chemistry, inflammatory, coagulation)",ctgov|NCT06294756|brief_summary|-1|blood_biomarkers,trial:NCT06294756,abstract,brief_summary,,"...ntrol, pilot trial is to evaluate the effects of active sulfurous (STW) versus placebo (SDW) inhalations on blood test parameters, serum inflammatory [[cytokine]]s, spirometry data, as well as qualitative and quantitative changes in the nasal microbiome of subjects affected by long Covid. The main questions it...",cytokine,529,seeded_random_30,"v2 (measurements.yaml + discovery.PATTERN_REVISIONS round 1, sha1 12e9f79f)"
2,blood_biomarkers,"Blood biomarkers (clinical chemistry, inflammatory, coagulation)",ctgov|NCT06394921|outcome_measure|1001|blood_biomarkers,trial:NCT06394921,outcome_measure,outcome_measure,secondary,[[Blood biomarkers]] of Inflammation- IL-1,Blood biomarkers,529,seeded_random_30,"v2 (measurements.yaml + discovery.PATTERN_REVISIONS round 1, sha1 12e9f79f)"
2,blood_biomarkers,"Blood biomarkers (clinical chemistry, inflammatory, coagulation)",ctgov|NCT06952413|outcome_measure|1016|blood_biomarkers,trial:NCT06952413,outcome_measure,outcome_measure,secondary,[[Immune biomarker]] analysis (anti-autonomic receptor antibody analysis),Immune biomarker,529,seeded_random_30,"v2 (measurements.yaml + discovery.PATTERN_REVISIONS round 1, sha1 12e9f79f)"
2,blood_biomarkers,"Blood biomarkers (clinical chemistry, inflammatory, coagulation)",ctgov|NCT06992401|outcome_measure|1002|blood_biomarkers,trial:NCT06992401,outcome_measure,outcome_measure,secondary,Change in Additional [[Cytokine]]s and Inflammatory Markers,Cytokine,529,seeded_random_30,"v2 (measurements.yaml + discovery.PATTERN_REVISIONS round 1, sha1 12e9f79f)"
2,blood_biomarkers,"Blood biomarkers (clinical chemistry, inflammatory, coagulation)",ctgov|NCT07285707|outcome_measure|1005|blood_biomarkers,trial:NCT07285707,outcome_measure,outcome_measure,secondary,Change in [[Laboratory Biomarkers]] - Complete blood count,Laboratory Biomarkers,529,seeded_random_30,"v2 (measurements.yaml + discovery.PATTERN_REVISIONS round 1, sha1 12e9f79f)"
2,blood_biomarkers,"Blood biomarkers (clinical chemistry, inflammatory, coagulation)",ctgov|NCT07356570|outcome_measure|1003|blood_biomarkers,trial:NCT07356570,outcome_measure,outcome_measure,secondary,Association between clinical clusters and [[serum biomarker]] panel at Day 0 (standardized mean differences and multivariable models),serum biomarker,529,seeded_random_30,"v2 (measurements.yaml + discovery.PATTERN_REVISIONS round 1, sha1 12e9f79f)"
2,blood_biomarkers,"Blood biomarkers (clinical chemistry, inflammatory, coagulation)",ctgov|NCT07653009|outcome_description|1011|blood_biomarkers,trial:NCT07653009,outcome_measure,outcome_description,secondary,Inflammatory activity will be evaluated by measuring serum [[C-reactive protein]] (CRP) levels. Higher values indicate greater systemic inflammation.,C-reactive protein,529,seeded_random_30,"v2 (measurements.yaml + discovery.PATTERN_REVISIONS round 1, sha1 12e9f79f)"
2,blood_biomarkers,"Blood biomarkers (clinical chemistry, inflammatory, coagulation)",nih|11356275|abstract_text|-1|blood_biomarkers,nih:11356275,abstract,abstract_text,,"...tion across diverse genetic forms of human PMD through comprehensive immunophenotyping and functional assessment using single-cell RNA sequencing and [[cytokine]] profiling of patient peripheral blood mononuclear cells at baseline and post-stimulation. Further, moving beyond correlation, we will determine if mi...",cytokine,529,seeded_random_30,"v2 (measurements.yaml + discovery.PATTERN_REVISIONS round 1, sha1 12e9f79f)"
2,blood_biomarkers,"Blood biomarkers (clinical chemistry, inflammatory, coagulation)",nih|9111929|abstract_text|-1|blood_biomarkers,nih:9111929,abstract,abstract_text,,"...nse to graded simulated orthostatic stress using lower body negative pressure. We also showed that hypoglycemia increases circulating aldosterone and [[interleukin]]-6 (IL-6) levels. Aldosterone and IL-6 are proinflammatory, cause vascular injury and are implicated in the pathophysiology of cardiovascular disease....",interleukin,529,seeded_random_30,"v2 (measurements.yaml + discovery.PATTERN_REVISIONS round 1, sha1 12e9f79f)"
2,blood_biomarkers,"Blood biomarkers (clinical chemistry, inflammatory, coagulation)",nih|9429029|abstract_text|-1|blood_biomarkers,nih:9429029,abstract,abstract_text,,"...hanisms. By viewing the daily fatigue variability as an important signal, and collecting blood samples daily, we have identified a small set of serum [[cytokine]]s that are strongly correlated with changes in ME/CFS 1fatigue. In this proposed study, we plan to confirm our preliminary findings of immune-fatigue ...",cytokine,529,seeded_random_30,"v2 (measurements.yaml + discovery.PATTERN_REVISIONS round 1, sha1 12e9f79f)"
2,continuous_spo2,Continuous / overnight pulse oximetry,ctgov|NCT04736732|outcome_description|1007|continuous_spo2,trial:NCT04736732,outcome_measure,outcome_description,secondary,Any change in physical activity and/or exercise tolerance as measured by actimeter reading or 6-minute walk test (6MWT) with [[ambulatory oximet]]ry,ambulatory oximet,10,census,"v2 (measurements.yaml + discovery.PATTERN_REVISIONS round 1, sha1 12e9f79f)"
2,continuous_spo2,Continuous / overnight pulse oximetry,ctgov|NCT04736732|outcome_measure|1007|continuous_spo2,trial:NCT04736732,outcome_measure,outcome_measure,secondary,Any change in physical activity and/or exercise tolerance as measured by actimeter reading or 6-minute walk test (6MWT) with [[ambulatory oximet]]ry,ambulatory oximet,10,census,"v2 (measurements.yaml + discovery.PATTERN_REVISIONS round 1, sha1 12e9f79f)"
2,continuous_spo2,Continuous / overnight pulse oximetry,ctgov|NCT04886414|intervention_description|1|continuous_spo2,trial:NCT04886414,intervention,intervention_description,,[[Oxygen saturation will be monitored]] and recorded at regular intervals.,Oxygen saturation will be monitored,10,census,"v2 (measurements.yaml + discovery.PATTERN_REVISIONS round 1, sha1 12e9f79f)"
2,continuous_spo2,Continuous / overnight pulse oximetry,ctgov|NCT05094622|outcome_description|1006|continuous_spo2,trial:NCT05094622,outcome_measure,outcome_description,secondary,Change in the highest heart rate measured in beats per minute with [[pulse oximeter during 6 minute]] walk test,pulse oximeter during 6 minute,10,census,"v2 (measurements.yaml + discovery.PATTERN_REVISIONS round 1, sha1 12e9f79f)"
2,continuous_spo2,Continuous / overnight pulse oximetry,ctgov|NCT05094622|outcome_measure|1001|continuous_spo2,trial:NCT05094622,outcome_measure,outcome_measure,secondary,[[Change in oxygen saturation during]] 6 minute walk test,Change in oxygen saturation during,10,census,"v2 (measurements.yaml + discovery.PATTERN_REVISIONS round 1, sha1 12e9f79f)"
2,continuous_spo2,Continuous / overnight pulse oximetry,ctgov|NCT05298878|outcome_description|1000|continuous_spo2,trial:NCT05298878,outcome_measure,outcome_description,secondary,"...sit-to-stand test (1-min STS) is feasible to use in hospital survivors of COVID-19. It is used to assess lower body-strength, exercise tolerance, and [[exertional desaturation]]. The score is the total number of stands within one minute.",exertional desaturation,10,census,"v2 (measurements.yaml + discovery.PATTERN_REVISIONS round 1, sha1 12e9f79f)"
2,continuous_spo2,Continuous / overnight pulse oximetry,ctgov|NCT05877534|outcome_description|1001|continuous_spo2,trial:NCT05877534,outcome_measure,outcome_description,secondary,Change in the lowest oxygen saturation level measured in percentage (%) with [[pulse oximetry during 6 minute]] walk test,pulse oximetry during 6 minute,10,census,"v2 (measurements.yaml + discovery.PATTERN_REVISIONS round 1, sha1 12e9f79f)"
2,continuous_spo2,Continuous / overnight pulse oximetry,ctgov|NCT05877534|outcome_measure|1001|continuous_spo2,trial:NCT05877534,outcome_measure,outcome_measure,secondary,[[Change in oxygen saturation during]] 6 minute walk test,Change in oxygen saturation during,10,census,"v2 (measurements.yaml + discovery.PATTERN_REVISIONS round 1, sha1 12e9f79f)"
2,continuous_spo2,Continuous / overnight pulse oximetry,ctgov|NCT05877534|outcome_measure|1013|continuous_spo2,trial:NCT05877534,outcome_measure,outcome_measure,secondary,[[Change in oxygen saturation during]] Active standing test,Change in oxygen saturation during,10,census,"v2 (measurements.yaml + discovery.PATTERN_REVISIONS round 1, sha1 12e9f79f)"
2,continuous_spo2,Continuous / overnight pulse oximetry,ctgov|NCT06091280|outcome_description|5|continuous_spo2,trial:NCT06091280,outcome_measure,outcome_description,primary,...c Society Procedure: 50-meter distance is marked. Participant walks as quickly as possible for 6 minutes. Results recorded in meters. Vital signs and [[oxygen saturation monitored]] and recorded.,oxygen saturation monitored,10,census,"v2 (measurements.yaml + discovery.PATTERN_REVISIONS round 1, sha1 12e9f79f)"
2,continuous_temperature,Continuous skin/core temperature,,,,,,,,0,no_mentions,"v2 (measurements.yaml + discovery.PATTERN_REVISIONS round 1, sha1 12e9f79f)"
2,digital_gait,Digital gait / mobility analysis,ctgov|NCT05027724|outcome_measure|3|digital_gait,trial:NCT05027724,outcome_measure,outcome_measure,primary,Gait assessment via [[Gaitrite]]™ system,Gaitrite,6,census,"v2 (measurements.yaml + discovery.PATTERN_REVISIONS round 1, sha1 12e9f79f)"
2,digital_gait,Digital gait / mobility analysis,ctgov|NCT05074771|intervention_description|0|digital_gait,trial:NCT05074771,intervention,intervention_description,,"ARC is a system that allows home motor and respiratory rehabilitation. The system includes 5 [[inertial measurement unit]]s for limbs and neck, a tablet with a dedicated app installed, to acquire and monitor the exercises performed by the patient in his/her daily rehab ac...",inertial measurement unit,6,census,"v2 (measurements.yaml + discovery.PATTERN_REVISIONS round 1, sha1 12e9f79f)"
2,digital_gait,Digital gait / mobility analysis,ctgov|NCT06165978|outcome_description|0|digital_gait,trial:NCT06165978,outcome_measure,outcome_description,primary,Patients will wear an [[inertial measurement unit]] (a three-axial accelerometer and three-axial gyroscope) for one week. A valid assessment will require a minimum of four days with at least 8 hours of...,inertial measurement unit,6,census,"v2 (measurements.yaml + discovery.PATTERN_REVISIONS round 1, sha1 12e9f79f)"
2,digital_gait,Digital gait / mobility analysis,ctgov|NCT06165978|outcome_description|1|digital_gait,trial:NCT06165978,outcome_measure,outcome_description,primary,Patients will wear an [[inertial measurement unit]] (a three-axial accelerometer and three-axial gyroscope) for one week. A valid assessment will require a minimum of four days with at least 8 hours of...,inertial measurement unit,6,census,"v2 (measurements.yaml + discovery.PATTERN_REVISIONS round 1, sha1 12e9f79f)"
2,digital_gait,Digital gait / mobility analysis,ctgov|NCT06165978|outcome_description|3|digital_gait,trial:NCT06165978,outcome_measure,outcome_description,primary,Patients will wear an [[inertial measurement unit]] (a three-axial accelerometer and three-axial gyroscope) for one week. A valid assessment will require a minimum of four days with at least 8 hours of...,inertial measurement unit,6,census,"v2 (measurements.yaml + discovery.PATTERN_REVISIONS round 1, sha1 12e9f79f)"
2,digital_gait,Digital gait / mobility analysis,ctgov|NCT07621068|outcome_description|1007|digital_gait,trial:NCT07621068,outcome_measure,outcome_description,secondary,"...arable EEG headband (Muse S) paired with a mobile application. Multi-channel EEG will be recorded from frontal and temporal locations, together with [[inertial sensor]]s to capture movement and head position. Primary sleep EEG outcomes will include validated sleep-wake classification and sleep staging metrics (perce...",inertial sensor,6,census,"v2 (measurements.yaml + discovery.PATTERN_REVISIONS round 1, sha1 12e9f79f)"
2,ecg_ambulatory,ECG (ambulatory/wearable/patch),ctgov|NCT02018497|outcome_description|1002|ecg_ambulatory,trial:NCT02018497,outcome_measure,outcome_description,secondary,"...variables: Fasting glucose, 2 hs postprandial plasma glucose, insulin plasma levels, HOMA, total cholesterol, LDL, HDL, triglycerides; thyrotropine, [[Holter]] variables: HR, standard deviation of NN intervals (SDNN) and sympathovagal balance, at day, night and 24 hs. ABPM: Systolic, diastolic, and heart ra...",Holter,59,seeded_random_30,"v2 (measurements.yaml + discovery.PATTERN_REVISIONS round 1, sha1 12e9f79f)"
2,ecg_ambulatory,ECG (ambulatory/wearable/patch),ctgov|NCT02018497|outcome_description|2008|ecg_ambulatory,trial:NCT02018497,outcome_measure,outcome_description,other,"...pic incompetence is also a manifestation. Absence of medications with effects on the heart rate (HR) must be ruled out. Variables 1. HR at the ECG, [[Holter]] monitoring, stress text, and at the physical examination previous to pacemaker implantation, 2. Electrophysiological study (EPS): Basic cycle length,...",Holter,59,seeded_random_30,"v2 (measurements.yaml + discovery.PATTERN_REVISIONS round 1, sha1 12e9f79f)"
2,ecg_ambulatory,ECG (ambulatory/wearable/patch),ctgov|NCT03137537|outcome_description|0|ecg_ambulatory,trial:NCT03137537,outcome_measure,outcome_description,primary,Calculate the change in resting HR (from [[Holter]] monitor data) from baseline to 6 weeks for each patient in the study. Then compare the median change with ivabradine to the median change with placeb...,Holter,59,seeded_random_30,"v2 (measurements.yaml + discovery.PATTERN_REVISIONS round 1, sha1 12e9f79f)"
2,ecg_ambulatory,ECG (ambulatory/wearable/patch),ctgov|NCT03515122|outcome_measure|1041|ecg_ambulatory,trial:NCT03515122,outcome_measure,outcome_measure,secondary,[[24-hour Holter]]-ECG,24-hour Holter,59,seeded_random_30,"v2 (measurements.yaml + discovery.PATTERN_REVISIONS round 1, sha1 12e9f79f)"
2,ecg_ambulatory,ECG (ambulatory/wearable/patch),ctgov|NCT03717207|brief_summary|-1|ecg_ambulatory,trial:NCT03717207,abstract,brief_summary,,"... not receive the SGLT2-I therapy (n 2195), and affectede by vaso vagal syncope. All enrolled patients were in stable sinus rate before to perform ECG [[Holter]], and the Head Up Tilt Test (HUT). However, before to perform the HUT all patients performed a 24 hours ECG Holter, to asses sinus rhythm , heart rate...",Holter,59,seeded_random_30,"v2 (measurements.yaml + discovery.PATTERN_REVISIONS round 1, sha1 12e9f79f)"
2,ecg_ambulatory,ECG (ambulatory/wearable/patch),ctgov|NCT03717207|intervention_name|0|ecg_ambulatory,trial:NCT03717207,intervention,intervention_name,,"ecg [[Holter]],",Holter,59,seeded_random_30,"v2 (measurements.yaml + discovery.PATTERN_REVISIONS round 1, sha1 12e9f79f)"
2,ecg_ambulatory,ECG (ambulatory/wearable/patch),ctgov|NCT04374045|intervention_description|0|ecg_ambulatory,trial:NCT04374045,intervention,intervention_description,,Patient will have a ECG-[[Holter]] recording during all their hospitalization.,Holter,59,seeded_random_30,"v2 (measurements.yaml + discovery.PATTERN_REVISIONS round 1, sha1 12e9f79f)"
2,ecg_ambulatory,ECG (ambulatory/wearable/patch),ctgov|NCT04374045|intervention_name|0|ecg_ambulatory,trial:NCT04374045,intervention,intervention_name,,ECG-[[Holter]],Holter,59,seeded_random_30,"v2 (measurements.yaml + discovery.PATTERN_REVISIONS round 1, sha1 12e9f79f)"
2,ecg_ambulatory,ECG (ambulatory/wearable/patch),ctgov|NCT04374045|outcome_measure|1000|ecg_ambulatory,trial:NCT04374045,outcome_measure,outcome_measure,secondary,"Analyse the other mathematical indices measuring autonomic balance, obtained by [[Holter]]-ECG recording over the first 24 hours and throughout their hospitalisation, in search of possible dysautonomia",Holter,59,seeded_random_30,"v2 (measurements.yaml + discovery.PATTERN_REVISIONS round 1, sha1 12e9f79f)"
2,ecg_ambulatory,ECG (ambulatory/wearable/patch),ctgov|NCT04987853|intervention_description|0|ecg_ambulatory,trial:NCT04987853,intervention,intervention_description,,"...and IgM antibodies to SARS-CoV-2 coronavirus (COVID-19) in blood serum, RBD; Functional diagnostics • ECG * EchoCG + strain * CT scan of the lungs * [[Holter]] * SMAD * Kidney ultrasound * Ultrasound * Doppler ultrasonography of veins and arteries * Chalder Scale, EQ Questionnaire",Holter,59,seeded_random_30,"v2 (measurements.yaml + discovery.PATTERN_REVISIONS round 1, sha1 12e9f79f)"
2,ecg_ambulatory,ECG (ambulatory/wearable/patch),ctgov|NCT05228665|outcome_description|1000|ecg_ambulatory,trial:NCT05228665,outcome_measure,outcome_description,secondary,"...h will collect HRV data whilst sleeping each night, thus collecting 6 weeks of consecutive nocturnal HRV data. In addition they will wear a Polar H10 [[chest strap]] for 10 minutes twice daily whilst performing breathing exercises to collect frequent short-term HRV data. For both data sets an increase in HRV is ex...",chest strap,59,seeded_random_30,"v2 (measurements.yaml + discovery.PATTERN_REVISIONS round 1, sha1 12e9f79f)"
2,ecg_ambulatory,ECG (ambulatory/wearable/patch),ctgov|NCT05622669|brief_summary|-1|ecg_ambulatory,trial:NCT05622669,abstract,brief_summary,,"...riences of fatigue in detail in individuals with myeloma, long COVID, heart failure, and in healthy controls without fatigue. Participants will wear [[ECG patch]]es and wrist-worn sensors that measure heart rate variability, activity levels, posture, and other parameters. They will self-rate their levels of fat...",ECG patch,59,seeded_random_30,"v2 (measurements.yaml + discovery.PATTERN_REVISIONS round 1, sha1 12e9f79f)"
2,ecg_ambulatory,ECG (ambulatory/wearable/patch),ctgov|NCT05713266|intervention_description|0|ecg_ambulatory,trial:NCT05713266,intervention,intervention_description,,"...ol that measures multiple clinically meaningful parameters such as temperature, blood pressure, heart rate, heart rate variability, pulse rate, SpO2, [[single-lead ECG]], respiratory rate, breathing pattern, and basic lung functions in 60 seconds.",single-lead ECG,59,seeded_random_30,"v2 (measurements.yaml + discovery.PATTERN_REVISIONS round 1, sha1 12e9f79f)"
2,ecg_ambulatory,ECG (ambulatory/wearable/patch),ctgov|NCT05756452|intervention_description|0|ecg_ambulatory,trial:NCT05756452,intervention,intervention_description,,"All partecipants will undergo a global echocardiographic evaluation, a [[24-hour ECG]] Holter recording to assess HRV and blood samples collection for neurotransmitter measurements, platelet activation and reactivity evaluation and infl...",24-hour ECG,59,seeded_random_30,"v2 (measurements.yaml + discovery.PATTERN_REVISIONS round 1, sha1 12e9f79f)"
2,ecg_ambulatory,ECG (ambulatory/wearable/patch),ctgov|NCT05756452|outcome_description|1|ecg_ambulatory,trial:NCT05756452,outcome_measure,outcome_description,primary,"...ameters ACS patients without obtructive CAD. It is important to group several exams: sample blood, transthoracic Doppler echocardiography (TTDE) and [[24-hour Holter]] ECG recording.",24-hour Holter,59,seeded_random_30,"v2 (measurements.yaml + discovery.PATTERN_REVISIONS round 1, sha1 12e9f79f)"
2,ecg_ambulatory,ECG (ambulatory/wearable/patch),ctgov|NCT05807555|intervention_name|0|ecg_ambulatory,trial:NCT05807555,intervention,intervention_name,,[[Ambulatory ECG]],Ambulatory ECG,59,seeded_random_30,"v2 (measurements.yaml + discovery.PATTERN_REVISIONS round 1, sha1 12e9f79f)"
2,ecg_ambulatory,ECG (ambulatory/wearable/patch),ctgov|NCT06170645|outcome_description|1006|ecg_ambulatory,trial:NCT06170645,outcome_measure,outcome_description,secondary,"The autonomic balance (sympathetic/parasympathetic) will be analysed by measuring the LF/HF ratio on the basis of a nocturnal [[Holter]] ECG recording (Novacor, Paris, France).",Holter,59,seeded_random_30,"v2 (measurements.yaml + discovery.PATTERN_REVISIONS round 1, sha1 12e9f79f)"
2,ecg_ambulatory,ECG (ambulatory/wearable/patch),ctgov|NCT06404411|outcome_description|1007|ecg_ambulatory,trial:NCT06404411,outcome_measure,outcome_description,secondary,"Data were captured for each subject at baseline, after 12 weeks of exercise intervention, using an [[ambulatory electrocardiogram]] for 24 hours continuously. Each phase was worn once, for a continuous 24-hour period.",ambulatory electrocardiogram,59,seeded_random_30,"v2 (measurements.yaml + discovery.PATTERN_REVISIONS round 1, sha1 12e9f79f)"
2,ecg_ambulatory,ECG (ambulatory/wearable/patch),ctgov|NCT06432270|outcome_description|1003|ecg_ambulatory,trial:NCT06432270,outcome_measure,outcome_description,secondary,"using [[24-hour Holter]] ECG to collect HRV data from 12 hours before surgery to induction (first administration of medication), and from the time the patients left the recov...",24-hour Holter,59,seeded_random_30,"v2 (measurements.yaml + discovery.PATTERN_REVISIONS round 1, sha1 12e9f79f)"
2,ecg_ambulatory,ECG (ambulatory/wearable/patch),ctgov|NCT06798259|outcome_description|1000|ecg_ambulatory,trial:NCT06798259,outcome_measure,outcome_description,secondary,Cardiovascular is done using [[Holter]] monitoring and table tilt est,Holter,59,seeded_random_30,"v2 (measurements.yaml + discovery.PATTERN_REVISIONS round 1, sha1 12e9f79f)"
2,ecg_ambulatory,ECG (ambulatory/wearable/patch),ctgov|NCT07775976|brief_summary|-1|ecg_ambulatory,trial:NCT07775976,abstract,brief_summary,,Cor360 is an observational study evaluating whether extended [[wearable electrocardiogram]] (ECG) data can support broad-spectrum cardiac phenotyping and risk assessment beyond conventional single-purpose ambulatory rhythm monitoring. The st...,wearable electrocardiogram,59,seeded_random_30,"v2 (measurements.yaml + discovery.PATTERN_REVISIONS round 1, sha1 12e9f79f)"
2,ecg_ambulatory,ECG (ambulatory/wearable/patch),ctgov|NCT07775976|brief_title|-1|ecg_ambulatory,trial:NCT07775976,abstract,brief_title,,Cor360: Clinician-Facing Broad-Spectrum Cardiac Phenotyping and Risk Assessment Using COR® [[Wearable ECG]] to Inform Outcomes-Oriented Care Pathways,Wearable ECG,59,seeded_random_30,"v2 (measurements.yaml + discovery.PATTERN_REVISIONS round 1, sha1 12e9f79f)"
2,ecg_ambulatory,ECG (ambulatory/wearable/patch),ctgov|NCT07775976|intervention_description|1|ecg_ambulatory,trial:NCT07775976,intervention,intervention_description,,"Clinician-facing Cor360 analysis of eligible COR [[wearable ECG]] data to generate structured multidomain cardiac phenotyping, risk-assessment, and care-pathway information for review by qualified clinicians. Cor360...",wearable ECG,59,seeded_random_30,"v2 (measurements.yaml + discovery.PATTERN_REVISIONS round 1, sha1 12e9f79f)"
2,ecg_ambulatory,ECG (ambulatory/wearable/patch),ctgov|NCT07775976|intervention_other_names|0|ecg_ambulatory,trial:NCT07775976,intervention,intervention_other_names,,COR [[Wearable ECG]] Monitoring (Cor XT and Cor MDx),Wearable ECG,59,seeded_random_30,"v2 (measurements.yaml + discovery.PATTERN_REVISIONS round 1, sha1 12e9f79f)"
2,ecg_ambulatory,ECG (ambulatory/wearable/patch),ctgov|NCT07775976|official_title|-1|ecg_ambulatory,trial:NCT07775976,abstract,official_title,,Cor360: Clinician-Facing Broad-Spectrum Cardiac Phenotyping and Risk Assessment Using COR® [[Wearable ECG]] to Inform Outcomes-Oriented Care Pathways,Wearable ECG,59,seeded_random_30,"v2 (measurements.yaml + discovery.PATTERN_REVISIONS round 1, sha1 12e9f79f)"
2,ecg_ambulatory,ECG (ambulatory/wearable/patch),ctgov|NCT07775976|outcome_description|1001|ecg_ambulatory,trial:NCT07775976,outcome_measure,outcome_description,secondary,"...linical reference information, standard-of-care diagnostic results, or blinded expert review. Reference information may include 12-lead ECG, standard [[Holter]] or ambulatory ECG, echocardiography, MRI or CT imaging, laboratory results, sleep testing, clinical diagnosis, adjudicated chart review, or expert-pa...",Holter,59,seeded_random_30,"v2 (measurements.yaml + discovery.PATTERN_REVISIONS round 1, sha1 12e9f79f)"
2,ecg_ambulatory,ECG (ambulatory/wearable/patch),nih|10867268|abstract_text|-1|ecg_ambulatory,nih:10867268,abstract,abstract_text,,"... to several minutes duration), which does not reflect real-world conditions due to the requirement of stationarity. Although wearable devices such as [[Zio]] XT Patch allow ECG recording of up to 14 days duration, methods used to analyze HRV and QTV are based on the stationarity assumption, resulting in me...",Zio,59,seeded_random_30,"v2 (measurements.yaml + discovery.PATTERN_REVISIONS round 1, sha1 12e9f79f)"
2,ecg_ambulatory,ECG (ambulatory/wearable/patch),nih|11244251|abstract_text|-1|ecg_ambulatory,nih:11244251,abstract,abstract_text,,"...an and rural Uganda. To achieve these aims, the study will deploy personal air pollution monitoring devices and home-based polysomnography, including [[single-lead ECG]] tracings, to collect granular data on PM2.5 exposure, SDB severity, and ECG biomarkers (e.g., QTVI). We hypothesize that elevated PM2.5 exposure will...",single-lead ECG,59,seeded_random_30,"v2 (measurements.yaml + discovery.PATTERN_REVISIONS round 1, sha1 12e9f79f)"
2,ecg_ambulatory,ECG (ambulatory/wearable/patch),nih|11244251|public_health_relevance|-1|ecg_ambulatory,nih:11244251,abstract,public_health_relevance,,"...eep-disordered breathing and cardiac repolarization lability, focusing on resource-limited settings. Using home-based polysomnography, which includes [[single-lead electrocardiography]] tracings, and personal air pollution monitoring in Uganda, we aim to uncover mechanisms linking air pollution to sleep disorder breathing and sudden ...",single-lead electrocardiography,59,seeded_random_30,"v2 (measurements.yaml + discovery.PATTERN_REVISIONS round 1, sha1 12e9f79f)"
2,ecg_ambulatory,ECG (ambulatory/wearable/patch),nih|11454543|abstract_text|-1|ecg_ambulatory,nih:11454543,abstract,abstract_text,,"...mic nervous system dysfunction will be evaluated with cardiovagal and exercise testing, infrared thermography, sensory testing, and 7 days of remote, [[continuous cardiac monitoring]]. Cardiovascular health will be evaluated with ultrasound imaging of the common carotid, internal carotid, femoral, and popliteal arteries. Aim 1 will...",continuous cardiac monitoring,59,seeded_random_30,"v2 (measurements.yaml + discovery.PATTERN_REVISIONS round 1, sha1 12e9f79f)"
2,immune_assays,"Immune assays (autoantibodies, immune phenotyping)",ctgov|NCT02970240|outcome_measure|1002|immune_assays,trial:NCT02970240,outcome_measure,outcome_measure,secondary,[[Immunophenotyp]]ing,Immunophenotyp,108,seeded_random_30,"v2 (measurements.yaml + discovery.PATTERN_REVISIONS round 1, sha1 12e9f79f)"
2,immune_assays,"Immune assays (autoantibodies, immune phenotyping)",ctgov|NCT04927403|outcome_measure|1110|immune_assays,trial:NCT04927403,outcome_measure,outcome_measure,secondary,Post-COVID [[autoantibod]]y screening and T-cell activation assay (Elispot) of potentially reactivated latent pathogens,autoantibod,108,seeded_random_30,"v2 (measurements.yaml + discovery.PATTERN_REVISIONS round 1, sha1 12e9f79f)"
2,immune_assays,"Immune assays (autoantibodies, immune phenotyping)",ctgov|NCT05459506|brief_summary|-1|immune_assays,trial:NCT05459506,abstract,brief_summary,,"...nvaders (such as viruses), in this case, it is directed against elements of our own. The net result is autoimmunity, where the immune system produces [[autoantibod]]ies that cause damage to the body. This may lead to the development of chronic and serious diseases like lupus, rheumatoid arthritis, vasculitis, scle...",autoantibod,108,seeded_random_30,"v2 (measurements.yaml + discovery.PATTERN_REVISIONS round 1, sha1 12e9f79f)"
2,immune_assays,"Immune assays (autoantibodies, immune phenotyping)",ctgov|NCT05459506|outcome_description|0|immune_assays,trial:NCT05459506,outcome_measure,outcome_description,primary,Detection of [[autoantibod]]ies in PASC and a clinical diagnosis of an autoimmune condition over time .,autoantibod,108,seeded_random_30,"v2 (measurements.yaml + discovery.PATTERN_REVISIONS round 1, sha1 12e9f79f)"
2,immune_assays,"Immune assays (autoantibodies, immune phenotyping)",ctgov|NCT05543590|brief_summary|-1|immune_assays,trial:NCT05543590,abstract,brief_summary,,"...ecreasing blood levels of pro-inflammatory cytokines and/or autoimmune markers results in moderate to marked clinical improvement in various types of [[autoantibod]]y-associated inflammatory, autoimmune and neurological diseases. The goal of our study is to evaluate the effects of plasmapheresis in patients with ...",autoantibod,108,seeded_random_30,"v2 (measurements.yaml + discovery.PATTERN_REVISIONS round 1, sha1 12e9f79f)"
2,immune_assays,"Immune assays (autoantibodies, immune phenotyping)",ctgov|NCT05597800|outcome_description|2000|immune_assays,trial:NCT05597800,outcome_measure,outcome_description,other,"...LT, AST, albumin, PLTs, PT, bilirubin. In Cohort C, the exploratory analyses in Long Covid patients include protein C reactive (PCR), D-Dimer levels, [[lymphocyte subpopulation]]s (CD4+, CD8+, CD4/CD8, CD57+), interleukin 1, 6 and 8 and IFNy. Another exploratory objective is represented by the objective response rate (ORR) in...",lymphocyte subpopulation,108,seeded_random_30,"v2 (measurements.yaml + discovery.PATTERN_REVISIONS round 1, sha1 12e9f79f)"
2,immune_assays,"Immune assays (autoantibodies, immune phenotyping)",ctgov|NCT05911009|brief_summary|-1|immune_assays,trial:NCT05911009,abstract,brief_summary,,...ted nor supported with extracorporeal blood oxygenation (ECMO) during their acute COVID-19 infection. The study drug acts by neutralizing functional [[autoantibod]]ies directed against G-protein coupled receptors (GPCRs). Neutralization of the autoantibodies is expected to induce a beneficial effect on symptoms ...,autoantibod,108,seeded_random_30,"v2 (measurements.yaml + discovery.PATTERN_REVISIONS round 1, sha1 12e9f79f)"
2,immune_assays,"Immune assays (autoantibodies, immune phenotyping)",ctgov|NCT05911009|keywords|-1|immune_assays,trial:NCT05911009,abstract,keywords,,Long Covid | [[Autoantibod]]ies | Post-acute COVID-19 syndrome | BC 007 | PASC,Autoantibod,108,seeded_random_30,"v2 (measurements.yaml + discovery.PATTERN_REVISIONS round 1, sha1 12e9f79f)"
2,immune_assays,"Immune assays (autoantibodies, immune phenotyping)",ctgov|NCT05954325|brief_summary|-1|immune_assays,trial:NCT05954325,abstract,brief_summary,,"... response may be involved in the pathogenesis of post COVID syndrome. In uncontrolled case studies, an improvement of fatigue symptoms after removing [[autoantibod]]ies has been reported in post COVID patients. However, there is a lack of prospective, sham controlled studies. We initiate an interventional, randomi...",autoantibod,108,seeded_random_30,"v2 (measurements.yaml + discovery.PATTERN_REVISIONS round 1, sha1 12e9f79f)"
2,immune_assays,"Immune assays (autoantibodies, immune phenotyping)",ctgov|NCT06005246|outcome_description|1001|immune_assays,trial:NCT06005246,outcome_measure,outcome_description,secondary,"...ntification of diagnostic biomarkers, i.e., a single and/or a combination of which, indicative of post-infectious ME/CFS (e.g., inflammatory markers, [[autoantibod]]ies, EBV serology, EBV DNA load).",autoantibod,108,seeded_random_30,"v2 (measurements.yaml + discovery.PATTERN_REVISIONS round 1, sha1 12e9f79f)"
2,immune_assays,"Immune assays (autoantibodies, immune phenotyping)",ctgov|NCT06054958|outcome_description|1000|immune_assays,trial:NCT06054958,outcome_measure,outcome_description,secondary,Levels of [[Autoantibod]]ies at study visit,Autoantibod,108,seeded_random_30,"v2 (measurements.yaml + discovery.PATTERN_REVISIONS round 1, sha1 12e9f79f)"
2,immune_assays,"Immune assays (autoantibodies, immune phenotyping)",ctgov|NCT06074848|outcome_description|1004|immune_assays,trial:NCT06074848,outcome_measure,outcome_description,secondary,"...ture of peripheral blood mononuclear cells (PBMC), evaluation of oxidative stress, evaluation of adenine and purine LPS levels in plasma, analysis of [[immunophenotyp]]ing and apoptosis by flow cytometry, evaluation of expression of purinoreceptors, mitochondrial assays in monocytes and T lymphocytes, evaluation of t...",immunophenotyp,108,seeded_random_30,"v2 (measurements.yaml + discovery.PATTERN_REVISIONS round 1, sha1 12e9f79f)"
2,immune_assays,"Immune assays (autoantibodies, immune phenotyping)",ctgov|NCT06204458|outcome_description|2015|immune_assays,trial:NCT06204458,outcome_measure,outcome_description,other,"pathogens EBV, CMV, VZV, Pan-/Corona; analysis by [[Elispot]] method",Elispot,108,seeded_random_30,"v2 (measurements.yaml + discovery.PATTERN_REVISIONS round 1, sha1 12e9f79f)"
2,immune_assays,"Immune assays (autoantibodies, immune phenotyping)",ctgov|NCT06204458|outcome_measure|2013|immune_assays,trial:NCT06204458,outcome_measure,outcome_measure,other,post-Covid [[autoantibod]]ies,autoantibod,108,seeded_random_30,"v2 (measurements.yaml + discovery.PATTERN_REVISIONS round 1, sha1 12e9f79f)"
2,immune_assays,"Immune assays (autoantibodies, immune phenotyping)",ctgov|NCT06829836|outcome_measure|3|immune_assays,trial:NCT06829836,outcome_measure,outcome_measure,primary,[[Natural Killer Cell Cytotoxicity]],Natural Killer Cell Cytotoxicity,108,seeded_random_30,"v2 (measurements.yaml + discovery.PATTERN_REVISIONS round 1, sha1 12e9f79f)"
2,immune_assays,"Immune assays (autoantibodies, immune phenotyping)",ctgov|NCT06953661|outcome_description|1014|immune_assays,trial:NCT06953661,outcome_measure,outcome_description,secondary,Measure the change in adrenergic G-protein-coupled receptor [[autoantibod]]y concentrations from baseline to first and second follow up visits from stored serum samples.,autoantibod,108,seeded_random_30,"v2 (measurements.yaml + discovery.PATTERN_REVISIONS round 1, sha1 12e9f79f)"
2,immune_assays,"Immune assays (autoantibodies, immune phenotyping)",ctgov|NCT06953661|outcome_measure|1014|immune_assays,trial:NCT06953661,outcome_measure,outcome_measure,secondary,Adrenergic G-protein-coupled receptor [[autoantibod]]y activity,autoantibod,108,seeded_random_30,"v2 (measurements.yaml + discovery.PATTERN_REVISIONS round 1, sha1 12e9f79f)"
2,immune_assays,"Immune assays (autoantibodies, immune phenotyping)",ctgov|NCT07019519|outcome_description|1008|immune_assays,trial:NCT07019519,outcome_measure,outcome_description,secondary,"[[Autoantibod]]ies: Angiotensin-II-receptor-1 AT1R-ab, Endothelin-receptor-A ETAR-ab, Alpha1 adrenergic-receptor-ab, Alpha2 adrenergic-receptor-ab, Beta1 adrenergic...",Autoantibod,108,seeded_random_30,"v2 (measurements.yaml + discovery.PATTERN_REVISIONS round 1, sha1 12e9f79f)"
2,immune_assays,"Immune assays (autoantibodies, immune phenotyping)",ctgov|NCT07123727|outcome_measure|2001|immune_assays,trial:NCT07123727,outcome_measure,outcome_measure,other,Immunologic function of NK cells and CD8+ T cells as measured by [[Flow Cytometr]]y for Peripheral Blood Mononuclear Cell Evaluation and Secretome testing for analyzing cytokines for understanding the body's defenses from prior to N...,Flow Cytometr,108,seeded_random_30,"v2 (measurements.yaml + discovery.PATTERN_REVISIONS round 1, sha1 12e9f79f)"
2,immune_assays,"Immune assays (autoantibodies, immune phenotyping)",ctgov|NCT07163130|brief_summary|-1|immune_assays,trial:NCT07163130,abstract,brief_summary,,"...effects in humans. Recently, tVNS has been tested in experimental and human POTS, leading to improved autonomic function, reduction of anti-autonomic [[autoantibod]]ies and inflammatory cytokines. However, the exact patient characteristics that would identify a patient likely to respond to tVNS as well as further ...",autoantibod,108,seeded_random_30,"v2 (measurements.yaml + discovery.PATTERN_REVISIONS round 1, sha1 12e9f79f)"
2,immune_assays,"Immune assays (autoantibodies, immune phenotyping)",ctgov|NCT07197138|outcome_measure|2|immune_assays,trial:NCT07197138,outcome_measure,outcome_measure,primary,Change in [[immunophenotyp]]ic marker IL-1ß from baseline to post-treatment,immunophenotyp,108,seeded_random_30,"v2 (measurements.yaml + discovery.PATTERN_REVISIONS round 1, sha1 12e9f79f)"
2,immune_assays,"Immune assays (autoantibodies, immune phenotyping)",ctgov|NCT07724834|brief_summary|-1|immune_assays,trial:NCT07724834,abstract,brief_summary,,"...rch suggests that changes in the immune system may contribute to PAIS and ME/CFS in some patients. In particular, B cells (a type of immune cell) and [[autoantibod]]ies (antibodies that react with the body's own structures) may play a role. Previous studies of immunoadsorption, a procedure that removes antibodies ...",autoantibod,108,seeded_random_30,"v2 (measurements.yaml + discovery.PATTERN_REVISIONS round 1, sha1 12e9f79f)"
2,immune_assays,"Immune assays (autoantibodies, immune phenotyping)",ctgov|NCT07757620|outcome_description|2|immune_assays,trial:NCT07757620,outcome_measure,outcome_description,primary,"Frequency of circulating immune cell subsets will be measured by multiparameter [[flow cytometr]]y. Results will be expressed as the percentage (%) of the parent cell population. The analyses will include investigation of CD4+ T cells, CD8+ T cell...",flow cytometr,108,seeded_random_30,"v2 (measurements.yaml + discovery.PATTERN_REVISIONS round 1, sha1 12e9f79f)"
2,immune_assays,"Immune assays (autoantibodies, immune phenotyping)",nih|10554829|abstract_text|-1|immune_assays,nih:10554829,abstract,abstract_text,,"...strated that the pathogenesis of COVID-19 is characterized by overlapping TH1, TH2, and TH17 responses and the presence of diverse, disease-modifying [[autoantibod]]ies (AAB). The extent of recovery following acute SARS-CoV-2 infection is varied, with 14-35% of patients reporting persistent or new symptoms during ...",autoantibod,108,seeded_random_30,"v2 (measurements.yaml + discovery.PATTERN_REVISIONS round 1, sha1 12e9f79f)"
2,immune_assays,"Immune assays (autoantibodies, immune phenotyping)",nih|11044125|abstract_text|-1|immune_assays,nih:11044125,abstract,abstract_text,,"...ers like CTLA4 and 2B4 on CD8 T cells, and decreased production of IFN, TNF and CD107a/b upregulation following PMA stimulation, all suggesting CD8 [[T cell exhaustion]]. This was associated with a, perhaps compensatory increased frequency of activated CD4+CD8+ T cells in the ME/CFS donors as compared to healthy contr...",T cell exhaustion,108,seeded_random_30,"v2 (measurements.yaml + discovery.PATTERN_REVISIONS round 1, sha1 12e9f79f)"
2,immune_assays,"Immune assays (autoantibodies, immune phenotyping)",nih|11168261|abstract_text|-1|immune_assays,nih:11168261,abstract,abstract_text,,"... including microglial activation, cytokine responses in the CNS, and B cell maturation, it is important to determine the mechanisms and timing of CD4 [[T cell activation]] and the nature of the underlying antigens that are specifically active in MSA. CD4 T cell activation is likely to involve CNS resident macrophages, w...",T cell activation,108,seeded_random_30,"v2 (measurements.yaml + discovery.PATTERN_REVISIONS round 1, sha1 12e9f79f)"
2,immune_assays,"Immune assays (autoantibodies, immune phenotyping)",nih|11361545|abstract_text|-1|immune_assays,nih:11361545,abstract,abstract_text,,"...g, and that vaccines induce unique, protective T cells that are not found in the convalescent repertoire. These studies will also identify key helper [[T cell phenotyp]]es for mounting robust humoral and cellular responses to natural infection and vaccine. These signatures will also be correlated with innate immune si...",T cell phenotyp,108,seeded_random_30,"v2 (measurements.yaml + discovery.PATTERN_REVISIONS round 1, sha1 12e9f79f)"
2,immune_assays,"Immune assays (autoantibodies, immune phenotyping)",nih|11403408|abstract_text|-1|immune_assays,nih:11403408,abstract,abstract_text,,"...o became infected, 16 had provided 1-2 additional blood samples post-infection. We assessed B-cell responses to SARS-CoV-2 spike proteins by spectral [[flow cytometr]]y, as well as antibody responses by measuring binding antibodies against a panel of wild-type (WT) and eight variant receptor binding domain (RBD) pro...",flow cytometr,108,seeded_random_30,"v2 (measurements.yaml + discovery.PATTERN_REVISIONS round 1, sha1 12e9f79f)"
2,immune_assays,"Immune assays (autoantibodies, immune phenotyping)",nih|11403869|abstract_text|-1|immune_assays,nih:11403869,abstract,abstract_text,,"...S symptoms are elevated. We will also measure frequency, phenotype and function of HHV-6B-reactive CD4+ and CD8+ T cells in people with ME/CFS. using [[flow cytometr]]y, and will investigate the immunosuppressive effects of HHV-6B on antigen presentation in macrophages in ME/CFS using gene expression analysis. We hy...",flow cytometr,108,seeded_random_30,"v2 (measurements.yaml + discovery.PATTERN_REVISIONS round 1, sha1 12e9f79f)"
2,immune_assays,"Immune assays (autoantibodies, immune phenotyping)",nih|11407163|abstract_text|-1|immune_assays,nih:11407163,abstract,abstract_text,,...g data. We will compare observations on spinal cord atrophy with whole brain atrophy and determine immunological correlates as defined by multimodal [[flow cytometr]]y of cells in the cerebrospinal fluid. Our analysis of T cell receptor repertoires in the peripheral blood and CSF of HAM/TSP and MS patients and ha...,flow cytometr,108,seeded_random_30,"v2 (measurements.yaml + discovery.PATTERN_REVISIONS round 1, sha1 12e9f79f)"
2,posture_detection,Posture / upright-time detection,ctgov|NCT04977388|outcome_description|1004|posture_detection,trial:NCT04977388,outcome_measure,outcome_description,secondary,Change from baseline in [[Time standing]] duration,Time standing,8,census,"v2 (measurements.yaml + discovery.PATTERN_REVISIONS round 1, sha1 12e9f79f)"
2,posture_detection,Posture / upright-time detection,ctgov|NCT04977388|outcome_measure|1004|posture_detection,trial:NCT04977388,outcome_measure,outcome_measure,secondary,Change From Baseline in [[Time Standing]] Duration,Time Standing,8,census,"v2 (measurements.yaml + discovery.PATTERN_REVISIONS round 1, sha1 12e9f79f)"
2,posture_detection,Posture / upright-time detection,ctgov|NCT05228691|outcome_description|1003|posture_detection,trial:NCT05228691,outcome_measure,outcome_description,secondary,"...ime that people do as part of their daily lives are considered to estimate total physical activity in Metabolic Equivalent of Task (MET)-min/week and [[time spent sitting]]. A 7 items questionnaire, with open-ended questions surrounding individuals' last 7-day recall of physical activity.",time spent sitting,8,census,"v2 (measurements.yaml + discovery.PATTERN_REVISIONS round 1, sha1 12e9f79f)"
2,posture_detection,Posture / upright-time detection,ctgov|NCT05507190|outcome_description|5|posture_detection,trial:NCT05507190,outcome_measure,outcome_description,primary,Orthostatic Stress Test ([[Postural transitions]]),Postural transitions,8,census,"v2 (measurements.yaml + discovery.PATTERN_REVISIONS round 1, sha1 12e9f79f)"
2,posture_detection,Posture / upright-time detection,ctgov|NCT07182578|outcome_description|6|posture_detection,trial:NCT07182578,outcome_measure,outcome_description,primary,... on one leg with their hands on their hips while being timed. The test is repeated 3 times for each leg and averaged. The measure will be reported as [[time standing]] per leg.,time standing,8,census,"v2 (measurements.yaml + discovery.PATTERN_REVISIONS round 1, sha1 12e9f79f)"
2,posture_detection,Posture / upright-time detection,ctgov|NCT07398508|outcome_description|1003|posture_detection,trial:NCT07398508,outcome_measure,outcome_description,secondary,"This is to measure any improvement in physicality using performance of physical exertion tests. The longer the [[time standing]], the greater the improvement. Unit: minutes.",time standing,8,census,"v2 (measurements.yaml + discovery.PATTERN_REVISIONS round 1, sha1 12e9f79f)"
2,posture_detection,Posture / upright-time detection,ctgov|NCT07398508|outcome_measure|1003|posture_detection,trial:NCT07398508,outcome_measure,outcome_measure,secondary,Average [[time standing]],time standing,8,census,"v2 (measurements.yaml + discovery.PATTERN_REVISIONS round 1, sha1 12e9f79f)"
2,posture_detection,Posture / upright-time detection,ctgov|NCT07661862|brief_summary|-1|posture_detection,trial:NCT07661862,abstract,brief_summary,,"...k of heart and lung health conducted remotely via telehealth. 3. Personalised exercise program: A tailored program to help improve fitness and reduce [[time spent sitting]], delivered entirely via telehealth. The main thing this study is measuring is whether participants can walk further after 6 months compared to when ...",time spent sitting,8,census,"v2 (measurements.yaml + discovery.PATTERN_REVISIONS round 1, sha1 12e9f79f)"
2,ppg,Photoplethysmography,ctgov|NCT05369520|outcome_description|0|ppg,trial:NCT05369520,outcome_measure,outcome_description,primary,"Using continuous beat-by beat BP monitoring via finger [[photoplethysmogra]]phy during TCSCS, the researchers will identify the location and stimulation parameters to increase and decrease resting BP. Stimulation site will be ...",photoplethysmogra,10,census,"v2 (measurements.yaml + discovery.PATTERN_REVISIONS round 1, sha1 12e9f79f)"
2,ppg,Photoplethysmography,ctgov|NCT05369520|outcome_description|29|ppg,trial:NCT05369520,outcome_measure,outcome_description,primary,"...tude of 1.0-3.5 mm and a frequency of 70-100 Hz. Utilizing TCSCS to inhibit nociceptive afferent and continuous beat-by beat BP monitoring via finger [[photoplethysmogra]]phy, researchers will test the safety and efficacy of short-term TCS in reproducibly improving AD triggered by vibrostimulation.",photoplethysmogra,10,census,"v2 (measurements.yaml + discovery.PATTERN_REVISIONS round 1, sha1 12e9f79f)"
2,ppg,Photoplethysmography,ctgov|NCT05369520|outcome_description|30|ppg,trial:NCT05369520,outcome_measure,outcome_description,primary,"Utilizing TCSCS and continuous beat-by beat BP monitoring via finger [[photoplethysmogra]]phy, researchers will test the safety and efficacy of long-term TCSCS in improving AD triggered by vibrostimulation.",photoplethysmogra,10,census,"v2 (measurements.yaml + discovery.PATTERN_REVISIONS round 1, sha1 12e9f79f)"
2,ppg,Photoplethysmography,ctgov|NCT05369520|outcome_description|31|ppg,trial:NCT05369520,outcome_measure,outcome_description,primary,"Utilizing TCSCS to inhibit nociceptive afferent and continuous beat-by beat BP monitoring via finger [[photoplethysmogra]]phy, researchers will test the safety and efficacy of TCSCS in improving AD triggered by vibrostimulation.",photoplethysmogra,10,census,"v2 (measurements.yaml + discovery.PATTERN_REVISIONS round 1, sha1 12e9f79f)"
2,ppg,Photoplethysmography,ctgov|NCT05648123|outcome_description|2|ppg,trial:NCT05648123,outcome_measure,outcome_description,primary,Measured by assessing SDNN by using [[Photoplethysmogra]]ph SA-3000P,Photoplethysmogra,10,census,"v2 (measurements.yaml + discovery.PATTERN_REVISIONS round 1, sha1 12e9f79f)"
2,ppg,Photoplethysmography,ctgov|NCT07013903|outcome_description|1003|ppg,trial:NCT07013903,outcome_measure,outcome_description,secondary,Change in heart rate variability (root mean square of successive differences) measured by Kyto 2935 via [[photoplethysmogra]]phy,photoplethysmogra,10,census,"v2 (measurements.yaml + discovery.PATTERN_REVISIONS round 1, sha1 12e9f79f)"
2,ppg,Photoplethysmography,ctgov|NCT07013903|outcome_measure|1003|ppg,trial:NCT07013903,outcome_measure,outcome_measure,secondary,Autonomic function (heart rate variability by [[photoplethysmogra]]phy),photoplethysmogra,10,census,"v2 (measurements.yaml + discovery.PATTERN_REVISIONS round 1, sha1 12e9f79f)"
2,ppg,Photoplethysmography,ctgov|NCT07783074|outcome_description|1006|ppg,trial:NCT07783074,outcome_measure,outcome_description,secondary,"... blood pressure monitor, and complete COMPASS-31 (weighted total 0 to 100, higher indicating greater symptom burden). Metrics derived from continuous [[photoplethysmogra]]phy and other armband and smartwatch signals, which are not pre-specified, are compared with these measures and reported as measures of association, f...",photoplethysmogra,10,census,"v2 (measurements.yaml + discovery.PATTERN_REVISIONS round 1, sha1 12e9f79f)"
2,ppg,Photoplethysmography,ctgov|NCT07783074|outcome_description|1011|ppg,trial:NCT07783074,outcome_measure,outcome_description,secondary,"...(FSS). Candidate measurements are derived during analysis from raw sensor signals recorded by an armband monitor and a consumer smartwatch, including [[photoplethysmogra]]phy, inertial, barometric and temperature signals; their scales are not pre-specified. The FSS is administered only to participants in the multiple sc...",photoplethysmogra,10,census,"v2 (measurements.yaml + discovery.PATTERN_REVISIONS round 1, sha1 12e9f79f)"
2,ppg,Photoplethysmography,ctgov|NCT07783074|outcome_description|1020|ppg,trial:NCT07783074,outcome_measure,outcome_description,secondary,"...y Scale. Candidate measurements are derived during analysis from raw sensor signals recorded by an armband monitor and consumer smartwatch, including [[photoplethysmogra]]phy, inertial, barometric and temperature signals; their scales are not pre-specified. The Bell Disability Scale is administered only to participants ...",photoplethysmogra,10,census,"v2 (measurements.yaml + discovery.PATTERN_REVISIONS round 1, sha1 12e9f79f)"
2,remote_patient_monitoring,Remote patient monitoring / connected-health platform,ctgov|NCT05205460|intervention_description|0|remote_patient_monitoring,trial:NCT05205460,intervention,intervention_description,,A home-based exercise [[mobile app will be offered combined with the heart rate]] sensing clothes to each participant in the group of home-based telehealth exercise training program. The mobile app provides auto-feedback of heart r...,mobile app will be offered combined with the heart rate,8,census,"v2 (measurements.yaml + discovery.PATTERN_REVISIONS round 1, sha1 12e9f79f)"
2,remote_patient_monitoring,Remote patient monitoring / connected-health platform,ctgov|NCT05713266|intervention_description|0|remote_patient_monitoring,trial:NCT05713266,intervention,intervention_description,,"Aidar Health's MouthLab device is a non-invasive, hand-held, [[home monitoring]] tool that measures multiple clinically meaningful parameters such as temperature, blood pressure, heart rate, heart rate variability, pulse rate, SpO...",home monitoring,8,census,"v2 (measurements.yaml + discovery.PATTERN_REVISIONS round 1, sha1 12e9f79f)"
2,remote_patient_monitoring,Remote patient monitoring / connected-health platform,ctgov|NCT05713266|outcome_description|1002|remote_patient_monitoring,trial:NCT05713266,outcome_measure,outcome_description,secondary,...-4 grade scale) * VR-12 Quality of Life Assessment (before and after the study) * MouthLab Usability Survey (Only after the study) * User Feedback on [[Remote Physiological Monitoring]] (RPM) technology,Remote Physiological Monitoring,8,census,"v2 (measurements.yaml + discovery.PATTERN_REVISIONS round 1, sha1 12e9f79f)"
2,remote_patient_monitoring,Remote patient monitoring / connected-health platform,ctgov|NCT05894616|brief_title|-1|remote_patient_monitoring,trial:NCT05894616,abstract,brief_title,,[[Home Monitoring]] and Molecular Phenotyping of Patients With Post-COVID With Focus on Lung Involvement,Home Monitoring,8,census,"v2 (measurements.yaml + discovery.PATTERN_REVISIONS round 1, sha1 12e9f79f)"
2,remote_patient_monitoring,Remote patient monitoring / connected-health platform,ctgov|NCT05894616|official_title|-1|remote_patient_monitoring,trial:NCT05894616,abstract,official_title,,[[Home Monitoring]] and Molecular Phenotyping of Patients With Post-COVID With Focus on Lung Involvement,Home Monitoring,8,census,"v2 (measurements.yaml + discovery.PATTERN_REVISIONS round 1, sha1 12e9f79f)"
2,remote_patient_monitoring,Remote patient monitoring / connected-health platform,ctgov|NCT05894616|outcome_measure|0|remote_patient_monitoring,trial:NCT05894616,outcome_measure,outcome_measure,primary,[[Home monitoring]] of health status using the eHealth tool HemCOV,Home monitoring,8,census,"v2 (measurements.yaml + discovery.PATTERN_REVISIONS round 1, sha1 12e9f79f)"
2,remote_patient_monitoring,Remote patient monitoring / connected-health platform,ctgov|NCT06978582|outcome_description|1000|remote_patient_monitoring,trial:NCT06978582,outcome_measure,outcome_description,secondary,"Welltory Mobile Application (v.4.16.100) is a [[mobile application that uses photoplethysmography through the phone's camera to measure resting heart rate]]. Based on these data, it estimates heart rate variability (HRV) parameters, including autonomic balance indicators such as RMSSD and SSDN. The tool h...",mobile application that uses photoplethysmography through the phone's camera to measure resting heart rate,8,census,"v2 (measurements.yaml + discovery.PATTERN_REVISIONS round 1, sha1 12e9f79f)"
2,remote_patient_monitoring,Remote patient monitoring / connected-health platform,nih|10349913|abstract_text|-1|remote_patient_monitoring,nih:10349913,abstract,abstract_text,,"...-resolution multimodal recording have opened new doors to detailed studies of the interactions between the brain, gastric motility, and pain using at-[[home monitoring]]. This project seeks to build a unified model of brain-gut dysfunction in migraineurs using at-home multimodal monitoring. By applying sophisticated s...",home monitoring,8,census,"v2 (measurements.yaml + discovery.PATTERN_REVISIONS round 1, sha1 12e9f79f)"
2,respiratory_rate,Respiratory rate monitoring,ctgov|NCT00096902|brief_summary|-1|respiratory_rate,trial:NCT00096902,abstract,brief_summary,,"... during 1 to 2 days. The Valsalva test evaluates some of the reflexes of autonomic nervous system. Patients will lie flat on a padded table and have [[sensors placed on the body, to measure blood pressure, breathing rate]], and other functions. They will blow into a sterile tube for 12 seconds while the body's responses are measured. The procedure may need to be repeate...","sensors placed on the body, to measure blood pressure, breathing rate",1,census,"v2 (measurements.yaml + discovery.PATTERN_REVISIONS round 1, sha1 12e9f79f)"
2,sleep_objective,Objective sleep measurement (PSG / wearable sleep staging),ctgov|NCT00581022|brief_summary|-1|sleep_objective,trial:NCT00581022,abstract,brief_summary,,We wish to study [[sleep architecture]] in patients with chronic orthostatic intolerance. We will test the null hypothesis that there is no difference in time during the various phases of s...,sleep architecture,22,census,"v2 (measurements.yaml + discovery.PATTERN_REVISIONS round 1, sha1 12e9f79f)"
2,sleep_objective,Objective sleep measurement (PSG / wearable sleep staging),ctgov|NCT03721445|intervention_description|0|sleep_objective,trial:NCT03721445,intervention,intervention_description,,Could the changes of HRV between [[PSG]] night and CPAP titration night predict the CPAP adherence?,PSG,22,census,"v2 (measurements.yaml + discovery.PATTERN_REVISIONS round 1, sha1 12e9f79f)"
2,sleep_objective,Objective sleep measurement (PSG / wearable sleep staging),ctgov|NCT04118816|intervention_name|0|sleep_objective,trial:NCT04118816,intervention,intervention_name,,[[Polysomnogra]]phy,Polysomnogra,22,census,"v2 (measurements.yaml + discovery.PATTERN_REVISIONS round 1, sha1 12e9f79f)"
2,sleep_objective,Objective sleep measurement (PSG / wearable sleep staging),ctgov|NCT04118816|intervention_other_names|0|sleep_objective,trial:NCT04118816,intervention,intervention_other_names,,[[PSG]],PSG,22,census,"v2 (measurements.yaml + discovery.PATTERN_REVISIONS round 1, sha1 12e9f79f)"
2,sleep_objective,Objective sleep measurement (PSG / wearable sleep staging),ctgov|NCT04118816|outcome_description|2000|sleep_objective,trial:NCT04118816,outcome_measure,outcome_description,other,1. Acute effect (one-night continuous positive airway pressure trial): Compared the autonomic function measurements between baseline [[polysomnogra]]phy and one night continuous positive airway pressure treatment in patients with Prader-Willi Syndrome and sleep-disordered breathing. 2. Chronic effe...,polysomnogra,22,census,"v2 (measurements.yaml + discovery.PATTERN_REVISIONS round 1, sha1 12e9f79f)"
2,sleep_objective,Objective sleep measurement (PSG / wearable sleep staging),ctgov|NCT05454683|outcome_measure|1005|sleep_objective,trial:NCT05454683,outcome_measure,outcome_measure,secondary,[[Sleep efficiency as assessed by an actigraph]] sensor over the baseline in the study participants.,Sleep efficiency as assessed by an actigraph,22,census,"v2 (measurements.yaml + discovery.PATTERN_REVISIONS round 1, sha1 12e9f79f)"
2,sleep_objective,Objective sleep measurement (PSG / wearable sleep staging),ctgov|NCT05606211|outcome_description|3|sleep_objective,trial:NCT05606211,outcome_measure,outcome_description,primary,"Estimation of [[sleep duration, fragmentation, regularity based on actigraphy]]","sleep duration, fragmentation, regularity based on actigraphy",22,census,"v2 (measurements.yaml + discovery.PATTERN_REVISIONS round 1, sha1 12e9f79f)"
2,sleep_objective,Objective sleep measurement (PSG / wearable sleep staging),ctgov|NCT05606211|outcome_measure|4|sleep_objective,trial:NCT05606211,outcome_measure,outcome_measure,primary,[[PSG]] based sleep characteristics,PSG,22,census,"v2 (measurements.yaml + discovery.PATTERN_REVISIONS round 1, sha1 12e9f79f)"
2,sleep_objective,Objective sleep measurement (PSG / wearable sleep staging),ctgov|NCT06404099|outcome_description|1010|sleep_objective,trial:NCT06404099,outcome_measure,outcome_description,secondary,Nocturnal [[sleep duration will be assessed by activity tracker]],sleep duration will be assessed by activity tracker,22,census,"v2 (measurements.yaml + discovery.PATTERN_REVISIONS round 1, sha1 12e9f79f)"
2,sleep_objective,Objective sleep measurement (PSG / wearable sleep staging),ctgov|NCT06404099|outcome_description|1011|sleep_objective,trial:NCT06404099,outcome_measure,outcome_description,secondary,24-hour [[sleep duration will be assessed by activity tracker]],sleep duration will be assessed by activity tracker,22,census,"v2 (measurements.yaml + discovery.PATTERN_REVISIONS round 1, sha1 12e9f79f)"
2,sleep_objective,Objective sleep measurement (PSG / wearable sleep staging),ctgov|NCT06404099|outcome_measure|1010|sleep_objective,trial:NCT06404099,outcome_measure,outcome_measure,secondary,"Change in average (over a 7-day period) nocturnal [[sleep duration, assessed by activity tracker]]","sleep duration, assessed by activity tracker",22,census,"v2 (measurements.yaml + discovery.PATTERN_REVISIONS round 1, sha1 12e9f79f)"
2,sleep_objective,Objective sleep measurement (PSG / wearable sleep staging),ctgov|NCT06404099|outcome_measure|1011|sleep_objective,trial:NCT06404099,outcome_measure,outcome_measure,secondary,"Change in average (over a 7-day period) 24-hour [[sleep duration, assessed by activity tracker]]","sleep duration, assessed by activity tracker",22,census,"v2 (measurements.yaml + discovery.PATTERN_REVISIONS round 1, sha1 12e9f79f)"
2,sleep_objective,Objective sleep measurement (PSG / wearable sleep staging),ctgov|NCT06404112|outcome_description|1010|sleep_objective,trial:NCT06404112,outcome_measure,outcome_description,secondary,Nocturnal [[sleep duration will be assessed by activity tracker]],sleep duration will be assessed by activity tracker,22,census,"v2 (measurements.yaml + discovery.PATTERN_REVISIONS round 1, sha1 12e9f79f)"
2,sleep_objective,Objective sleep measurement (PSG / wearable sleep staging),ctgov|NCT06404112|outcome_description|1011|sleep_objective,trial:NCT06404112,outcome_measure,outcome_description,secondary,24-hour [[sleep duration will be assessed by activity tracker]],sleep duration will be assessed by activity tracker,22,census,"v2 (measurements.yaml + discovery.PATTERN_REVISIONS round 1, sha1 12e9f79f)"
2,sleep_objective,Objective sleep measurement (PSG / wearable sleep staging),ctgov|NCT06404112|outcome_measure|1010|sleep_objective,trial:NCT06404112,outcome_measure,outcome_measure,secondary,"Change in average (over a 7-day period) nocturnal [[sleep duration, assessed by activity tracker]]","sleep duration, assessed by activity tracker",22,census,"v2 (measurements.yaml + discovery.PATTERN_REVISIONS round 1, sha1 12e9f79f)"
2,sleep_objective,Objective sleep measurement (PSG / wearable sleep staging),ctgov|NCT06404112|outcome_measure|1011|sleep_objective,trial:NCT06404112,outcome_measure,outcome_measure,secondary,"Change in average (over a 7-day period) 24-hour [[sleep duration, assessed by activity tracker]]","sleep duration, assessed by activity tracker",22,census,"v2 (measurements.yaml + discovery.PATTERN_REVISIONS round 1, sha1 12e9f79f)"
2,sleep_objective,Objective sleep measurement (PSG / wearable sleep staging),ctgov|NCT06404112|outcome_measure|1012|sleep_objective,trial:NCT06404112,outcome_measure,outcome_measure,secondary,"Change in average (over a 7-day period) [[sleep efficiency, assessed by activity tracker]]","sleep efficiency, assessed by activity tracker",22,census,"v2 (measurements.yaml + discovery.PATTERN_REVISIONS round 1, sha1 12e9f79f)"
2,sleep_objective,Objective sleep measurement (PSG / wearable sleep staging),ctgov|NCT07621068|outcome_description|1007|sleep_objective,trial:NCT07621068,outcome_measure,outcome_description,secondary,"...ogether with inertial sensors to capture movement and head position. Primary sleep EEG outcomes will include validated sleep-wake classification and [[sleep staging]] metrics (percent time in light, deep, and REM sleep), sleep timing (bedtime, sleep onset, awakenings, final wake time), and sleep continuity indices ...",sleep staging,22,census,"v2 (measurements.yaml + discovery.PATTERN_REVISIONS round 1, sha1 12e9f79f)"
2,sleep_objective,Objective sleep measurement (PSG / wearable sleep staging),nih|10511731|abstract_text|-1|sleep_objective,nih:10511731,abstract,abstract_text,,"...dicators of sleep disturbances will be assessed by (a) day-to-day diary- and actigraphy-based monitoring of sleep in the at-home environment, and (b) [[polysomnogra]]phy (PSG) in the in-hospital environment to evaluate macro- and microstructural sleep characteristics. The proposed work will be the first study to ex...",polysomnogra,22,census,"v2 (measurements.yaml + discovery.PATTERN_REVISIONS round 1, sha1 12e9f79f)"
2,sleep_objective,Objective sleep measurement (PSG / wearable sleep staging),nih|10677281|abstract_text|-1|sleep_objective,nih:10677281,abstract,abstract_text,,"...onal aim that includes a randomized, control trial (CPAP vs. sham-CPAP). The project utilizes established, gold-standard methods for assessing sleep ([[polysomnogra]]phy) and sympathetic neural activity and reactivity (microneurography). In summary, this project will determine the impact of simulated ‘binge’ alcoho...",polysomnogra,22,census,"v2 (measurements.yaml + discovery.PATTERN_REVISIONS round 1, sha1 12e9f79f)"
2,sleep_objective,Objective sleep measurement (PSG / wearable sleep staging),nih|11222655|abstract_text|-1|sleep_objective,nih:11222655,abstract,abstract_text,,"... later to undergo post-MIH autonomic, cardiovascular, and peripheral muscle function tests (Table 3). Individuals will undergo diagnostic split-night [[polysomnogra]]phy with positive airway pressure treatment and 24-hour brachial BP monitoring before and after therapy. Autonomic dysfunction will be measured in-lab...",polysomnogra,22,census,"v2 (measurements.yaml + discovery.PATTERN_REVISIONS round 1, sha1 12e9f79f)"
2,sleep_objective,Objective sleep measurement (PSG / wearable sleep staging),nih|9746112|abstract_text|-1|sleep_objective,nih:9746112,abstract,abstract_text,,"...ave done a number of experiments, reviewed in this proposal, which note major physiological differences between the two illnesses. One of these is in [[sleep architecture]] using an approach that counts every transition from one sleep stage to each of the others. That analysis found that patients with CFS+FM have evidenc...",sleep architecture,22,census,"v2 (measurements.yaml + discovery.PATTERN_REVISIONS round 1, sha1 12e9f79f)"
2,small_fiber_testing,"Small-fiber nerve testing (skin biopsy IENFD, corneal confocal)",ctgov|NCT01080287|keywords|-1|small_fiber_testing,trial:NCT01080287,abstract,keywords,,"...function in migraineurs with orthostatic intolerance | characterize autonomic findings utilizing neurocardiac testing, neurophysiological testing and [[skin biopsies to analyze autonomic fiber]]s in the dermis",skin biopsies to analyze autonomic fiber,2,census,"v2 (measurements.yaml + discovery.PATTERN_REVISIONS round 1, sha1 12e9f79f)"
2,small_fiber_testing,"Small-fiber nerve testing (skin biopsy IENFD, corneal confocal)",nih|11418630|abstract_text|-1|small_fiber_testing,nih:11418630,abstract,abstract_text,,"...e of sympathetic intraneuronal α-syn is unclear. We reviewed data about immunoreactive α-syn, tyrosine hydroxylase (TH, a marker of catecholaminergic [[fibers), and the sympathetic neurotransmitter norepinephrine (NE) in skin biops]]ies from control participants and patients with PD, the related LBD pure autonomic failure (PAF), the non-LBD synucleinopathy multiple system atrophy ...","fibers), and the sympathetic neurotransmitter norepinephrine (NE) in skin biops",2,census,"v2 (measurements.yaml + discovery.PATTERN_REVISIONS round 1, sha1 12e9f79f)"
2,transcriptomics,Transcriptomics,ctgov|NCT04842448|outcome_description|2007|transcriptomics,trial:NCT04842448,outcome_measure,outcome_description,other,"Mean change from baseline in hypoxia pathways in PBMCs evaluated by [[RNA sequencing]], at 6, 13 and 26 weeks.",RNA sequencing,71,seeded_random_30,"v2 (measurements.yaml + discovery.PATTERN_REVISIONS round 1, sha1 12e9f79f)"
2,transcriptomics,Transcriptomics,ctgov|NCT05735782|outcome_description|2000|transcriptomics,trial:NCT05735782,outcome_measure,outcome_description,other,[[RNA-Seq]] in plasma of participants with persistent symptoms of COVID-19 and comparison,RNA-Seq,71,seeded_random_30,"v2 (measurements.yaml + discovery.PATTERN_REVISIONS round 1, sha1 12e9f79f)"
2,transcriptomics,Transcriptomics,ctgov|NCT05823896|outcome_description|2002|transcriptomics,trial:NCT05823896,outcome_measure,outcome_description,other,...sequencing (using BD Rhapsody) with assessment of Super-Ag-mediated T-cell activation. Immune system signatures associated with disease states using [[RNA-sequencing]] of stabilized whole blood (PaxGene).,RNA-sequencing,71,seeded_random_30,"v2 (measurements.yaml + discovery.PATTERN_REVISIONS round 1, sha1 12e9f79f)"
2,transcriptomics,Transcriptomics,ctgov|NCT06463106|outcome_measure|5|transcriptomics,trial:NCT06463106,outcome_measure,outcome_measure,primary,Epigenetic and [[transcriptom]]ic patterns in endothelial cells,transcriptom,71,seeded_random_30,"v2 (measurements.yaml + discovery.PATTERN_REVISIONS round 1, sha1 12e9f79f)"
2,transcriptomics,Transcriptomics,nih|10250909|abstract_text|-1|transcriptomics,nih:10250909,abstract,abstract_text,,"...is study was recently published (Hoffman et al Brain Pathol 2019) and showed increased neuroinflammation in regions with a high -syn load, A distinct [[gene expression profil]]e including upregulation of cytokines important for myeloid cell attraction and proliferation was detected in -syn overexpressing oligodendrocytes. Co...",gene expression profil,71,seeded_random_30,"v2 (measurements.yaml + discovery.PATTERN_REVISIONS round 1, sha1 12e9f79f)"
2,transcriptomics,Transcriptomics,nih|10491027|abstract_text|-1|transcriptomics,nih:10491027,abstract,abstract_text,,"...dies (via collaboration with the Univ. of Lund/Karolinska Institutet). Cerebrospinal fluid (CSF) tests related to immune/autoimmune functions include [[single cell RNA]] sequencing, oligoclonal bands, and cytokines. Depending on provision of resources to carry out the study, planned completion is in 2 years, with an ...",single cell RNA,71,seeded_random_30,"v2 (measurements.yaml + discovery.PATTERN_REVISIONS round 1, sha1 12e9f79f)"
2,transcriptomics,Transcriptomics,nih|10549811|abstract_text|-1|transcriptomics,nih:10549811,abstract,abstract_text,,"...ractions in affected tissue may underlie Long-COVID, the long-term medical complications in COVID-19 long-haulers. Recent advances in high-throughput [[single cell RNA]]-sequencing (scRNA-seq) have enabled comprehensive characterization of the cellular census of the lung, which has led to a remarkable number of novel ...",single cell RNA,71,seeded_random_30,"v2 (measurements.yaml + discovery.PATTERN_REVISIONS round 1, sha1 12e9f79f)"
2,transcriptomics,Transcriptomics,nih|10551342|abstract_text|-1|transcriptomics,nih:10551342,abstract,abstract_text,,...l ANS function testing may further delineate brain-gut axis alterations. This feasibility study will investigate the brain-gut-immune axis along with [[transcriptom]]e studies to detect variants predisposing to tissue and blood vessel laxity in adolescents with hEDS/HSD and functional GI complaints. We will investi...,transcriptom,71,seeded_random_30,"v2 (measurements.yaml + discovery.PATTERN_REVISIONS round 1, sha1 12e9f79f)"
2,transcriptomics,Transcriptomics,nih|10553944|abstract_text|-1|transcriptomics,nih:10553944,abstract,abstract_text,,"...pothesis is novel, and the proposed studies are likely to generate unique data sets. As the result of substantial financial investments, we completed [[RNA-Seq]] analyses of transcriptomics signatures of human brain microvascular endothelial cells (HBMEC) infected with SARS-CoV-2. The obtained data allowed us ...",RNA-Seq,71,seeded_random_30,"v2 (measurements.yaml + discovery.PATTERN_REVISIONS round 1, sha1 12e9f79f)"
2,transcriptomics,Transcriptomics,nih|10554898|abstract_text|-1|transcriptomics,nih:10554898,abstract,abstract_text,,"...rmed. Additionally, longitudinal samples of WAT immune cells and cross-sectional samples of infected and non-infected islet cells with be analyzed by [[single-cell RNA]]-seq to characterize long-term alteration of cellular profiles. At necropsy, islet function will be assessed and multiple tissue samples collected for...",single-cell RNA,71,seeded_random_30,"v2 (measurements.yaml + discovery.PATTERN_REVISIONS round 1, sha1 12e9f79f)"
2,transcriptomics,Transcriptomics,nih|11159129|abstract_text|-1|transcriptomics,nih:11159129,abstract,abstract_text,,"...award, we will carry out further investigations into SARS-CoV-2-specific responses in pregnancy; multi-antigen variant B cell sorting and single-cell [[transcriptom]]e and B cell receptor sequencing experiments to deeply characterize the evolution of B cell memory through the pandemic; structural studies of protect...",transcriptom,71,seeded_random_30,"v2 (measurements.yaml + discovery.PATTERN_REVISIONS round 1, sha1 12e9f79f)"
2,transcriptomics,Transcriptomics,nih|11237600|abstract_text|-1|transcriptomics,nih:11237600,abstract,abstract_text,,"...ion and apoptosis. Aim 2) Examine the impact of exos on selected mRNA expression and mitochondrial function of PBMCs. Leveraging previously conducted [[RNA sequencing]] of PBMCs from ME/CFS subjects, we will design a custom panel using NanoString nCounter technology for selected mRNA molecules. This panel will predom...",RNA sequencing,71,seeded_random_30,"v2 (measurements.yaml + discovery.PATTERN_REVISIONS round 1, sha1 12e9f79f)"
2,transcriptomics,Transcriptomics,nih|11280539|abstract_text|-1|transcriptomics,nih:11280539,abstract,abstract_text,,"...taste dysfunction to measure taste receptor cell number and gene expression of inflammatory (e.g., cytokines and chemokines) and other molecules with [[single-cell RNA]] sequencing (scRNA-seq) methods. In Aim 3.2, we will use taste organoids derived from wild-type mice, humanized-ACE2 mice, and humans to examine SARS-...",single-cell RNA,71,seeded_random_30,"v2 (measurements.yaml + discovery.PATTERN_REVISIONS round 1, sha1 12e9f79f)"
2,transcriptomics,Transcriptomics,nih|11302641|public_health_relevance|-1|transcriptomics,nih:11302641,abstract,public_health_relevance,,"... approach to rescue visual function in a mouse model of a severe neurodegenerative disease known as Familial Dysautonomia (FD). Moreover, we will use [[transcriptom]]ics at single-cell resolution to investigate the molecular mechanism behind selective retinal ganglion cell (RGC) loss in FD. The proposed work is hig...",transcriptom,71,seeded_random_30,"v2 (measurements.yaml + discovery.PATTERN_REVISIONS round 1, sha1 12e9f79f)"
2,transcriptomics,Transcriptomics,nih|11356275|abstract_text|-1|transcriptomics,nih:11356275,abstract,abstract_text,,"... the spectrum of immune dysfunction across diverse genetic forms of human PMD through comprehensive immunophenotyping and functional assessment using [[single-cell RNA]] sequencing and cytokine profiling of patient peripheral blood mononuclear cells at baseline and post-stimulation. Further, moving beyond correlation,...",single-cell RNA,71,seeded_random_30,"v2 (measurements.yaml + discovery.PATTERN_REVISIONS round 1, sha1 12e9f79f)"
2,transcriptomics,Transcriptomics,nih|11367343|abstract_text|-1|transcriptomics,nih:11367343,abstract,abstract_text,,"...ation, colonic transit, defecatory function), small bowel permeability, duodenal and stool microbiome and putative mechanisms (GI and sigmoid mucosal [[transcriptom]]e, including αS misfolding, tight junction protein, and dopamine receptor expression). Aim 2: To quantitate nigrostriatal dopamine transporter expres...",transcriptom,71,seeded_random_30,"v2 (measurements.yaml + discovery.PATTERN_REVISIONS round 1, sha1 12e9f79f)"
2,transcriptomics,Transcriptomics,nih|11370014|abstract_text|-1|transcriptomics,nih:11370014,abstract,abstract_text,,"...unology and neurobehavioral approaches, coupled with innovative targeted and unbiased cellular, molecular technologies, including single cell/nucleus [[transcriptom]]ics, spatial genomics, and 3D brain clearing and imaging. Aim 1 is to assess the acute and long-term impact of SARS-CoV-2 infection on neuropathophysi...",transcriptom,71,seeded_random_30,"v2 (measurements.yaml + discovery.PATTERN_REVISIONS round 1, sha1 12e9f79f)"
2,transcriptomics,Transcriptomics,nih|11370284|abstract_text|-1|transcriptomics,nih:11370284,abstract,abstract_text,,"...at subpopulations of peripheral neurons are exquisitely sensitive to the loss of ELP1, but we don’t know precisely which cell types or the underlying [[transcriptom]]ic changes that lead to specific cell loss in FD. It is this overarching question that lays the foundation for the Aims of this renewal application. W...",transcriptom,71,seeded_random_30,"v2 (measurements.yaml + discovery.PATTERN_REVISIONS round 1, sha1 12e9f79f)"
2,transcriptomics,Transcriptomics,nih|11380875|abstract_text|-1|transcriptomics,nih:11380875,abstract,abstract_text,,"...physiology in MSA are largely unknown. Likewise, how oligodendrocyte dysfunction causes neuronal death remains obscure. In this proposal, we will use [[single nucleus RNA]] sequencing (snRNA-seq) to generate transcriptomes of single cells from postmortem brain tissue from MSA patients to delineate the cell type specific ...",single nucleus RNA,71,seeded_random_30,"v2 (measurements.yaml + discovery.PATTERN_REVISIONS round 1, sha1 12e9f79f)"
2,transcriptomics,Transcriptomics,nih|11380875|public_health_relevance|-1|transcriptomics,nih:11380875,abstract,public_health_relevance,,...tive disease characterized by selective accumulation of α-synuclein in glial cytoplasmic inclusions (GCIs) within oligodendrocytes. We propose to use [[single nucleus RNA]] sequencing to understand how gene expression is perturbed in multiple cell types in the brain of MSA patients compared to healthy individuals. Uncove...,single nucleus RNA,71,seeded_random_30,"v2 (measurements.yaml + discovery.PATTERN_REVISIONS round 1, sha1 12e9f79f)"
2,transcriptomics,Transcriptomics,nih|11398198|abstract_text|-1|transcriptomics,nih:11398198,abstract,abstract_text,,"...tic interventions during each HFpEF stage. In addition, our secondary aim will be to perform an un-precedented molecular characterization at both the [[transcriptom]]ic and metabolomic level of the changes involved in RVLM-C1 neuron aberrant activity in HFpEF. Finally, we will test whether FDA-approved sympatholyti...",transcriptom,71,seeded_random_30,"v2 (measurements.yaml + discovery.PATTERN_REVISIONS round 1, sha1 12e9f79f)"
2,transcriptomics,Transcriptomics,nih|11403762|abstract_text|-1|transcriptomics,nih:11403762,abstract,abstract_text,,"... dentate gyrus, along with elevated expression of inflammatory genes in microglia as revealed by single-nuclei RNA sequencing. I will employ advanced [[transcriptom]]ic analysis to examine changes in glial sub-states, and to identify alterations in synapse/pruning-associated genes (Aim 1A). Additionally, changes in...",transcriptom,71,seeded_random_30,"v2 (measurements.yaml + discovery.PATTERN_REVISIONS round 1, sha1 12e9f79f)"
2,transcriptomics,Transcriptomics,nih|11407163|abstract_text|-1|transcriptomics,nih:11407163,abstract,abstract_text,,"...ve successfully expressed paired Vh and Vl chains. The specificity of these antibodies is being investigated. In addition, we have begun single cells [[RNAseq]] analysis of PBC and CSF to define the TCR and BCR repertoire of patients with chronic neurologic diseases including MS, HAM/TSP and long-term post CO...",RNAseq,71,seeded_random_30,"v2 (measurements.yaml + discovery.PATTERN_REVISIONS round 1, sha1 12e9f79f)"
2,transcriptomics,Transcriptomics,nih|11410860|abstract_text|-1|transcriptomics,nih:11410860,abstract,abstract_text,,... conditioning. Immune profiling suggested chronic antigenic stimulation with increase in naïve and decrease in switchedmemory B-cells. Alterations in [[gene expression profil]]es of peripheral blood mononuclear cells and metabolic pathways were consistent with cellular phenotypic studies and demonstrated differences accordin...,gene expression profil,71,seeded_random_30,"v2 (measurements.yaml + discovery.PATTERN_REVISIONS round 1, sha1 12e9f79f)"
2,transcriptomics,Transcriptomics,nih|11473912|abstract_text|-1|transcriptomics,nih:11473912,abstract,abstract_text,,"... COVID in order to ultimately offer novel strategies for diagnosing and treating this new disease. To achieve this goal, we will use both single-cell [[RNA sequencing]] technology to define neutrophil activation profiles and microfluidics to test neutrophil functionality Long COVID, compared to healthy controls. Our ...",RNA sequencing,71,seeded_random_30,"v2 (measurements.yaml + discovery.PATTERN_REVISIONS round 1, sha1 12e9f79f)"
2,transcriptomics,Transcriptomics,nih|8841028|abstract_text|-1|transcriptomics,nih:8841028,abstract,abstract_text,,"...heme will be used to label differentially and then sort MET+ (GFPON/tdTOMATOON) motor neurons from MET- neurons (GFPOFF/tdTOMATOON) in nA and DMV for [[RNA-sequencing]]. This data will form the basis for the analysis in Aim 2, in which Met is deleted conditionally using Islet1Cre on a MetEGFP transgenic background. A...",RNA-sequencing,71,seeded_random_30,"v2 (measurements.yaml + discovery.PATTERN_REVISIONS round 1, sha1 12e9f79f)"
2,transcriptomics,Transcriptomics,nih|8996606|abstract_text|-1|transcriptomics,nih:8996606,abstract,abstract_text,,"...strocytes in the adult brainstem. In specific aim 1 of this proposal, we will validate the presence of these populations in the brainstem and perform [[gene expression profil]]ing on each subpopulation to decode their unique molecular signature. In specific aim 2 we will use similar FACS-based approaches to delineate astrocy...",gene expression profil,71,seeded_random_30,"v2 (measurements.yaml + discovery.PATTERN_REVISIONS round 1, sha1 12e9f79f)"
2,transcriptomics,Transcriptomics,nih|9130283|abstract_text|-1|transcriptomics,nih:9130283,abstract,abstract_text,,"...ond goal is to identify the pathogenic mechanisms important to MSA a-SYN accumulation, by combining laser capture microdissection and next generation [[RNA-Seq]] in neuropath-confirmed MSA brains and matched controls. Both of these aims are designed to identify underlying disease mechanisms and key targets tha...",RNA-Seq,71,seeded_random_30,"v2 (measurements.yaml + discovery.PATTERN_REVISIONS round 1, sha1 12e9f79f)"
2,transcriptomics,Transcriptomics,nih|9600713|public_health_relevance|-1|transcriptomics,nih:9600713,abstract,public_health_relevance,,"...f these disorders. Based on pilot data showing mitochondrial DNA and chromosomal DNA mutations on leukocytes in 17 ME/CFS patients, we propose to use [[RNA-Seq]] to compare gene variants in 150 patients with ME/CFS and FM versus 150 healthy controls, patients with migraines or depression, and to determine if t...",RNA-Seq,71,seeded_random_30,"v2 (measurements.yaml + discovery.PATTERN_REVISIONS round 1, sha1 12e9f79f)"
2,transcriptomics,Transcriptomics,nih|9637436|abstract_text|-1|transcriptomics,nih:9637436,abstract,abstract_text,,"...l, while testing exciting new therapies for HF/SCD. We will identify key proteins, pathways and biomarkers modified by chronic VNS using differential [[transcriptom]]ics and proteomics (""omics""). Changes in myocyte properties are manifested in transcriptome and proteome, contributing to the HF/SCD phenotype. Echoca...",transcriptom,71,seeded_random_30,"v2 (measurements.yaml + discovery.PATTERN_REVISIONS round 1, sha1 12e9f79f)"
2,vascular_imaging,Vascular / cardiac imaging,ctgov|NCT02406586|outcome_description|12|vascular_imaging,trial:NCT02406586,outcome_measure,outcome_description,primary,...e change in endothelium-dependent vascular reactivity will be measured by flow-mediated dilation (FMD) of the brachial artery using a high-resolution [[vascular ultrasound]] with a 10-MHz linear array transducer. FMD is expressed as the percentage increase in diameter at the baseline visit from pre-dosing with Intralipid ...,vascular ultrasound,106,seeded_random_30,"v2 (measurements.yaml + discovery.PATTERN_REVISIONS round 1, sha1 12e9f79f)"
2,vascular_imaging,Vascular / cardiac imaging,ctgov|NCT04752293|keywords|-1|vascular_imaging,trial:NCT04752293,abstract,keywords,,...unction | Kidney Injury | Heart Rate Variability | Sodium | Pediatric Obesity | Lifecourse | Kidney Function | Ambulatory Blood Pressure Monitoring | [[Echocardiogra]]m,Echocardiogra,106,seeded_random_30,"v2 (measurements.yaml + discovery.PATTERN_REVISIONS round 1, sha1 12e9f79f)"
2,vascular_imaging,Vascular / cardiac imaging,ctgov|NCT04752293|outcome_description|1062|vascular_imaging,trial:NCT04752293,outcome_measure,outcome_description,secondary,"Measured via [[echocardiogra]]m. Binary variable defined as \>0.42, per national guidelines. Report relative measures (e.g., risk ratio) and measures of dispersion (e.g., 95 percen...",echocardiogra,106,seeded_random_30,"v2 (measurements.yaml + discovery.PATTERN_REVISIONS round 1, sha1 12e9f79f)"
2,vascular_imaging,Vascular / cardiac imaging,ctgov|NCT04752293|outcome_description|1063|vascular_imaging,trial:NCT04752293,outcome_measure,outcome_description,secondary,"Measured via [[echocardiogra]]m. Binary variable defined as \>0.42, per national guidelines. Report relative measures (e.g., risk ratio) and measures of dispersion (e.g., 95 percen...",echocardiogra,106,seeded_random_30,"v2 (measurements.yaml + discovery.PATTERN_REVISIONS round 1, sha1 12e9f79f)"
2,vascular_imaging,Vascular / cardiac imaging,ctgov|NCT04752293|outcome_description|1066|vascular_imaging,trial:NCT04752293,outcome_measure,outcome_description,secondary,"Measured via [[echocardiogra]]m. Report measures of central tendency (e.g., mean, median) with dispersion (e.g., standard deviation, interquartile range, 95 percent confidence inte...",echocardiogra,106,seeded_random_30,"v2 (measurements.yaml + discovery.PATTERN_REVISIONS round 1, sha1 12e9f79f)"
2,vascular_imaging,Vascular / cardiac imaging,ctgov|NCT04752293|outcome_description|1068|vascular_imaging,trial:NCT04752293,outcome_measure,outcome_description,secondary,"Measured via [[echocardiogra]]m. Report measures of central tendency (e.g., mean, median) with dispersion (e.g., standard deviation, interquartile range, 95 percent confidence inte...",echocardiogra,106,seeded_random_30,"v2 (measurements.yaml + discovery.PATTERN_REVISIONS round 1, sha1 12e9f79f)"
2,vascular_imaging,Vascular / cardiac imaging,ctgov|NCT04752293|outcome_description|1070|vascular_imaging,trial:NCT04752293,outcome_measure,outcome_description,secondary,"Measured via [[echocardiogra]]m. Report measures of central tendency (e.g., mean, median) with dispersion (e.g., standard deviation, interquartile range, 95 percent confidence inte...",echocardiogra,106,seeded_random_30,"v2 (measurements.yaml + discovery.PATTERN_REVISIONS round 1, sha1 12e9f79f)"
2,vascular_imaging,Vascular / cardiac imaging,ctgov|NCT04752293|outcome_description|1071|vascular_imaging,trial:NCT04752293,outcome_measure,outcome_description,secondary,"Measured via [[echocardiogra]]m. Report measures of central tendency (e.g., mean, median) with dispersion (e.g., standard deviation, interquartile range, 95 percent confidence inte...",echocardiogra,106,seeded_random_30,"v2 (measurements.yaml + discovery.PATTERN_REVISIONS round 1, sha1 12e9f79f)"
2,vascular_imaging,Vascular / cardiac imaging,ctgov|NCT04752293|outcome_description|1073|vascular_imaging,trial:NCT04752293,outcome_measure,outcome_description,secondary,"Measured via [[echocardiogra]]m. Binary variable defined ≥29 ml/m\^2, per national guidelines. Report relative measures (e.g., risk ratio) with measures of dispersion (e.g., 95 per...",echocardiogra,106,seeded_random_30,"v2 (measurements.yaml + discovery.PATTERN_REVISIONS round 1, sha1 12e9f79f)"
2,vascular_imaging,Vascular / cardiac imaging,ctgov|NCT05172206|outcome_description|1003|vascular_imaging,trial:NCT05172206,outcome_measure,outcome_description,secondary,Left and right heart [[echocardiogra]]phy will be performed,echocardiogra,106,seeded_random_30,"v2 (measurements.yaml + discovery.PATTERN_REVISIONS round 1, sha1 12e9f79f)"
2,vascular_imaging,Vascular / cardiac imaging,ctgov|NCT05240742|outcome_description|1004|vascular_imaging,trial:NCT05240742,outcome_measure,outcome_description,secondary,"...s, and therefore, the prevalence of various cardiovascular diseases will be measured based on a combination of radiologic imaging techniques (such as [[cardiac magnetic resonance]], CT and echocardiography), cardial biomarkers (such as troponin and CK-MB), and electrocardiogram.",cardiac magnetic resonance,106,seeded_random_30,"v2 (measurements.yaml + discovery.PATTERN_REVISIONS round 1, sha1 12e9f79f)"
2,vascular_imaging,Vascular / cardiac imaging,ctgov|NCT05518422|outcome_description|1|vascular_imaging,trial:NCT05518422,outcome_measure,outcome_description,primary,Measured with [[Doppler ultrasound]] (mL/min),Doppler ultrasound,106,seeded_random_30,"v2 (measurements.yaml + discovery.PATTERN_REVISIONS round 1, sha1 12e9f79f)"
2,vascular_imaging,Vascular / cardiac imaging,ctgov|NCT05695755|intervention_description|0|vascular_imaging,trial:NCT05695755,intervention,intervention_description,,"[[echocardiogra]]phy, serum electrolytes and cortisol level for all patients",echocardiogra,106,seeded_random_30,"v2 (measurements.yaml + discovery.PATTERN_REVISIONS round 1, sha1 12e9f79f)"
2,vascular_imaging,Vascular / cardiac imaging,ctgov|NCT05756452|intervention_description|0|vascular_imaging,trial:NCT05756452,intervention,intervention_description,,"All partecipants will undergo a global [[echocardiogra]]phic evaluation, a 24-hour ECG Holter recording to assess HRV and blood samples collection for neurotransmitter measurements, platelet activation and ...",echocardiogra,106,seeded_random_30,"v2 (measurements.yaml + discovery.PATTERN_REVISIONS round 1, sha1 12e9f79f)"
2,vascular_imaging,Vascular / cardiac imaging,ctgov|NCT05756452|outcome_description|1|vascular_imaging,trial:NCT05756452,outcome_measure,outcome_description,primary,"...nces between HRV and CRP parameters ACS patients without obtructive CAD. It is important to group several exams: sample blood, transthoracic Doppler [[echocardiogra]]phy (TTDE) and 24-hour Holter ECG recording.",echocardiogra,106,seeded_random_30,"v2 (measurements.yaml + discovery.PATTERN_REVISIONS round 1, sha1 12e9f79f)"
2,vascular_imaging,Vascular / cardiac imaging,ctgov|NCT05796154|keywords|-1|vascular_imaging,trial:NCT05796154,abstract,keywords,,wearable BP monitor | [[cardiac MRI]] | stroke volume,cardiac MRI,106,seeded_random_30,"v2 (measurements.yaml + discovery.PATTERN_REVISIONS round 1, sha1 12e9f79f)"
2,vascular_imaging,Vascular / cardiac imaging,ctgov|NCT05896982|official_title|-1|vascular_imaging,trial:NCT05896982,abstract,official_title,,Optimizing Patient Experience During Myocardial [[Perfusion Imaging]],Perfusion Imaging,106,seeded_random_30,"v2 (measurements.yaml + discovery.PATTERN_REVISIONS round 1, sha1 12e9f79f)"
2,vascular_imaging,Vascular / cardiac imaging,ctgov|NCT06170307|brief_summary|-1|vascular_imaging,trial:NCT06170307,abstract,brief_summary,,"...ss, palpitations, shortness of breath, or postural tachycardia) in patients with mild to moderate COVID-19 ? Participants will undergo transthoracic [[echocardiogra]]phy to obtain conventional ultrasound parameters, two-dimensional strain parameters will been obtained through software post-processing, and general c...",echocardiogra,106,seeded_random_30,"v2 (measurements.yaml + discovery.PATTERN_REVISIONS round 1, sha1 12e9f79f)"
2,vascular_imaging,Vascular / cardiac imaging,ctgov|NCT06170307|intervention_description|0|vascular_imaging,trial:NCT06170307,intervention,intervention_description,,"The structural and functional parameters of the left atrial were obtained by conventional [[echocardiogra]]phy, and the left atrial strain parameters were obtained by two-dimensional speckle tracking echocardiography.",echocardiogra,106,seeded_random_30,"v2 (measurements.yaml + discovery.PATTERN_REVISIONS round 1, sha1 12e9f79f)"
2,vascular_imaging,Vascular / cardiac imaging,ctgov|NCT06170307|intervention_name|0|vascular_imaging,trial:NCT06170307,intervention,intervention_name,,two-dimensional speckle tracking [[echocardiogra]]phy,echocardiogra,106,seeded_random_30,"v2 (measurements.yaml + discovery.PATTERN_REVISIONS round 1, sha1 12e9f79f)"
2,vascular_imaging,Vascular / cardiac imaging,ctgov|NCT06288828|brief_summary|-1|vascular_imaging,trial:NCT06288828,abstract,brief_summary,,".... Secondary outcomes include: 1. Splanchnic hemodynamics: Changes in celiac and superior mesenteric artery (SMA) blood flow measured via mesenteric [[Doppler ultrasound]] (Vivid IQ, GE Healthcare). Time-averaged mean velocity (TAMV), vessel diameter, and blood flow will be recorded at baseline and post-intervention. 2....",Doppler ultrasound,106,seeded_random_30,"v2 (measurements.yaml + discovery.PATTERN_REVISIONS round 1, sha1 12e9f79f)"
2,vascular_imaging,Vascular / cardiac imaging,ctgov|NCT06379672|outcome_description|1|vascular_imaging,trial:NCT06379672,outcome_measure,outcome_description,primary,The magnitude of overall longitudinal myocardial strain in the left ventricle on two-dimensional speckle tracking [[echocardiogra]]ms as an average of the peak longitudinal strain in all myocardial segments. The normal range is (-25% to -17%) in men and (-25% to -18%) in women.,echocardiogra,106,seeded_random_30,"v2 (measurements.yaml + discovery.PATTERN_REVISIONS round 1, sha1 12e9f79f)"
2,vascular_imaging,Vascular / cardiac imaging,ctgov|NCT06939153|outcome_description|0|vascular_imaging,trial:NCT06939153,outcome_measure,outcome_description,primary,...ctive of lumped afterload will be non-invasively estimated as end-systolic pressure (obtained from tonometry) divided by stroke volume (obtained from [[echocardiogra]]phy),echocardiogra,106,seeded_random_30,"v2 (measurements.yaml + discovery.PATTERN_REVISIONS round 1, sha1 12e9f79f)"
2,vascular_imaging,Vascular / cardiac imaging,ctgov|NCT07076862|outcome_description|1001|vascular_imaging,trial:NCT07076862,outcome_measure,outcome_description,secondary,Spearman correlations and heatmap analyses will be used to examine associations between [[PET-derived vascular]] parameters and plasma markers of vascular dysfunction.,PET-derived vascular,106,seeded_random_30,"v2 (measurements.yaml + discovery.PATTERN_REVISIONS round 1, sha1 12e9f79f)"
2,vascular_imaging,Vascular / cardiac imaging,ctgov|NCT07150455|brief_title|-1|vascular_imaging,trial:NCT07150455,abstract,brief_title,,Evaluation of Myocardial Function by Global Longitudinal Strain (GLS) Measurement in 2D [[Echocardiogra]]phy of Patients With Fibromyalgia,Echocardiogra,106,seeded_random_30,"v2 (measurements.yaml + discovery.PATTERN_REVISIONS round 1, sha1 12e9f79f)"
2,vascular_imaging,Vascular / cardiac imaging,ctgov|NCT07775976|outcome_description|1001|vascular_imaging,trial:NCT07775976,outcome_measure,outcome_description,secondary,"...ion, standard-of-care diagnostic results, or blinded expert review. Reference information may include 12-lead ECG, standard Holter or ambulatory ECG, [[echocardiogra]]phy, MRI or CT imaging, laboratory results, sleep testing, clinical diagnosis, adjudicated chart review, or expert-panel review. Agreement is evaluate...",echocardiogra,106,seeded_random_30,"v2 (measurements.yaml + discovery.PATTERN_REVISIONS round 1, sha1 12e9f79f)"
2,vascular_imaging,Vascular / cardiac imaging,nih|11242029|abstract_text|-1|vascular_imaging,nih:11242029,abstract,abstract_text,,...-on experience and formal coursework. A key focus of the proposal is for Dr. Adler to refine her skills in autonomic testing and learn how to perform [[transcranial doppler]] ultrasound which is currently being integrated into the Autonomic Lab and will be a key skill that she will utilize throughout her research career. S...,transcranial doppler,106,seeded_random_30,"v2 (measurements.yaml + discovery.PATTERN_REVISIONS round 1, sha1 12e9f79f)"
2,vascular_imaging,Vascular / cardiac imaging,nih|11372088|abstract_text|-1|vascular_imaging,nih:11372088,abstract,abstract_text,,"...ese deleterious effects. In-vivo studies using telemetry instrumented rats will test the hypothesis that T2DM reduces cardiac function (quantified by [[echocardiogra]]phy) and exercise tolerance, increases incidence of arrhythmia, and reduces heart rate recovery, and that PVN OXT stimulation will reverse these delet...",echocardiogra,106,seeded_random_30,"v2 (measurements.yaml + discovery.PATTERN_REVISIONS round 1, sha1 12e9f79f)"
2,vascular_imaging,Vascular / cardiac imaging,nih|11611413|abstract_text|-1|vascular_imaging,nih:11611413,abstract,abstract_text,,"...ysical function compared to HU and PHEU. Our hypothesis builds on our preliminary data which identified a high burden of early cardiac dysfunction on [[echocardiogra]]m among YpnHIV, and preliminary data linking subclinical cardiac dysfunction among YpnHIV to proteomic profiles indicating cardiac fibrosis, inflammat...",echocardiogra,106,seeded_random_30,"v2 (measurements.yaml + discovery.PATTERN_REVISIONS round 1, sha1 12e9f79f)"
2,vascular_imaging,Vascular / cardiac imaging,nih|9537670|abstract_text|-1|vascular_imaging,nih:9537670,abstract,abstract_text,,"... In vitro assays, digital autoradiography, and small animal PET studies in rats and non-human primates will be used to assess these two approaches. A [[PET tracer capable of imaging cardiac]] parasympathetic nerves would be a valuable clinical tool for assessing disease-induced damage to this important nerve population in patients with hea...",PET tracer capable of imaging cardiac,106,seeded_random_30,"v2 (measurements.yaml + discovery.PATTERN_REVISIONS round 1, sha1 12e9f79f)"
2,wearable_heart_rate,Wearable heart rate (consumer/clinical wearable),ctgov|NCT01376635|brief_summary|-1|wearable_heart_rate,trial:NCT01376635,abstract,brief_summary,,"...n a cross-sectional study, patients with CKD stages 3, 4 and 5 not yet on dialysis (CKD group) and age-matched healthy subjects (CON group) underwent [[continuous heart rate recording]] during two twenty-minute periods in the supine position (pre-inclined), followed by passive postural inclination at 70° (inclined period). Power spec...",continuous heart rate recording,26,census,"v2 (measurements.yaml + discovery.PATTERN_REVISIONS round 1, sha1 12e9f79f)"
2,wearable_heart_rate,Wearable heart rate (consumer/clinical wearable),ctgov|NCT03003429|intervention_description|0|wearable_heart_rate,trial:NCT03003429,intervention,intervention_description,,The intervention consist in monitoring the [[heart rate variability during one night by using a heart rate monitor and a Polar RS800CX]],heart rate variability during one night by using a heart rate monitor and a Polar RS800CX,26,census,"v2 (measurements.yaml + discovery.PATTERN_REVISIONS round 1, sha1 12e9f79f)"
2,wearable_heart_rate,Wearable heart rate (consumer/clinical wearable),ctgov|NCT03003429|intervention_name|0|wearable_heart_rate,trial:NCT03003429,intervention,intervention_name,,[[Heart rate monitor]],Heart rate monitor,26,census,"v2 (measurements.yaml + discovery.PATTERN_REVISIONS round 1, sha1 12e9f79f)"
2,wearable_heart_rate,Wearable heart rate (consumer/clinical wearable),ctgov|NCT03182725|outcome_description|0|wearable_heart_rate,trial:NCT03182725,outcome_measure,outcome_description,primary,Orthostatic [[heart rate monitor]]ing will be used to gauge heart rate changes.,heart rate monitor,26,census,"v2 (measurements.yaml + discovery.PATTERN_REVISIONS round 1, sha1 12e9f79f)"
2,wearable_heart_rate,Wearable heart rate (consumer/clinical wearable),ctgov|NCT03675087|outcome_description|1022|wearable_heart_rate,trial:NCT03675087,outcome_measure,outcome_description,secondary,It is measured in beats per minute with the [[heart rate sensor]] of the Polar TM31 band in 6MWT or with the 12-lead JaegerTM ECG in the peak CPET. Mean and standard deviation will be calculated.,heart rate sensor,26,census,"v2 (measurements.yaml + discovery.PATTERN_REVISIONS round 1, sha1 12e9f79f)"
2,wearable_heart_rate,Wearable heart rate (consumer/clinical wearable),ctgov|NCT03675087|outcome_description|1023|wearable_heart_rate,trial:NCT03675087,outcome_measure,outcome_description,secondary,It is measured in beats per minute with the [[heart rate sensor]] of the Polar TM31 band in the 6MWT or with the 12-lead JaegerTM ECG in the peak CPET. Mean and standard deviation of the differences in hearth rate b...,heart rate sensor,26,census,"v2 (measurements.yaml + discovery.PATTERN_REVISIONS round 1, sha1 12e9f79f)"
2,wearable_heart_rate,Wearable heart rate (consumer/clinical wearable),ctgov|NCT03675087|outcome_description|1025|wearable_heart_rate,trial:NCT03675087,outcome_measure,outcome_description,secondary,"It will be measured in milliseconds, standard deviation of all the variations in the time interval between heartbeats measured with the [[heart rate sensor of the TM31 Polar band]] in the 6MWT or with the 12-lead JaegerTM ECG in the peak CPET. Mean and standard deviation will be calculated.",heart rate sensor of the TM31 Polar band,26,census,"v2 (measurements.yaml + discovery.PATTERN_REVISIONS round 1, sha1 12e9f79f)"
2,wearable_heart_rate,Wearable heart rate (consumer/clinical wearable),ctgov|NCT05027724|outcome_description|2|wearable_heart_rate,trial:NCT05027724,outcome_measure,outcome_description,primary,"Submaximal (Test terminated at 85% maximal heart rate) cycle ergometer based assessment, using indirect calorimetry and [[heart rate monitor]]ing to determine breath-by-breath oxygen consumption",heart rate monitor,26,census,"v2 (measurements.yaml + discovery.PATTERN_REVISIONS round 1, sha1 12e9f79f)"
2,wearable_heart_rate,Wearable heart rate (consumer/clinical wearable),ctgov|NCT05040893|intervention_description|0|wearable_heart_rate,trial:NCT05040893,intervention,intervention_description,,"Interventions will include: 1. Education and self-management strategies, including the use of wearable activity and real-time [[heart rate monitors]], to safely guide pacing and activity. 2. Breathing pattern education and retraining (including diaphragmatic, relaxed, and paced breathing exercises)...",heart rate monitors,26,census,"v2 (measurements.yaml + discovery.PATTERN_REVISIONS round 1, sha1 12e9f79f)"
2,wearable_heart_rate,Wearable heart rate (consumer/clinical wearable),ctgov|NCT05502094|intervention_description|0|wearable_heart_rate,trial:NCT05502094,intervention,intervention_description,,The [[heart rate variability of the participants will be measured with the Polar H10]] device with a measurement time of 5 minutes.,heart rate variability of the participants will be measured with the Polar H10,26,census,"v2 (measurements.yaml + discovery.PATTERN_REVISIONS round 1, sha1 12e9f79f)"
2,wearable_heart_rate,Wearable heart rate (consumer/clinical wearable),ctgov|NCT05622669|brief_summary|-1|wearable_heart_rate,trial:NCT05622669,abstract,brief_summary,,"...ue in detail in individuals with myeloma, long COVID, heart failure, and in healthy controls without fatigue. Participants will wear ECG patches and [[wrist-worn sensors that measure heart rate]] variability, activity levels, posture, and other parameters. They will self-rate their levels of fatigue four times daily and on-demand (when fatigue...",wrist-worn sensors that measure heart rate,26,census,"v2 (measurements.yaml + discovery.PATTERN_REVISIONS round 1, sha1 12e9f79f)"
2,wearable_heart_rate,Wearable heart rate (consumer/clinical wearable),ctgov|NCT05764070|outcome_description|1|wearable_heart_rate,trial:NCT05764070,outcome_measure,outcome_description,primary,The [[Polar H10 device is a heart rate]] sensor that comes with a wearable chest strap and is the gold standard of high sensitivity and accuracy. It can be connected to multiple training dev...,Polar H10 device is a heart rate,26,census,"v2 (measurements.yaml + discovery.PATTERN_REVISIONS round 1, sha1 12e9f79f)"
2,wearable_heart_rate,Wearable heart rate (consumer/clinical wearable),ctgov|NCT06073886|outcome_description|1001|wearable_heart_rate,trial:NCT06073886,outcome_measure,outcome_description,secondary,Using [[heart rate variability metric from the Oura]] Ring,heart rate variability metric from the Oura,26,census,"v2 (measurements.yaml + discovery.PATTERN_REVISIONS round 1, sha1 12e9f79f)"
2,wearable_heart_rate,Wearable heart rate (consumer/clinical wearable),ctgov|NCT06248151|outcome_description|1000|wearable_heart_rate,trial:NCT06248151,outcome_measure,outcome_description,secondary,Assessment of heart rate using a [[heart rate monitor]],heart rate monitor,26,census,"v2 (measurements.yaml + discovery.PATTERN_REVISIONS round 1, sha1 12e9f79f)"
2,wearable_heart_rate,Wearable heart rate (consumer/clinical wearable),ctgov|NCT06248151|outcome_description|1|wearable_heart_rate,trial:NCT06248151,outcome_measure,outcome_description,primary,Assessment of the heart rate variability indicators using a [[heart rate monitor]],heart rate monitor,26,census,"v2 (measurements.yaml + discovery.PATTERN_REVISIONS round 1, sha1 12e9f79f)"
2,wearable_heart_rate,Wearable heart rate (consumer/clinical wearable),ctgov|NCT06305793|outcome_measure|1008|wearable_heart_rate,trial:NCT06305793,outcome_measure,outcome_measure,secondary,Change in [[heart rate as measured by a wearable device]],heart rate as measured by a wearable device,26,census,"v2 (measurements.yaml + discovery.PATTERN_REVISIONS round 1, sha1 12e9f79f)"
2,wearable_heart_rate,Wearable heart rate (consumer/clinical wearable),ctgov|NCT06366724|outcome_description|1005|wearable_heart_rate,trial:NCT06366724,outcome_measure,outcome_description,secondary,Change in resting [[heart rate (bpm) using Garmin]] VivoSmart 5,heart rate (bpm) using Garmin,26,census,"v2 (measurements.yaml + discovery.PATTERN_REVISIONS round 1, sha1 12e9f79f)"
2,wearable_heart_rate,Wearable heart rate (consumer/clinical wearable),ctgov|NCT06829836|outcome_description|1004|wearable_heart_rate,trial:NCT06829836,outcome_measure,outcome_description,secondary,"[[Heart rate, sleep duration, and steps will be measured and obtained via the WHOOP]] Strap 4. Measures obtained from the WHOOP strap include continuous heart rate monitoring, sleep cycle, sleep stage, and total step data. The HRV meas...","Heart rate, sleep duration, and steps will be measured and obtained via the WHOOP",26,census,"v2 (measurements.yaml + discovery.PATTERN_REVISIONS round 1, sha1 12e9f79f)"
2,wearable_heart_rate,Wearable heart rate (consumer/clinical wearable),ctgov|NCT06829836|outcome_description|1005|wearable_heart_rate,trial:NCT06829836,outcome_measure,outcome_description,secondary,"Maximal oxygen consumption will be assessed on a cycle ergometer using a TrueOne 2400 Metabolic Measurement System. A Polar [[Heart Rate Sensor]] H1 will be outfitted for each participant before starting the assessment. Participants will rest for 5 minutes in a seated position when heart rate, ...",Heart Rate Sensor,26,census,"v2 (measurements.yaml + discovery.PATTERN_REVISIONS round 1, sha1 12e9f79f)"
2,wearable_heart_rate,Wearable heart rate (consumer/clinical wearable),ctgov|NCT06978582|outcome_description|1000|wearable_heart_rate,trial:NCT06978582,outcome_measure,outcome_description,secondary,"...idated in previous studies for assessing resting HRV, showing a significant correlation with reference medical devices such as electrocardiograms and [[heart rate monitors]] (intraclass correlation coefficient \> 0.90).",heart rate monitors,26,census,"v2 (measurements.yaml + discovery.PATTERN_REVISIONS round 1, sha1 12e9f79f)"
2,wearable_heart_rate,Wearable heart rate (consumer/clinical wearable),ctgov|NCT07275164|outcome_description|1009|wearable_heart_rate,trial:NCT07275164,outcome_measure,outcome_description,secondary,"Vasomotor function of the autonomic nervous system (parasympathetic branch) will be measured with the help of resting [[heart rate variability (HRV), which will be measured using a chest strap (polar H10]]). The root mean square of successive RR-interval differences (RRSMD), mean RR interval, standard deviation of all normal RR intervals (SDNN), and per...","heart rate variability (HRV), which will be measured using a chest strap (polar H10",26,census,"v2 (measurements.yaml + discovery.PATTERN_REVISIONS round 1, sha1 12e9f79f)"
2,wearable_heart_rate,Wearable heart rate (consumer/clinical wearable),ctgov|NCT07312409|outcome_description|1000|wearable_heart_rate,trial:NCT07312409,outcome_measure,outcome_description,secondary,Variability of resting [[heart rate will be measured in lab using ECG and at home using a polar heart]] rate strap.,heart rate will be measured in lab using ECG and at home using a polar heart,26,census,"v2 (measurements.yaml + discovery.PATTERN_REVISIONS round 1, sha1 12e9f79f)"
2,wearable_heart_rate,Wearable heart rate (consumer/clinical wearable),ctgov|NCT07388550|brief_summary|-1|wearable_heart_rate,trial:NCT07388550,abstract,brief_summary,,"... body functions, such as heart rate, blood pressure, sweating, and digestion. Their grip strength and walking pace will be measured. They will wear a [[heart rate monitor]] for 24 hours. They will wear devices on a wrist and thigh to measure activity for 10 days. Participants will have a lumbar puncture (spinal tap): A ...",heart rate monitor,26,census,"v2 (measurements.yaml + discovery.PATTERN_REVISIONS round 1, sha1 12e9f79f)"
2,wearable_heart_rate,Wearable heart rate (consumer/clinical wearable),ctgov|NCT07715838|outcome_description|1002|wearable_heart_rate,trial:NCT07715838,outcome_measure,outcome_description,secondary,"To measure routine activities in daily life, participants will be asked to wear an activity device (Actigraph) on their dominant hip as well as a [[heart rate device (polar H10]]) around their chest. During the 7 days of wearing the devices participant will be asked to fill out an activity diary. The difference in activity le...",heart rate device (polar H10,26,census,"v2 (measurements.yaml + discovery.PATTERN_REVISIONS round 1, sha1 12e9f79f)"
2,wearable_heart_rate,Wearable heart rate (consumer/clinical wearable),ctgov|NCT07783074|keywords|-1|wearable_heart_rate,trial:NCT07783074,abstract,keywords,,digital biomarker | [[wearable devices | passive sensing | smartphone application | remote monitoring | actigraphy | heart rate]] variability | long COVID | Post-Acute COVID-19 Syndrome | feasibility study | compliance | adherence | fatigue monitoring | gut microbiome | post-exe...,wearable devices | passive sensing | smartphone application | remote monitoring | actigraphy | heart rate,26,census,"v2 (measurements.yaml + discovery.PATTERN_REVISIONS round 1, sha1 12e9f79f)"
2,wearable_heart_rate,Wearable heart rate (consumer/clinical wearable),nih|11343361|abstract_text|-1|wearable_heart_rate,nih:11343361,abstract,abstract_text,,"...ent central sensitization and impaired pain modulation. In Aim 2, we will assess autonomic dysfunction by collecting 4 weeks of real-world data using [[wearable sensors to measure heart rate, heart rate]] variability (HRV), and circadian rhythms to distinguish centrally-mediated symptoms from inflammation-driven symptoms in patients with UC-IBS and Mil...","wearable sensors
to measure heart rate, heart rate",26,census,"v2 (measurements.yaml + discovery.PATTERN_REVISIONS round 1, sha1 12e9f79f)"
