audit_round,measurement_id,measurement_name,mention_id,object_id,role,field,outcome_type,snippet,matched_text,n_population,sample_type,pattern_version
1,accelerometry,Accelerometry / actigraphy,ctgov|NCT00692471|intervention_name|0|accelerometry,trial:NCT00692471,intervention,intervention_name,,[[Actigraph]]y Watch (motion sensors) with light sensors - ActiWatch from Minimitter,Actigraph,151,seeded_random_30,v1 (configs/measurements.yaml as shipped)
1,accelerometry,Accelerometry / actigraphy,ctgov|NCT00692471|intervention_other_names|0|accelerometry,trial:NCT00692471,intervention,intervention_other_names,,[[ActiWatch]] from Minimitter,ActiWatch,151,seeded_random_30,v1 (configs/measurements.yaml as shipped)
1,accelerometry,Accelerometry / actigraphy,ctgov|NCT03675087|outcome_description|1016|accelerometry,trial:NCT03675087,outcome_measure,outcome_description,secondary,"...4 hours/day before both exercise tests and 7 days, 24 hours/day after the 6MWT and after the peak CPET. It will be registered with the activity meter [[ActivPAL]]4 micro, which is validated as an instrument for detecting the activity and as a tool for estimating energy expenditure, and whose data are reproducib...",ActivPAL,151,seeded_random_30,v1 (configs/measurements.yaml as shipped)
1,accelerometry,Accelerometry / actigraphy,ctgov|NCT03675087|outcome_measure|1009|accelerometry,trial:NCT03675087,outcome_measure,outcome_measure,secondary,Mean of Physical Activity Level at Baseline on [[ActivPAL]] 4 Micro.,ActivPAL,151,seeded_random_30,v1 (configs/measurements.yaml as shipped)
1,accelerometry,Accelerometry / actigraphy,ctgov|NCT03849326|intervention_name|3|accelerometry,trial:NCT03849326,intervention,intervention_name,,[[actigraph]]y,actigraph,151,seeded_random_30,v1 (configs/measurements.yaml as shipped)
1,accelerometry,Accelerometry / actigraphy,ctgov|NCT03849326|outcome_description|1003|accelerometry,trial:NCT03849326,outcome_measure,outcome_description,secondary,measured by [[actigraph]]y,actigraph,151,seeded_random_30,v1 (configs/measurements.yaml as shipped)
1,accelerometry,Accelerometry / actigraphy,ctgov|NCT04768257|outcome_description|1|accelerometry,trial:NCT04768257,outcome_measure,outcome_description,primary,"Patients will wear a tri-axial [[acceleromet]]er for 1 week. A valid assessment will be a minimum of two days with at least 8 hours of wearing time, weekends excluded. The minute-by-minute output...",acceleromet,151,seeded_random_30,v1 (configs/measurements.yaml as shipped)
1,accelerometry,Accelerometry / actigraphy,ctgov|NCT04768257|outcome_description|5|accelerometry,trial:NCT04768257,outcome_measure,outcome_description,primary,"Patients will wear a tri-axial [[acceleromet]]er for 1 week. A valid assessment will be a minimum of two days with at least 8 hours of wearing time, weekends excluded. The minute-by-minute output...",acceleromet,151,seeded_random_30,v1 (configs/measurements.yaml as shipped)
1,accelerometry,Accelerometry / actigraphy,ctgov|NCT05013606|brief_summary|-1|accelerometry,trial:NCT05013606,abstract,brief_summary,,"...eek after the 30 day trial. In addition, 7-day home-based objective assessments of heart rate variability (a measure of parasympathetic function) and [[acceleromet]]ry (a physical activity assessment) will be scheduled before and after the intervention period.",acceleromet,151,seeded_random_30,v1 (configs/measurements.yaml as shipped)
1,accelerometry,Accelerometry / actigraphy,ctgov|NCT05094622|outcome_measure|1|accelerometry,trial:NCT05094622,outcome_measure,outcome_measure,primary,Change in time in upright position and [[steps per day]],steps per day,151,seeded_random_30,v1 (configs/measurements.yaml as shipped)
1,accelerometry,Accelerometry / actigraphy,ctgov|NCT05172206|outcome_description|1019|accelerometry,trial:NCT05172206,outcome_measure,outcome_description,secondary,daily total [[steps per day]] will be recorded by a Garmin watch linked to the SaniQ App,steps per day,151,seeded_random_30,v1 (configs/measurements.yaml as shipped)
1,accelerometry,Accelerometry / actigraphy,ctgov|NCT05467904|outcome_measure|1004|accelerometry,trial:NCT05467904,outcome_measure,outcome_measure,secondary,[[Daily Steps]],Daily Steps,151,seeded_random_30,v1 (configs/measurements.yaml as shipped)
1,accelerometry,Accelerometry / actigraphy,ctgov|NCT05823896|outcome_description|1009|accelerometry,trial:NCT05823896,outcome_measure,outcome_description,secondary,The effect of oral administration of nirmatrelvir/ritonavir on physical activity. Change from baseline as measured by [[acceleromet]]er.,acceleromet,151,seeded_random_30,v1 (configs/measurements.yaml as shipped)
1,accelerometry,Accelerometry / actigraphy,ctgov|NCT05890599|outcome_description|1031|accelerometry,trial:NCT05890599,outcome_measure,outcome_description,secondary,General tracking of patients' movement habits via [[activity monitor]],activity monitor,151,seeded_random_30,v1 (configs/measurements.yaml as shipped)
1,accelerometry,Accelerometry / actigraphy,ctgov|NCT06165978|intervention_description|1|accelerometry,trial:NCT06165978,intervention,intervention_description,,"Goal setting and review (weekly: +15% of the previous week's average [[daily steps]] or walking time, or +1000 steps/day or +10 minutes walking - to be specified)",daily steps,151,seeded_random_30,v1 (configs/measurements.yaml as shipped)
1,accelerometry,Accelerometry / actigraphy,ctgov|NCT06204458|outcome_measure|1026|accelerometry,trial:NCT06204458,outcome_measure,outcome_measure,secondary,Pedometer ([[step count]]),step count,151,seeded_random_30,v1 (configs/measurements.yaml as shipped)
1,accelerometry,Accelerometry / actigraphy,ctgov|NCT06267300|outcome_measure|1001|accelerometry,trial:NCT06267300,outcome_measure,outcome_measure,secondary,"Activity tracking (through wrist band), monitoring heart rate, [[step count]] and sleep patterns",step count,151,seeded_random_30,v1 (configs/measurements.yaml as shipped)
1,accelerometry,Accelerometry / actigraphy,ctgov|NCT06305793|outcome_measure|1007|accelerometry,trial:NCT06305793,outcome_measure,outcome_measure,secondary,Change in [[step count]] as measured by a wearable device,step count,151,seeded_random_30,v1 (configs/measurements.yaml as shipped)
1,accelerometry,Accelerometry / actigraphy,ctgov|NCT06366724|outcome_description|1002|accelerometry,trial:NCT06366724,outcome_measure,outcome_description,secondary,Change in [[daily steps]] (steps/day) measured using Garmin Vivosmart 5,daily steps,151,seeded_random_30,v1 (configs/measurements.yaml as shipped)
1,accelerometry,Accelerometry / actigraphy,ctgov|NCT06404112|outcome_description|1012|accelerometry,trial:NCT06404112,outcome_measure,outcome_description,secondary,"Sleep Efficiency is the percentage of the sleep period spent asleep, as measured by [[activity tracker]]",activity tracker,151,seeded_random_30,v1 (configs/measurements.yaml as shipped)
1,accelerometry,Accelerometry / actigraphy,ctgov|NCT06404112|outcome_measure|1010|accelerometry,trial:NCT06404112,outcome_measure,outcome_measure,secondary,"Change in average (over a 7-day period) nocturnal sleep duration, assessed by [[activity tracker]]",activity tracker,151,seeded_random_30,v1 (configs/measurements.yaml as shipped)
1,accelerometry,Accelerometry / actigraphy,ctgov|NCT06404112|outcome_measure|1011|accelerometry,trial:NCT06404112,outcome_measure,outcome_measure,secondary,"Change in average (over a 7-day period) 24-hour sleep duration, assessed by [[activity tracker]]",activity tracker,151,seeded_random_30,v1 (configs/measurements.yaml as shipped)
1,accelerometry,Accelerometry / actigraphy,ctgov|NCT06747910|brief_summary|-1|accelerometry,trial:NCT06747910,abstract,brief_summary,,"...D. Primary Objectives: * To determine the sensitivity and specificity of heart rate variability (HRV), measured remotely with biosensor technology ([[Actigraph]] LEAP), compared to in-person assessment using the Ewing battery as the reference standard to identify cardiac autonomic dysfunction (AD) among surviv...",Actigraph,151,seeded_random_30,v1 (configs/measurements.yaml as shipped)
1,accelerometry,Accelerometry / actigraphy,ctgov|NCT06933017|outcome_description|17|accelerometry,trial:NCT06933017,outcome_measure,outcome_description,primary,"Using an [[actigraph]], with a frequenncy of 60 Hertz, that participants wear at their hip on their dominant side. Measuring physical activity as part of the DAG.",actigraph,151,seeded_random_30,v1 (configs/measurements.yaml as shipped)
1,accelerometry,Accelerometry / actigraphy,ctgov|NCT06933017|outcome_measure|17|accelerometry,trial:NCT06933017,outcome_measure,outcome_measure,primary,Level of Physical Activity (PA) and sedentary behavior assessed by [[acceleromet]]ry (activity tracker),acceleromet,151,seeded_random_30,v1 (configs/measurements.yaml as shipped)
1,accelerometry,Accelerometry / actigraphy,ctgov|NCT07190105|outcome_description|8|accelerometry,trial:NCT07190105,outcome_measure,outcome_description,primary,"Monitoring steps will allow us to assess whether SAT and Truvaga Electrical Vagus Nerve Stimulator are associated with an increase in average [[daily steps]], which may indicate enhanced functional capacity or reduced fatigue.",daily steps,151,seeded_random_30,v1 (configs/measurements.yaml as shipped)
1,accelerometry,Accelerometry / actigraphy,ctgov|NCT07715838|outcome_measure|1002|accelerometry,trial:NCT07715838,outcome_measure,outcome_measure,secondary,[[Activity monitor]],Activity monitor,151,seeded_random_30,v1 (configs/measurements.yaml as shipped)
1,accelerometry,Accelerometry / actigraphy,ctgov|NCT07724834|brief_summary|-1|accelerometry,trial:NCT07724834,abstract,brief_summary,,"...y, symptoms related to the autonomic nervous system, muscle strength and fatigability, heart rate and blood pressure responses during standing, daily [[step count]], and cognitive function. Adverse events will be monitored to assess the safety of the treatment. In addition, the study includes biomarker research f...",step count,151,seeded_random_30,v1 (configs/measurements.yaml as shipped)
1,accelerometry,Accelerometry / actigraphy,ctgov|NCT07783074|outcome_measure|1|accelerometry,trial:NCT07783074,outcome_measure,outcome_measure,primary,Percentage of Expected Armband [[Activity Monitor]] Wear Time Recorded Over Two Months,Activity Monitor,151,seeded_random_30,v1 (configs/measurements.yaml as shipped)
1,accelerometry,Accelerometry / actigraphy,nih|9870961|abstract_text|-1|accelerometry,nih:9870961,abstract,abstract_text,,"...hophysiological assessments. Twins will undergo in-lab polysomnography when on site and will be equipped patches for electrocardiogram monitoring and [[actigraph]]y wristbands for sleep monitoring to use at home for 14 days. During their visit, they will be examined in a controlled environment which matches thei...",actigraph,151,seeded_random_30,v1 (configs/measurements.yaml as shipped)
1,wearable_heart_rate,Wearable heart rate (consumer/clinical wearable),ctgov|NCT03003429|outcome_description|0|wearable_heart_rate,trial:NCT03003429,outcome_measure,outcome_description,primary,"The composite measure consists of the following :- Time and spectral-domain measures of HRV measured by nocturn registration with [[heart rate monitor]] and polar RS800CX Time domain - NN (normal-to-normal R-R interval), HRV index (total number of all NN/ the height of the histogram of all NN), SDNN (...",heart rate monitor,142,seeded_random_30,v1 (configs/measurements.yaml as shipped)
1,wearable_heart_rate,Wearable heart rate (consumer/clinical wearable),ctgov|NCT04806620|keywords|-1|wearable_heart_rate,trial:NCT04806620,abstract,keywords,,"... ulcerative colitis) | Celiac disease | Migraines | Mood disorders (anxiety, depression, bipolar, PTSD, OCD) | Mobile health app | Patient registry | [[Wearable device]]s | Fatigue | Post-exertional malaise | Brain Fog | Mental health",Wearable device,142,seeded_random_30,v1 (configs/measurements.yaml as shipped)
1,wearable_heart_rate,Wearable heart rate (consumer/clinical wearable),ctgov|NCT04997395|outcome_description|1007|wearable_heart_rate,trial:NCT04997395,outcome_measure,outcome_description,secondary,The wearable technology will provide 24/7 heart rate tracking and heart rate variability. We will have access to the daily [[resting heart rate]] and averages across discrete periods. We will analyse mean resting heart rate (beats per minute). Variation in the time between each heartbeat (heart...,resting heart rate,142,seeded_random_30,v1 (configs/measurements.yaml as shipped)
1,wearable_heart_rate,Wearable heart rate (consumer/clinical wearable),ctgov|NCT05216536|outcome_description|1055|wearable_heart_rate,trial:NCT05216536,outcome_measure,outcome_description,secondary,Participants will be asked to wear a fitness tracker watch ([[Garmin]] Forerunner 35) 24 hrs/day for 7 consecutive days after each of the three physical evaluations. The sleep time will be retrieved from the fitness trac...,Garmin,142,seeded_random_30,v1 (configs/measurements.yaml as shipped)
1,wearable_heart_rate,Wearable heart rate (consumer/clinical wearable),ctgov|NCT05218174|outcome_description|1096|wearable_heart_rate,trial:NCT05218174,outcome_measure,outcome_description,secondary,"Using the [[WHOOP]] 4.0, sleep stage duration will be recorded. This will be continuously recorded every night for 26 weeks.",WHOOP,142,seeded_random_30,v1 (configs/measurements.yaml as shipped)
1,wearable_heart_rate,Wearable heart rate (consumer/clinical wearable),ctgov|NCT05218174|outcome_measure|1094|wearable_heart_rate,trial:NCT05218174,outcome_measure,outcome_measure,secondary,Sleep duration on [[WHOOP]],WHOOP,142,seeded_random_30,v1 (configs/measurements.yaml as shipped)
1,wearable_heart_rate,Wearable heart rate (consumer/clinical wearable),ctgov|NCT05315739|outcome_measure|1010|wearable_heart_rate,trial:NCT05315739,outcome_measure,outcome_measure,secondary,Autonomic function: [[Resting heart rate]] variability (HRV),Resting heart rate,142,seeded_random_30,v1 (configs/measurements.yaml as shipped)
1,wearable_heart_rate,Wearable heart rate (consumer/clinical wearable),ctgov|NCT05483829|intervention_description|0|wearable_heart_rate,trial:NCT05483829,intervention,intervention_description,,"Adhera® for the Long COVID program, which includes an application and a [[smartwatch]], supported by digital health solution based on emotional and behavioral change techniques. Patient Adaptative Self-Management Content (e.g. psycho-ed...",smartwatch,142,seeded_random_30,v1 (configs/measurements.yaml as shipped)
1,wearable_heart_rate,Wearable heart rate (consumer/clinical wearable),ctgov|NCT05664711|outcome_description|1002|wearable_heart_rate,trial:NCT05664711,outcome_measure,outcome_description,secondary,"A [[wearable device]] (a ring worn on a finger at night) will be used to measure resting heart rate (beats per minute), heart rate variability (milliseconds), and blood ox...",wearable device,142,seeded_random_30,v1 (configs/measurements.yaml as shipped)
1,wearable_heart_rate,Wearable heart rate (consumer/clinical wearable),ctgov|NCT05664711|outcome_description|1003|wearable_heart_rate,trial:NCT05664711,outcome_measure,outcome_description,secondary,"A [[wearable device]] (a ring worn on a finger at night) will be used to measure resting heart rate (beats per minute), heart rate variability (milliseconds), and blood ox...",wearable device,142,seeded_random_30,v1 (configs/measurements.yaml as shipped)
1,wearable_heart_rate,Wearable heart rate (consumer/clinical wearable),ctgov|NCT05741112|brief_summary|-1|wearable_heart_rate,trial:NCT05741112,abstract,brief_summary,,To further characterize Long COVID-19 by collecting data from individuals who already own [[wearable device]]s or are provided with a wearable device along with basic and enhanced educational materials to determine if both can improve Long COVID-19 symptom ma...,wearable device,142,seeded_random_30,v1 (configs/measurements.yaml as shipped)
1,wearable_heart_rate,Wearable heart rate (consumer/clinical wearable),ctgov|NCT05741112|brief_title|-1|wearable_heart_rate,trial:NCT05741112,abstract,brief_title,,The Long COVID-19 [[Wearable Device]] Study,Wearable Device,142,seeded_random_30,v1 (configs/measurements.yaml as shipped)
1,wearable_heart_rate,Wearable heart rate (consumer/clinical wearable),ctgov|NCT05741112|intervention_description|0|wearable_heart_rate,trial:NCT05741112,intervention,intervention_description,,The treatment group will receive their [[wearable device]] and the enhanced education at the start of the study. Their outcomes will be compared with the control group who will receive at 3 months.,wearable device,142,seeded_random_30,v1 (configs/measurements.yaml as shipped)
1,wearable_heart_rate,Wearable heart rate (consumer/clinical wearable),ctgov|NCT05741112|intervention_name|0|wearable_heart_rate,trial:NCT05741112,intervention,intervention_name,,[[Wearable device]],Wearable device,142,seeded_random_30,v1 (configs/measurements.yaml as shipped)
1,wearable_heart_rate,Wearable heart rate (consumer/clinical wearable),ctgov|NCT05922865|outcome_description|4|wearable_heart_rate,trial:NCT05922865,outcome_measure,outcome_description,primary,[[Resting heart rate]] during exercise testing,Resting heart rate,142,seeded_random_30,v1 (configs/measurements.yaml as shipped)
1,wearable_heart_rate,Wearable heart rate (consumer/clinical wearable),ctgov|NCT06087679|outcome_description|1001|wearable_heart_rate,trial:NCT06087679,outcome_measure,outcome_description,secondary,"...alidated and CE labelled product (Vagus ®, Medicus Engineering Aps, Århus, Denmark). By non-invasive means, and after 10 minutes of rest, it includes [[resting heart rate]] plus a CAN score: beat-to-beat variation during three ANS stimulation tests (CARTS) conducted in the following order: 1) stand-up (tilting) (measures...",resting heart rate,142,seeded_random_30,v1 (configs/measurements.yaml as shipped)
1,wearable_heart_rate,Wearable heart rate (consumer/clinical wearable),ctgov|NCT06168006|outcome_description|1013|wearable_heart_rate,trial:NCT06168006,outcome_measure,outcome_description,secondary,"Cardiac autonomic modulation will be assessed through heart rate variability using a [[heart rate monitor]], measured in RR intervals",heart rate monitor,142,seeded_random_30,v1 (configs/measurements.yaml as shipped)
1,wearable_heart_rate,Wearable heart rate (consumer/clinical wearable),ctgov|NCT06170645|outcome_description|1005|wearable_heart_rate,trial:NCT06170645,outcome_measure,outcome_description,secondary,Objective physical activity assessed by step count per day using a [[Garmin]] Vivofit 4 activity tracker.,Garmin,142,seeded_random_30,v1 (configs/measurements.yaml as shipped)
1,wearable_heart_rate,Wearable heart rate (consumer/clinical wearable),ctgov|NCT06456502|outcome_description|1000|wearable_heart_rate,trial:NCT06456502,outcome_measure,outcome_description,secondary,"Through the We Cardio device, which provides variables such as [[resting heart rate]] (HRV) and the root mean square difference of successive interval between two successive R-waves (RMSSD), which reflects beat-to-beat variation in hea...",resting heart rate,142,seeded_random_30,v1 (configs/measurements.yaml as shipped)
1,wearable_heart_rate,Wearable heart rate (consumer/clinical wearable),ctgov|NCT06583395|outcome_description|0|wearable_heart_rate,trial:NCT06583395,outcome_measure,outcome_description,primary,"In Phases 1, 2, and 3 of this study, heart rate data will be collected using a [[Garmin]] wrist device at the beginning of the meditation retreat and continuously for up to ten months after the retreat. Beat-to-beat interval data will be u...",Garmin,142,seeded_random_30,v1 (configs/measurements.yaml as shipped)
1,wearable_heart_rate,Wearable heart rate (consumer/clinical wearable),ctgov|NCT07190105|keywords|-1|wearable_heart_rate,trial:NCT07190105,abstract,keywords,,COVID | Long COVID | Covid-19 | [[Fitbit]] | Sonic Augmentation Technology (SAT) | Electrical Vagus Nerve Stimulator | General Wellness Product | Autonomic Nervous System | Vagus Nerve | Sonoc...,Fitbit,142,seeded_random_30,v1 (configs/measurements.yaml as shipped)
1,wearable_heart_rate,Wearable heart rate (consumer/clinical wearable),ctgov|NCT07312409|brief_summary|-1|wearable_heart_rate,trial:NCT07312409,abstract,brief_summary,,"..., on vascular function and the cardio/cerebrovascular responses to upright posture. We will measure resting vascular function with an EndoPAT device, [[resting heart rate]] variability, and the blood pressure, heart rate, and brain blood flow responses to 5 minutes of head-up tilt before and after weeks of taurine supple...",resting heart rate,142,seeded_random_30,v1 (configs/measurements.yaml as shipped)
1,wearable_heart_rate,Wearable heart rate (consumer/clinical wearable),ctgov|NCT07492953|outcome_description|1001|wearable_heart_rate,trial:NCT07492953,outcome_measure,outcome_description,secondary,"Resting blood pressure (BP) (systolic and diastolic) and [[resting heart rate]] were measured after 5 minutes seated, at baseline and post-intervention. We also tracked any change in these vital signs immediately before and after...",resting heart rate,142,seeded_random_30,v1 (configs/measurements.yaml as shipped)
1,wearable_heart_rate,Wearable heart rate (consumer/clinical wearable),ctgov|NCT07783074|brief_summary|-1|wearable_heart_rate,trial:NCT07783074,abstract,brief_summary,,"... mainly on questionnaires, which can be limited by subjectivity and recall bias. The study uses a smartphone application (the FIDO app) together with [[wearable device]]s to continuously collect data on fatigue and its fluctuations during daily life, in order to evaluate the potential of digital, objective measures co...",wearable device,142,seeded_random_30,v1 (configs/measurements.yaml as shipped)
1,wearable_heart_rate,Wearable heart rate (consumer/clinical wearable),ctgov|NCT07783074|outcome_description|1019|wearable_heart_rate,trial:NCT07783074,outcome_measure,outcome_description,secondary,"... Symptom Questionnaire (MBSQ). Candidate measurements are derived during analysis from raw sensor signals recorded by an armband monitor and consumer [[smartwatch]], including photoplethysmography, inertial, barometric and temperature signals; their scales are not pre-specified. The MBSQ is administered only to p...",smartwatch,142,seeded_random_30,v1 (configs/measurements.yaml as shipped)
1,wearable_heart_rate,Wearable heart rate (consumer/clinical wearable),nih|10559634|public_health_relevance|-1|wearable_heart_rate,nih:10559634,abstract,public_health_relevance,,...(CVD). We are proposing a pilot clinical trial to assess the effectiveness of the NightWare digital therapeutic intervention (vibration delivered via [[Apple Watch]]) vs sham (no vibration) for treating nightmares associated sleep disturbances and cardiovascular health in adults with PTSD-related nightmares.,Apple Watch,142,seeded_random_30,v1 (configs/measurements.yaml as shipped)
1,wearable_heart_rate,Wearable heart rate (consumer/clinical wearable),nih|11171743|abstract_text|-1|wearable_heart_rate,nih:11171743,abstract,abstract_text,,"...el technologies that measure autonomic function more consistently and in patients’ home environments. Such technologies include wearable garments and [[smartwatch]]es capable of serially recording heart-rate variability, electrodermal activity, pupil reactivity and others. This proposal will first assess the test...",smartwatch,142,seeded_random_30,v1 (configs/measurements.yaml as shipped)
1,wearable_heart_rate,Wearable heart rate (consumer/clinical wearable),nih|11180057|abstract_text|-1|wearable_heart_rate,nih:11180057,abstract,abstract_text,,"...ch that allows for passive and continuous monitoring of behaviors and physiological metrics in everyday life using technology such as a smartphone or [[smartwatch]]. In this study, the construct validity of smartwatch-derived metrics will be investigated against conventional neuropsychological measures and questi...",smartwatch,142,seeded_random_30,v1 (configs/measurements.yaml as shipped)
1,wearable_heart_rate,Wearable heart rate (consumer/clinical wearable),nih|11180057|project_title|-1|wearable_heart_rate,nih:11180057,abstract,project_title,,Digital phenotypes from a low-cost [[smartwatch]] to inform early detection of Alzheimer's disease and related dementias,smartwatch,142,seeded_random_30,v1 (configs/measurements.yaml as shipped)
1,wearable_heart_rate,Wearable heart rate (consumer/clinical wearable),nih|11410791|abstract_text|-1|wearable_heart_rate,nih:11410791,abstract,abstract_text,,"...under the control of cardiovascular and respiratory responses regulated by the autonomic nervous system. High exercise capacity correlates with a low [[resting heart rate]], an indirect marker of increased parasympathetic (vagal) tone. On the other hand, impaired exercise capacity is associated with vagal autonomic dysfu...",resting heart rate,142,seeded_random_30,v1 (configs/measurements.yaml as shipped)
1,hrv,Heart-rate variability,ctgov|NCT01249248|brief_title|-1|hrv,trial:NCT01249248,abstract,brief_title,,PD2i Analysis of [[Heart Rate Variability]] in Competitive Sports,Heart Rate Variability,458,seeded_random_30,v1 (configs/measurements.yaml as shipped)
1,hrv,Heart-rate variability,ctgov|NCT01960920|outcome_description|1000|hrv,trial:NCT01960920,outcome_measure,outcome_description,secondary,[[Heart rate variability]] (HRV) analysis attempts to assess cardiac autonomic regulation through quantification of sinus rhythm variability. Heart rate and beat-to-beat interv...,Heart rate variability,458,seeded_random_30,v1 (configs/measurements.yaml as shipped)
1,hrv,Heart-rate variability,ctgov|NCT02499302|outcome_measure|1011|hrv,trial:NCT02499302,outcome_measure,outcome_measure,secondary,[[Heart rate variability]] indices,Heart rate variability,458,seeded_random_30,v1 (configs/measurements.yaml as shipped)
1,hrv,Heart-rate variability,ctgov|NCT02924831|brief_summary|-1|hrv,trial:NCT02924831,abstract,brief_summary,,1. To study the relationship between Chronic Fatigue Syndrome (CFS) and heart rate (HR) and its variability ([[HRV]]). 2. To compare the curative effects and the HR/HRV indices between applicationa of different acupoints as well as different treatments (acupuncture ...,HRV,458,seeded_random_30,v1 (configs/measurements.yaml as shipped)
1,hrv,Heart-rate variability,ctgov|NCT03225898|outcome_description|0|hrv,trial:NCT03225898,outcome_measure,outcome_description,primary,[[Heart rate variability]],Heart rate variability,458,seeded_random_30,v1 (configs/measurements.yaml as shipped)
1,hrv,Heart-rate variability,ctgov|NCT05013606|outcome_measure|2000|hrv,trial:NCT05013606,outcome_measure,outcome_measure,other,[[Heart rate variability]],Heart rate variability,458,seeded_random_30,v1 (configs/measurements.yaml as shipped)
1,hrv,Heart-rate variability,ctgov|NCT05098977|official_title|-1|hrv,trial:NCT05098977,abstract,official_title,,"The Usefulness of Assessing [[Heart Rate Variability]] in Patients With Acute Myocardial Infarction: From Primary Angioplasty to Secondary Long-term Prevention - a Single Centre, Prospective, Observationa...",Heart Rate Variability,458,seeded_random_30,v1 (configs/measurements.yaml as shipped)
1,hrv,Heart-rate variability,ctgov|NCT05204511|keywords|-1|hrv,trial:NCT05204511,abstract,keywords,,...rcise therapy | endurance training | concurrent training | physical peformance | inflammatory markers | quality of life | concentration performance | [[heart rate variability]],heart rate variability,458,seeded_random_30,v1 (configs/measurements.yaml as shipped)
1,hrv,Heart-rate variability,ctgov|NCT05228665|brief_summary|-1|hrv,trial:NCT05228665,abstract,brief_summary,,"...ng predominantly in a stress or 'fight or flight' response, also known as dysautonomia. One way of assessing whether this is the case is by measuring [[heart rate variability]] (HRV). This is the time variation between heart beats and is a marker of how stressed the nervous system is or how strong is the 'fight or flight' re...",heart rate variability,458,seeded_random_30,v1 (configs/measurements.yaml as shipped)
1,hrv,Heart-rate variability,ctgov|NCT05315739|outcome_description|1014|hrv,trial:NCT05315739,outcome_measure,outcome_description,secondary,"A small patch sensor (ePatch) will be used to monitor the [[heart rate variability]] during a period of 7 days. Classical time (RR-interval, SDNN, SDNNi, SDANN, RMSSD) and frequency (VLF, LF, HF and LF/HF) domain heart rate variabilit...",heart rate variability,458,seeded_random_30,v1 (configs/measurements.yaml as shipped)
1,hrv,Heart-rate variability,ctgov|NCT05648123|outcome_description|2|hrv,trial:NCT05648123,outcome_measure,outcome_description,primary,Measured by assessing [[SDNN]] by using Photoplethysmograph SA-3000P,SDNN,458,seeded_random_30,v1 (configs/measurements.yaml as shipped)
1,hrv,Heart-rate variability,ctgov|NCT05756452|intervention_description|0|hrv,trial:NCT05756452,intervention,intervention_description,,"All partecipants will undergo a global echocardiographic evaluation, a 24-hour ECG Holter recording to assess [[HRV]] and blood samples collection for neurotransmitter measurements, platelet activation and reactivity evaluation and inflammatory profile assessment by ...",HRV,458,seeded_random_30,v1 (configs/measurements.yaml as shipped)
1,hrv,Heart-rate variability,ctgov|NCT05807555|outcome_measure|0|hrv,trial:NCT05807555,outcome_measure,outcome_measure,primary,Kinetic of the HF(High Frequency) index (ms2/Hz) of [[heart rate variability]],heart rate variability,458,seeded_random_30,v1 (configs/measurements.yaml as shipped)
1,hrv,Heart-rate variability,ctgov|NCT05807555|outcome_measure|1003|hrv,trial:NCT05807555,outcome_measure,outcome_measure,secondary,Parasympathetic indices [[RMSSD]] (Root mean square of successive RR interval differences) evaluation,RMSSD,458,seeded_random_30,v1 (configs/measurements.yaml as shipped)
1,hrv,Heart-rate variability,ctgov|NCT05890599|outcome_measure|1032|hrv,trial:NCT05890599,outcome_measure,outcome_measure,secondary,[[Heart rate variability]],Heart rate variability,458,seeded_random_30,v1 (configs/measurements.yaml as shipped)
1,hrv,Heart-rate variability,ctgov|NCT05918965|outcome_description|0|hrv,trial:NCT05918965,outcome_measure,outcome_description,primary,20-minute documentation of the [[heart rate variability]] with a 24-hour-elektrocardiography,heart rate variability,458,seeded_random_30,v1 (configs/measurements.yaml as shipped)
1,hrv,Heart-rate variability,ctgov|NCT05989763|outcome_measure|1001|hrv,trial:NCT05989763,outcome_measure,outcome_measure,secondary,Change in autonomic dysfunction as assessed by the [[Heart rate variability]] (HRV) measures,Heart rate variability,458,seeded_random_30,v1 (configs/measurements.yaml as shipped)
1,hrv,Heart-rate variability,ctgov|NCT06073886|outcome_description|1001|hrv,trial:NCT06073886,outcome_measure,outcome_description,secondary,Using [[heart rate variability]] metric from the Oura Ring,heart rate variability,458,seeded_random_30,v1 (configs/measurements.yaml as shipped)
1,hrv,Heart-rate variability,ctgov|NCT06100601|intervention_other_names|0|hrv,trial:NCT06100601,intervention,intervention_other_names,,[[HRV]] biofeedback,HRV,458,seeded_random_30,v1 (configs/measurements.yaml as shipped)
1,hrv,Heart-rate variability,ctgov|NCT06248151|outcome_description|1|hrv,trial:NCT06248151,outcome_measure,outcome_description,primary,Assessment of the [[heart rate variability]] indicators using a heart rate monitor,heart rate variability,458,seeded_random_30,v1 (configs/measurements.yaml as shipped)
1,hrv,Heart-rate variability,ctgov|NCT06288828|outcome_description|2|hrv,trial:NCT06288828,outcome_measure,outcome_description,primary,"Assessment of frequency-domain components of [[heart rate variability]], including Total Power (TF), High Frequency (HF), Low Frequency (LF), and Very Low Frequency (VLF). Analysis was performed using Adinstrument (tm) on...",heart rate variability,458,seeded_random_30,v1 (configs/measurements.yaml as shipped)
1,hrv,Heart-rate variability,ctgov|NCT06404411|outcome_measure|1008|hrv,trial:NCT06404411,outcome_measure,outcome_measure,secondary,[[RMSSD]],RMSSD,458,seeded_random_30,v1 (configs/measurements.yaml as shipped)
1,hrv,Heart-rate variability,ctgov|NCT06510985|outcome_measure|2006|hrv,trial:NCT06510985,outcome_measure,outcome_measure,other,Other Stimulation-induced changes in [[heart rate variability]],heart rate variability,458,seeded_random_30,v1 (configs/measurements.yaml as shipped)
1,hrv,Heart-rate variability,ctgov|NCT06532825|intervention_other_names|0|hrv,trial:NCT06532825,intervention,intervention_other_names,,[[heart rate variability]],heart rate variability,458,seeded_random_30,v1 (configs/measurements.yaml as shipped)
1,hrv,Heart-rate variability,ctgov|NCT06554834|outcome_description|2|hrv,trial:NCT06554834,outcome_measure,outcome_description,primary,"The LF component of [[HRV]], associated with both sympathetic and parasympathetic activity, will be assessed. LF power will be measured to understand its modulation through the ...",HRV,458,seeded_random_30,v1 (configs/measurements.yaml as shipped)
1,hrv,Heart-rate variability,ctgov|NCT06747910|outcome_measure|0|hrv,trial:NCT06747910,outcome_measure,outcome_measure,primary,[[Heart rate variability]] (msec),Heart rate variability,458,seeded_random_30,v1 (configs/measurements.yaml as shipped)
1,hrv,Heart-rate variability,ctgov|NCT06829836|outcome_description|1004|hrv,trial:NCT06829836,outcome_measure,outcome_description,secondary,"...he WHOOP Strap 4. Measures obtained from the WHOOP strap include continuous heart rate monitoring, sleep cycle, sleep stage, and total step data. The [[HRV]] measurement from the WHOOP strap will then be compared to the HRV analysis performed using the standard deviation of the normal-to-normal beat method...",HRV,458,seeded_random_30,v1 (configs/measurements.yaml as shipped)
1,hrv,Heart-rate variability,ctgov|NCT07454395|keywords|-1|hrv,trial:NCT07454395,abstract,keywords,,swimming | ME/CFS | [[HRV]] | Visible App | long-covid,HRV,458,seeded_random_30,v1 (configs/measurements.yaml as shipped)
1,hrv,Heart-rate variability,ctgov|NCT07682402|outcome_description|1002|hrv,trial:NCT07682402,outcome_measure,outcome_description,secondary,This study will target detection of a change in heart rate and [[heart rate variability]] from baseline to three months,heart rate variability,458,seeded_random_30,v1 (configs/measurements.yaml as shipped)
1,hrv,Heart-rate variability,nih|9681993|project_title|-1|hrv,nih:9681993,abstract,project_title,,[[Heart Rate Variability]] as a Predictor of Cognitive Performance in the Multi-Ethnic Study of Atherosclerosis,Heart Rate Variability,458,seeded_random_30,v1 (configs/measurements.yaml as shipped)
1,ecg_ambulatory,ECG (ambulatory/wearable/patch),ctgov|NCT01147263|intervention_description|0|ecg_ambulatory,trial:NCT01147263,intervention,intervention_description,,"Physical examination, [[ECG]], Loop recorder, Heart rate variability evaluation",ECG,230,seeded_random_30,v1 (configs/measurements.yaml as shipped)
1,ecg_ambulatory,ECG (ambulatory/wearable/patch),ctgov|NCT01804192|outcome_description|1000|ecg_ambulatory,trial:NCT01804192,outcome_measure,outcome_description,secondary,Three [[ECG]] electrodes will be applied over left and right clavicles and left upper quadrant of abdomen respectively and then connect to a digital patient monito...,ECG,230,seeded_random_30,v1 (configs/measurements.yaml as shipped)
1,ecg_ambulatory,ECG (ambulatory/wearable/patch),ctgov|NCT02018497|outcome_description|1003|ecg_ambulatory,trial:NCT02018497,outcome_measure,outcome_description,secondary,"...inephrine, norepinephrine, metanephrines, vanilmandelic acid, ACTH, aldosterone, renin, thyrotropine, free thyroxine, triiodothyronine, testosterone [[Electrocardiogra]]m: PR interval, QRS complex, Heart rate, cQT interval Holter variables: HR, SDNN and sympathovagal balance, at day, night and 24 hs. ABPM: Systolic,...",Electrocardiogra,230,seeded_random_30,v1 (configs/measurements.yaml as shipped)
1,ecg_ambulatory,ECG (ambulatory/wearable/patch),ctgov|NCT02018497|outcome_measure|1001|ecg_ambulatory,trial:NCT02018497,outcome_measure,outcome_measure,secondary,"Relationship between blood pressure group, adaptability group, habits anthropometric, metabolic, endocrine, [[electrocardiogra]]phic, Holter, ambulatory arterial blood pressure monitoring.",electrocardiogra,230,seeded_random_30,v1 (configs/measurements.yaml as shipped)
1,ecg_ambulatory,ECG (ambulatory/wearable/patch),ctgov|NCT02154009|brief_summary|-1|ecg_ambulatory,trial:NCT02154009,abstract,brief_summary,,...ide a thin plastic tube into an arm vein. * Participants may have blood drawn several times. They may give a urine sample. * Participants may have an [[electrocardiogra]]m. * How much blood a participant s heart is pumping and/or how much blood is flowing through their arm may be measured. The total amount of blood in ...,electrocardiogra,230,seeded_random_30,v1 (configs/measurements.yaml as shipped)
1,ecg_ambulatory,ECG (ambulatory/wearable/patch),ctgov|NCT02276716|outcome_description|0|ecg_ambulatory,trial:NCT02276716,outcome_measure,outcome_description,primary,"blood lab values, CBC, metabolic panel,physical exam, vital signs, 12 lead [[ECG]]",ECG,230,seeded_random_30,v1 (configs/measurements.yaml as shipped)
1,ecg_ambulatory,ECG (ambulatory/wearable/patch),ctgov|NCT03275155|brief_summary|-1|ecg_ambulatory,trial:NCT03275155,abstract,brief_summary,,"...ents with atrial fibrillation (AF) diagnosed before the ischemic event or known AF (KAF), and patients with normal sinus rhythm (NSR) after 14 day of [[cardiac monitor]]ing following the event onset.",cardiac monitor,230,seeded_random_30,v1 (configs/measurements.yaml as shipped)
1,ecg_ambulatory,ECG (ambulatory/wearable/patch),ctgov|NCT03365414|outcome_measure|1004|ecg_ambulatory,trial:NCT03365414,outcome_measure,outcome_measure,secondary,Change in maximal exercise capacity - [[Electrocardiogra]]m,Electrocardiogra,230,seeded_random_30,v1 (configs/measurements.yaml as shipped)
1,ecg_ambulatory,ECG (ambulatory/wearable/patch),ctgov|NCT03675087|outcome_measure|1022|ecg_ambulatory,trial:NCT03675087,outcome_measure,outcome_measure,secondary,Mean Change from Baseline in Heart Rate on Pulsiometer or [[Electrocardiogra]]m at Maximum Hearth Rate in both Exercise Tests.,Electrocardiogra,230,seeded_random_30,v1 (configs/measurements.yaml as shipped)
1,ecg_ambulatory,ECG (ambulatory/wearable/patch),ctgov|NCT03691987|outcome_measure|1006|ecg_ambulatory,trial:NCT03691987,outcome_measure,outcome_measure,secondary,Change in HRV in donor FMT vs placebo FMT group derived from the R-R intervals in continuous [[ECG]] recordings. The primary vagal function outcome will be differences in changes from pre-post treatment between groups in High Frequency HRV (HF-HRV; i...,ECG,230,seeded_random_30,v1 (configs/measurements.yaml as shipped)
1,ecg_ambulatory,ECG (ambulatory/wearable/patch),ctgov|NCT03775096|outcome_description|1000|ecg_ambulatory,trial:NCT03775096,outcome_measure,outcome_description,secondary,"... monitored collecting the type and frequency of adverse events, including clinical symptoms, changes in vital signs, clinical laboratory measures and [[EKG]] abnormalities.",EKG,230,seeded_random_30,v1 (configs/measurements.yaml as shipped)
1,ecg_ambulatory,ECG (ambulatory/wearable/patch),ctgov|NCT03911609|outcome_description|4|ecg_ambulatory,trial:NCT03911609,outcome_measure,outcome_description,primary,[[Electrocardiogra]]m data will be recorded for ten minutes. Subjects will be instructed to relax. A two-lead configuration method will be utilized with electrodes placed...,Electrocardiogra,230,seeded_random_30,v1 (configs/measurements.yaml as shipped)
1,ecg_ambulatory,ECG (ambulatory/wearable/patch),ctgov|NCT05098977|outcome_description|2001|ecg_ambulatory,trial:NCT05098977,outcome_measure,outcome_description,other,Defined as [[electrocardiogra]]phic documentation of ventricular fibrillation or sustained ventricular tachycardia,electrocardiogra,230,seeded_random_30,v1 (configs/measurements.yaml as shipped)
1,ecg_ambulatory,ECG (ambulatory/wearable/patch),ctgov|NCT05218174|outcome_description|1064|ecg_ambulatory,trial:NCT05218174,outcome_measure,outcome_description,secondary,"Using an [[electrocardiogra]]m, heart rhythm will be recorded.",electrocardiogra,230,seeded_random_30,v1 (configs/measurements.yaml as shipped)
1,ecg_ambulatory,ECG (ambulatory/wearable/patch),ctgov|NCT05218174|outcome_description|1065|ecg_ambulatory,trial:NCT05218174,outcome_measure,outcome_description,secondary,"Using an [[electrocardiogra]]m, heart rhythm will be recorded.",electrocardiogra,230,seeded_random_30,v1 (configs/measurements.yaml as shipped)
1,ecg_ambulatory,ECG (ambulatory/wearable/patch),ctgov|NCT05240742|outcome_description|1004|ecg_ambulatory,trial:NCT05240742,outcome_measure,outcome_description,secondary,"... of radiologic imaging techniques (such as cardiac magnetic resonance, CT and echocardiography), cardial biomarkers (such as troponin and CK-MB), and [[electrocardiogra]]m.",electrocardiogra,230,seeded_random_30,v1 (configs/measurements.yaml as shipped)
1,ecg_ambulatory,ECG (ambulatory/wearable/patch),ctgov|NCT05445713|outcome_description|1027|ecg_ambulatory,trial:NCT05445713,outcome_measure,outcome_description,secondary,[[ECG]] parameters and morphology,ECG,230,seeded_random_30,v1 (configs/measurements.yaml as shipped)
1,ecg_ambulatory,ECG (ambulatory/wearable/patch),ctgov|NCT05445830|outcome_description|1013|ecg_ambulatory,trial:NCT05445830,outcome_measure,outcome_description,secondary,Heart rate variability (HRV) using continuous [[electrocardiogra]]m (ECG) will be recorded by a two-lead electrocardiograph using the Sierra Summit EMG system. The variation in R-R interval during normal breathing an...,electrocardiogra,230,seeded_random_30,v1 (configs/measurements.yaml as shipped)
1,ecg_ambulatory,ECG (ambulatory/wearable/patch),ctgov|NCT05693064|outcome_measure|1016|ecg_ambulatory,trial:NCT05693064,outcome_measure,outcome_measure,secondary,[[ECG]] respiratory sinus arrhythmia (RSA),ECG,230,seeded_random_30,v1 (configs/measurements.yaml as shipped)
1,ecg_ambulatory,ECG (ambulatory/wearable/patch),ctgov|NCT05896982|outcome_description|1004|ecg_ambulatory,trial:NCT05896982,outcome_measure,outcome_description,secondary,A 24-hour [[Holter]]-ECG will be used to assess heart rate variability during everyday life activities. These assessments are obtained out-of-clinic during the day betwee...,Holter,230,seeded_random_30,v1 (configs/measurements.yaml as shipped)
1,ecg_ambulatory,ECG (ambulatory/wearable/patch),ctgov|NCT06073886|outcome_description|1|ecg_ambulatory,trial:NCT06073886,outcome_measure,outcome_description,primary,Using heart rate variability as measured by [[electrocardiogra]]m,electrocardiogra,230,seeded_random_30,v1 (configs/measurements.yaml as shipped)
1,ecg_ambulatory,ECG (ambulatory/wearable/patch),ctgov|NCT06379737|official_title|-1|ecg_ambulatory,trial:NCT06379737,abstract,official_title,,Valuta[[zio]]ne Degli Esiti a Medio-lungo Termine Della Sindrome Long Covid in Pazienti Trattati Con un Protocollo di Riabilitazione in Ambiente Termale o in Teler...,zio,230,seeded_random_30,v1 (configs/measurements.yaml as shipped)
1,ecg_ambulatory,ECG (ambulatory/wearable/patch),ctgov|NCT06532825|outcome_description|2000|ecg_ambulatory,trial:NCT06532825,outcome_measure,outcome_description,other,Measurement of changes diastolic function in right and left ventricle based on wavelet-[[ECG]] measurements,ECG,230,seeded_random_30,v1 (configs/measurements.yaml as shipped)
1,ecg_ambulatory,ECG (ambulatory/wearable/patch),ctgov|NCT07312409|outcome_description|1000|ecg_ambulatory,trial:NCT07312409,outcome_measure,outcome_description,secondary,Variability of resting heart rate will be measured in lab using [[ECG]] and at home using a polar heart rate strap.,ECG,230,seeded_random_30,v1 (configs/measurements.yaml as shipped)
1,ecg_ambulatory,ECG (ambulatory/wearable/patch),ctgov|NCT07682090|outcome_description|2026|ecg_ambulatory,trial:NCT07682090,outcome_measure,outcome_description,other,"Change from baseline to Week 8 in the ratio between low-frequency and high-frequency heart rate variability components (LF/HF ratio), derived from [[electrocardiogra]]m R-R interval recordings. The LF/HF ratio is a dimensionless measure of sympathovagal balance.",electrocardiogra,230,seeded_random_30,v1 (configs/measurements.yaml as shipped)
1,ecg_ambulatory,ECG (ambulatory/wearable/patch),ctgov|NCT07775976|intervention_name|0|ecg_ambulatory,trial:NCT07775976,intervention,intervention_name,,COR Wearable [[ECG]] Monitoring,ECG,230,seeded_random_30,v1 (configs/measurements.yaml as shipped)
1,ecg_ambulatory,ECG (ambulatory/wearable/patch),ctgov|NCT07783074|outcome_description|2000|ecg_ambulatory,trial:NCT07783074,outcome_measure,outcome_description,other,"...ssure response to postural change, and blood pressure response to sustained handgrip at 30% of maximal voluntary contraction, recorded using a 5-lead [[ECG]] Holter and blood pressure monitor. Autonomic symptoms are assessed by COMPASS-31 (weighted total 0 to 100, higher indicating greater symptom burden)....",ECG,230,seeded_random_30,v1 (configs/measurements.yaml as shipped)
1,ecg_ambulatory,ECG (ambulatory/wearable/patch),ctgov|NCT07834983|keywords|-1|ecg_ambulatory,trial:NCT07834983,abstract,keywords,,Heart rate variability | HRV | QT interval | QTc | Antiepileptic drugs | Antiseizure medications | Time-domain HRV | SDNN | [[Electrocardiogra]]phy | Monotherapy vs polytherapy,Electrocardiogra,230,seeded_random_30,v1 (configs/measurements.yaml as shipped)
1,ecg_ambulatory,ECG (ambulatory/wearable/patch),nih|10930045|abstract_text|-1|ecg_ambulatory,nih:10930045,abstract,abstract_text,,"...l trials exploring new treatment approaches. In addition, we will assess tilt table variability of heart rate and blood pressure response, as well as [[electrocardiogra]]phic (ECG) markers of ventricular depolarization/repolarization in order to detect the presence and severity of dysautonomia in Fabry disease and, in ...",electrocardiogra,230,seeded_random_30,v1 (configs/measurements.yaml as shipped)
1,ecg_ambulatory,ECG (ambulatory/wearable/patch),nih|8795686|abstract_text|-1|ecg_ambulatory,nih:8795686,abstract,abstract_text,,"...Blood pressure, heart rate, locomotor activity and an array of autonomic indices will be measured in conscious mice implanted with blood pressure and [[ECG]] telemeters, both under basal conditions and during hypertension induced by 4-week infusions of Ang-II and phenylephrine delivered by osmotic minipump...",ECG,230,seeded_random_30,v1 (configs/measurements.yaml as shipped)
1,ppg,Photoplethysmography,ctgov|NCT03261570|outcome_description|1001|ppg,trial:NCT03261570,outcome_measure,outcome_description,secondary,Arterial blood pressure in mmHg over each cardiac cycle will be collected using finger [[photoplethysmogra]]phy. The arterial pressure is reported as an aggregate of 3 extracted quantities: the systolic blood pressure which is the maximum blood pressure over...,photoplethysmogra,50,seeded_random_30,v1 (configs/measurements.yaml as shipped)
1,ppg,Photoplethysmography,ctgov|NCT03515122|outcome_description|1046|ppg,trial:NCT03515122,outcome_measure,outcome_description,secondary,Estimated by [[pulse wave analysis]],pulse wave analysis,50,seeded_random_30,v1 (configs/measurements.yaml as shipped)
1,ppg,Photoplethysmography,ctgov|NCT03515122|outcome_description|1047|ppg,trial:NCT03515122,outcome_measure,outcome_description,secondary,Measured using [[pulse wave velocity]],pulse wave velocity,50,seeded_random_30,v1 (configs/measurements.yaml as shipped)
1,ppg,Photoplethysmography,ctgov|NCT04914754|outcome_description|3|ppg,trial:NCT04914754,outcome_measure,outcome_description,primary,"Central blood pressure, measured by [[pulse wave analysis]], is a co-primary outcome. Characterise and compare macrovascular function between long COVID patients with and without severe exercise impairment.",pulse wave analysis,50,seeded_random_30,v1 (configs/measurements.yaml as shipped)
1,ppg,Photoplethysmography,ctgov|NCT05369520|outcome_description|2|ppg,trial:NCT05369520,outcome_measure,outcome_description,primary,"...ivate spinal sympathetic circuitry and mitigate low resting BP and orthostatic hypotension (OH), and continuous beat-by beat BP monitoring via finger [[photoplethysmogra]]phy, researchers will test the safety and efficacy of short-term TCSCS in reproducibly improving OH triggered by HUTT.",photoplethysmogra,50,seeded_random_30,v1 (configs/measurements.yaml as shipped)
1,ppg,Photoplethysmography,ctgov|NCT05369520|outcome_description|3|ppg,trial:NCT05369520,outcome_measure,outcome_description,primary,"Using TCSCS and continuous beat-by beat BP monitoring via finger [[photoplethysmogra]]phy, researchers will test the safety and efficacy of long-term TCSCS in improving OH triggered by HUTT.",photoplethysmogra,50,seeded_random_30,v1 (configs/measurements.yaml as shipped)
1,ppg,Photoplethysmography,ctgov|NCT05369520|outcome_description|4|ppg,trial:NCT05369520,outcome_measure,outcome_description,primary,"Using TCSCS and continuous beat-by beat BP monitoring via finger [[photoplethysmogra]]phy, researchers will test the safety and efficacy of long-term TCSCS in improving OH triggered by HUTT after cessation of therapy.",photoplethysmogra,50,seeded_random_30,v1 (configs/measurements.yaml as shipped)
1,ppg,Photoplethysmography,ctgov|NCT05369520|outcome_description|5|ppg,trial:NCT05369520,outcome_measure,outcome_description,primary,"...the rectum, applying gentle pressure for 30-60s. Utilizing TCSCS to inhibit nociceptive afferent and continuous beat-by beat BP monitoring via finger [[photoplethysmogra]]phy, researchers will test the safety and efficacy of short-term TCSCS in reproducibly improving autonomic dysreflexia (AD) triggered by DARS.",photoplethysmogra,50,seeded_random_30,v1 (configs/measurements.yaml as shipped)
1,ppg,Photoplethysmography,ctgov|NCT05369520|outcome_description|6|ppg,trial:NCT05369520,outcome_measure,outcome_description,primary,"Utilizing TCSCS and continuous beat-by beat BP monitoring via finger [[photoplethysmogra]]phy, researchers will test the safety and efficacy of long-term TCSCS in improving AD triggered by DARS.",photoplethysmogra,50,seeded_random_30,v1 (configs/measurements.yaml as shipped)
1,ppg,Photoplethysmography,ctgov|NCT05369520|outcome_description|7|ppg,trial:NCT05369520,outcome_measure,outcome_description,primary,"Utilizing TCSCS and continuous beat-by beat BP monitoring via finger [[photoplethysmogra]]phy, researchers will test the safety and efficacy of TCSCS in improving AD triggered by DARS after cessation of therapy.",photoplethysmogra,50,seeded_random_30,v1 (configs/measurements.yaml as shipped)
1,ppg,Photoplethysmography,ctgov|NCT05445830|outcome_description|1004|ppg,trial:NCT05445830,outcome_measure,outcome_description,secondary,...tiffness via arteriography (Tensiomed) will be performed in the post-COVID subjects and age/sex matched controls at baseline and 1y follow-up. Higher [[pulse wave velocity]] (PWV) reflects higher degree of arterial stifness.,pulse wave velocity,50,seeded_random_30,v1 (configs/measurements.yaml as shipped)
1,ppg,Photoplethysmography,ctgov|NCT05700903|outcome_description|4|ppg,trial:NCT05700903,outcome_measure,outcome_description,primary,Beat-to-beat systolic blood pressure variability will be determined using the standard deviation of blood pressure readings from finger [[photoplethysmogra]]phy measured in the laboratory.,photoplethysmogra,50,seeded_random_30,v1 (configs/measurements.yaml as shipped)
1,ppg,Photoplethysmography,ctgov|NCT05700903|outcome_description|5|ppg,trial:NCT05700903,outcome_measure,outcome_description,primary,Renal blood flow will be determined using ultrasound and blood pressure will be determined using finger [[photoplethysmogra]]phy. These measures will be used to estimate renal vascular resistance.,photoplethysmogra,50,seeded_random_30,v1 (configs/measurements.yaml as shipped)
1,ppg,Photoplethysmography,ctgov|NCT05943821|outcome_measure|2006|ppg,trial:NCT05943821,outcome_measure,outcome_measure,other,"Assessment of progression and/or development of organ complications and atherosclerosis, including the assessment of [[pulse wave velocity]]",pulse wave velocity,50,seeded_random_30,v1 (configs/measurements.yaml as shipped)
1,ppg,Photoplethysmography,ctgov|NCT06419959|outcome_description|1004|ppg,trial:NCT06419959,outcome_measure,outcome_description,secondary,Augmentation index and aortic blood pressure via [[pulse wave analysis]],pulse wave analysis,50,seeded_random_30,v1 (configs/measurements.yaml as shipped)
1,ppg,Photoplethysmography,ctgov|NCT06465134|outcome_description|1000|ppg,trial:NCT06465134,outcome_measure,outcome_description,secondary,measured aortic stiffness (measured as [[pulse wave velocity]] in m/s) in subjects with OSA compared to those without OSA in the cohort,pulse wave velocity,50,seeded_random_30,v1 (configs/measurements.yaml as shipped)
1,ppg,Photoplethysmography,ctgov|NCT06465134|outcome_measure|1000|ppg,trial:NCT06465134,outcome_measure,outcome_measure,secondary,aortic stiffness measured by tonometry; [[pulse wave velocity]] (m/s),pulse wave velocity,50,seeded_random_30,v1 (configs/measurements.yaml as shipped)
1,ppg,Photoplethysmography,ctgov|NCT06928116|outcome_description|2|ppg,trial:NCT06928116,outcome_measure,outcome_description,primary,[[Pulse Wave velocity]],Pulse Wave velocity,50,seeded_random_30,v1 (configs/measurements.yaml as shipped)
1,ppg,Photoplethysmography,ctgov|NCT06978582|outcome_description|1000|ppg,trial:NCT06978582,outcome_measure,outcome_description,secondary,"Welltory Mobile Application (v.4.16.100) is a mobile application that uses [[photoplethysmogra]]phy through the phone's camera to measure resting heart rate. Based on these data, it estimates heart rate variability (HRV) parameters, including aut...",photoplethysmogra,50,seeded_random_30,v1 (configs/measurements.yaml as shipped)
1,ppg,Photoplethysmography,ctgov|NCT07013903|outcome_description|1010|ppg,trial:NCT07013903,outcome_measure,outcome_description,secondary,Change in heart rate variability parameters (root mean square of successive differences) measured by [[photoplethysmogra]]phy. At follow-up visits patients will measure HRV for 7 consecutive days,photoplethysmogra,50,seeded_random_30,v1 (configs/measurements.yaml as shipped)
1,ppg,Photoplethysmography,ctgov|NCT07021014|outcome_description|1000|ppg,trial:NCT07021014,outcome_measure,outcome_description,secondary,Carotid-femoral [[pulse wave velocity]] (PWV). A higher number is a general indicator of worse vascular function.,pulse wave velocity,50,seeded_random_30,v1 (configs/measurements.yaml as shipped)
1,ppg,Photoplethysmography,ctgov|NCT07110714|outcome_description|1003|ppg,trial:NCT07110714,outcome_measure,outcome_description,secondary,Change in heart rate variability (root mean square of successive differences) measured by Kyto 2935 via [[photoplethysmogra]]phy,photoplethysmogra,50,seeded_random_30,v1 (configs/measurements.yaml as shipped)
1,ppg,Photoplethysmography,ctgov|NCT07110714|outcome_description|1010|ppg,trial:NCT07110714,outcome_measure,outcome_description,secondary,Change in heart rate variability parameters (root mean square of successive differences) measured by [[photoplethysmogra]]phy. At follow-up visits patients will measure HRV for 7 consecutive days,photoplethysmogra,50,seeded_random_30,v1 (configs/measurements.yaml as shipped)
1,ppg,Photoplethysmography,ctgov|NCT07110714|outcome_measure|1003|ppg,trial:NCT07110714,outcome_measure,outcome_measure,secondary,Autonomic function (heart rate variability by [[photoplethysmogra]]phy),photoplethysmogra,50,seeded_random_30,v1 (configs/measurements.yaml as shipped)
1,ppg,Photoplethysmography,ctgov|NCT07482462|outcome_description|1001|ppg,trial:NCT07482462,outcome_measure,outcome_description,secondary,Measurement of arterial stiffness using [[pulse wave velocity]].,pulse wave velocity,50,seeded_random_30,v1 (configs/measurements.yaml as shipped)
1,ppg,Photoplethysmography,ctgov|NCT07783074|outcome_description|1003|ppg,trial:NCT07783074,outcome_measure,outcome_description,secondary,"... (FSMC). Candidate measurements are derived during analysis from raw sensor signals recorded by an armband monitor and consumer smartwatch, including [[photoplethysmogra]]phy, inertial, barometric and temperature signals; their scales are not pre-specified. Associations are reported as correlation coefficients from -1 t...",photoplethysmogra,50,seeded_random_30,v1 (configs/measurements.yaml as shipped)
1,ppg,Photoplethysmography,ctgov|NCT07783074|outcome_description|1009|ppg,trial:NCT07783074,outcome_measure,outcome_description,secondary,"...gh. Measures of exertion and physiological response are derived during analysis from continuous armband and smartwatch recording, including activity, [[photoplethysmogra]]phy-derived metrics, blood pressure and skin temperature, and from self-logged activity. These are related to subsequently reported symptom occurrence...",photoplethysmogra,50,seeded_random_30,v1 (configs/measurements.yaml as shipped)
1,ppg,Photoplethysmography,ctgov|NCT07783074|outcome_description|1019|ppg,trial:NCT07783074,outcome_measure,outcome_description,secondary,"... (MBSQ). Candidate measurements are derived during analysis from raw sensor signals recorded by an armband monitor and consumer smartwatch, including [[photoplethysmogra]]phy, inertial, barometric and temperature signals; their scales are not pre-specified. The MBSQ is administered only to participants in the Post-COVID...",photoplethysmogra,50,seeded_random_30,v1 (configs/measurements.yaml as shipped)
1,ppg,Photoplethysmography,ctgov|NCT07783074|outcome_description|1021|ppg,trial:NCT07783074,outcome_measure,outcome_description,secondary,"... (SDMT). Candidate measurements are derived during analysis from raw sensor signals recorded by an armband monitor and consumer smartwatch, including [[photoplethysmogra]]phy, inertial, barometric and temperature signals, and from smartphone-based measurements collected through the study application. Their scales are no...",photoplethysmogra,50,seeded_random_30,v1 (configs/measurements.yaml as shipped)
1,ppg,Photoplethysmography,ctgov|NCT07783074|outcome_description|2001|ppg,trial:NCT07783074,outcome_measure,outcome_description,other,"Whether blood pressure estimated from [[photoplethysmogra]]phy by the armband activity monitor (ActiGraph LEAP), worn on the upper arm, agrees with cuff-measured blood pressure. Comparison is made only at the ...",photoplethysmogra,50,seeded_random_30,v1 (configs/measurements.yaml as shipped)
1,posture_detection,Posture / upright-time detection,ctgov|NCT03675087|outcome_description|1009|posture_detection,trial:NCT03675087,outcome_measure,outcome_description,secondary,"...spends lying, sitting, standing or walking is measured 7 days, 24 hours/day before both exercise tests. It will be registered with the activity meter [[ActivPAL]]4 micro, which is validated as an instrument for detecting the activity and as a tool for estimating energy expenditure, and whose data are reproducib...",ActivPAL,4,census,v1 (configs/measurements.yaml as shipped)
1,posture_detection,Posture / upright-time detection,ctgov|NCT03675087|outcome_description|1016|posture_detection,trial:NCT03675087,outcome_measure,outcome_description,secondary,"...4 hours/day before both exercise tests and 7 days, 24 hours/day after the 6MWT and after the peak CPET. It will be registered with the activity meter [[ActivPAL]]4 micro, which is validated as an instrument for detecting the activity and as a tool for estimating energy expenditure, and whose data are reproducib...",ActivPAL,4,census,v1 (configs/measurements.yaml as shipped)
1,posture_detection,Posture / upright-time detection,ctgov|NCT03675087|outcome_measure|1009|posture_detection,trial:NCT03675087,outcome_measure,outcome_measure,secondary,Mean of Physical Activity Level at Baseline on [[ActivPAL]] 4 Micro.,ActivPAL,4,census,v1 (configs/measurements.yaml as shipped)
1,posture_detection,Posture / upright-time detection,ctgov|NCT03675087|outcome_measure|1016|posture_detection,trial:NCT03675087,outcome_measure,outcome_measure,secondary,Mean Change from Baseline in Physical Activity Level on [[ActivPAL]] 4 Micro at After each of the Exercise Tests.,ActivPAL,4,census,v1 (configs/measurements.yaml as shipped)
1,continuous_spo2,Continuous / overnight pulse oximetry,ctgov|NCT04615390|outcome_description|2|continuous_spo2,trial:NCT04615390,outcome_measure,outcome_description,primary,[[Oxygen saturation]] in sitting and standing positions.,Oxygen saturation,99,seeded_random_30,v1 (configs/measurements.yaml as shipped)
1,continuous_spo2,Continuous / overnight pulse oximetry,ctgov|NCT04841759|outcome_measure|1026|continuous_spo2,trial:NCT04841759,outcome_measure,outcome_measure,secondary,Change of average [[oxygen saturation]] (in %) per day over time,oxygen saturation,99,seeded_random_30,v1 (configs/measurements.yaml as shipped)
1,continuous_spo2,Continuous / overnight pulse oximetry,ctgov|NCT04886414|outcome_description|2003|continuous_spo2,trial:NCT04886414,outcome_measure,outcome_description,other,"Proportion referred to higher level care due to hypoxia (i.e. [[SpO2]] \< 92%), due to alarm symptoms or for any other reason.",SpO2,99,seeded_random_30,v1 (configs/measurements.yaml as shipped)
1,continuous_spo2,Continuous / overnight pulse oximetry,ctgov|NCT04886414|outcome_description|2006|continuous_spo2,trial:NCT04886414,outcome_measure,outcome_description,other,[[SpO2]] (%) level upon arrival to higher level of care,SpO2,99,seeded_random_30,v1 (configs/measurements.yaml as shipped)
1,continuous_spo2,Continuous / overnight pulse oximetry,ctgov|NCT04886414|outcome_measure|2001|continuous_spo2,trial:NCT04886414,outcome_measure,outcome_measure,other,Proportion with complete [[pulse oximet]]ry data,pulse oximet,99,seeded_random_30,v1 (configs/measurements.yaml as shipped)
1,continuous_spo2,Continuous / overnight pulse oximetry,ctgov|NCT04886414|outcome_measure|2006|continuous_spo2,trial:NCT04886414,outcome_measure,outcome_measure,other,[[SpO2]] level upon arrival to higher level of care,SpO2,99,seeded_random_30,v1 (configs/measurements.yaml as shipped)
1,continuous_spo2,Continuous / overnight pulse oximetry,ctgov|NCT04905888|outcome_description|0|continuous_spo2,trial:NCT04905888,outcome_measure,outcome_description,primary,"Cardiopulmonary exercise testing with [[pulse oximet]]ry and maximal oxygen uptake,VO2max (ml/kg/min)",pulse oximet,99,seeded_random_30,v1 (configs/measurements.yaml as shipped)
1,continuous_spo2,Continuous / overnight pulse oximetry,ctgov|NCT04949386|outcome_description|1000|continuous_spo2,trial:NCT04949386,outcome_measure,outcome_description,secondary,Changes in induced shortness of breath will be monitored using the 6 Minute walk test (6MWT) with continuous [[oxygen saturation]] (SpO2) monitoring . Normalization will be assessed by a return to normal distance values established in the literature.,oxygen saturation,99,seeded_random_30,v1 (configs/measurements.yaml as shipped)
1,continuous_spo2,Continuous / overnight pulse oximetry,ctgov|NCT04949386|outcome_measure|2002|continuous_spo2,trial:NCT04949386,outcome_measure,outcome_measure,other,Changes from baseline in [[Oxygen Saturation]] (SpO2),Oxygen Saturation,99,seeded_random_30,v1 (configs/measurements.yaml as shipped)
1,continuous_spo2,Continuous / overnight pulse oximetry,ctgov|NCT04997395|outcome_measure|1009|continuous_spo2,trial:NCT04997395,outcome_measure,outcome_measure,secondary,[[Oxygen saturation]] (expressed as percentage saturation),Oxygen saturation,99,seeded_random_30,v1 (configs/measurements.yaml as shipped)
1,continuous_spo2,Continuous / overnight pulse oximetry,ctgov|NCT05003271|intervention_description|0|continuous_spo2,trial:NCT05003271,intervention,intervention_description,,"...ticipants' initial assessment and personal characteristics, the therapist will provide personalized recommendations (e.g. maximum heart rate, minimum [[SpO2]]), explain the educational materials, and instruct patients on safety precautions.",SpO2,99,seeded_random_30,v1 (configs/measurements.yaml as shipped)
1,continuous_spo2,Continuous / overnight pulse oximetry,ctgov|NCT05094622|outcome_description|1001|continuous_spo2,trial:NCT05094622,outcome_measure,outcome_description,secondary,Change in the lowest [[oxygen saturation]] level measured in percentage (%) with pulse oximetry during 6 minute walk test.,oxygen saturation,99,seeded_random_30,v1 (configs/measurements.yaml as shipped)
1,continuous_spo2,Continuous / overnight pulse oximetry,ctgov|NCT05094622|outcome_description|1002|continuous_spo2,trial:NCT05094622,outcome_measure,outcome_description,secondary,Change in drop in percentage points in [[oxygen saturation]] during 6 minute walk test. The drop in percentage points is calculated by subtracting the oxygen level at rest before the test with the lowest level ...,oxygen saturation,99,seeded_random_30,v1 (configs/measurements.yaml as shipped)
1,continuous_spo2,Continuous / overnight pulse oximetry,ctgov|NCT05094622|outcome_measure|1015|continuous_spo2,trial:NCT05094622,outcome_measure,outcome_measure,secondary,Change in [[oxygen saturation]] during Active standing test,oxygen saturation,99,seeded_random_30,v1 (configs/measurements.yaml as shipped)
1,continuous_spo2,Continuous / overnight pulse oximetry,ctgov|NCT05172206|outcome_measure|1021|continuous_spo2,trial:NCT05172206,outcome_measure,outcome_measure,secondary,Change from baseline [[oxygen saturation]] assessed by pulse oximeter at week 4 and week 12,oxygen saturation,99,seeded_random_30,v1 (configs/measurements.yaml as shipped)
1,continuous_spo2,Continuous / overnight pulse oximetry,ctgov|NCT05212831|outcome_measure|0|continuous_spo2,trial:NCT05212831,outcome_measure,outcome_measure,primary,COVID-19 related brain hypoxia and peripheral [[oxygen saturation]],oxygen saturation,99,seeded_random_30,v1 (configs/measurements.yaml as shipped)
1,continuous_spo2,Continuous / overnight pulse oximetry,ctgov|NCT05218174|outcome_description|1060|continuous_spo2,trial:NCT05218174,outcome_measure,outcome_description,secondary,Measured by a [[pulse oximet]]er during each stage of the exercise protocol of the cardiopulmonary exercise test on a cycle ergometer.,pulse oximet,99,seeded_random_30,v1 (configs/measurements.yaml as shipped)
1,continuous_spo2,Continuous / overnight pulse oximetry,ctgov|NCT05218174|outcome_measure|1061|continuous_spo2,trial:NCT05218174,outcome_measure,outcome_measure,secondary,[[Pulse oximet]]ry,Pulse oximet,99,seeded_random_30,v1 (configs/measurements.yaml as shipped)
1,continuous_spo2,Continuous / overnight pulse oximetry,ctgov|NCT05476835|outcome_measure|1000|continuous_spo2,trial:NCT05476835,outcome_measure,outcome_measure,secondary,improvement in [[oxygen saturation]] and 6 minute walk test,oxygen saturation,99,seeded_random_30,v1 (configs/measurements.yaml as shipped)
1,continuous_spo2,Continuous / overnight pulse oximetry,ctgov|NCT05566379|outcome_description|2|continuous_spo2,trial:NCT05566379,outcome_measure,outcome_description,primary,"...nutes. The individual is allowed to self-pace and rest as needed as they traverse back and forth along a flat marked walkway. Baseline heart rate and [[oxygen saturation]] are measured then continuously monitored to identify the lowest oxygen saturation, which may occur before the end of the test. The patient's baseline...",oxygen saturation,99,seeded_random_30,v1 (configs/measurements.yaml as shipped)
1,continuous_spo2,Continuous / overnight pulse oximetry,ctgov|NCT05650905|intervention_description|0|continuous_spo2,trial:NCT05650905,intervention,intervention_description,,"Retinal neurovascular coupling, Retinal vessel diameters and Retinal [[oxygen saturation]] will be assessed using the DVA",oxygen saturation,99,seeded_random_30,v1 (configs/measurements.yaml as shipped)
1,continuous_spo2,Continuous / overnight pulse oximetry,ctgov|NCT05713266|brief_summary|-1|continuous_spo2,trial:NCT05713266,abstract,brief_summary,,"...er. An individual breathes into the device for 60 seconds and the MouthLab gathers more than 10 vital health parameters like temperature, heart rate, [[SpO2]], ECG, and basic lung functions. Participation in the study will last for 6 months, and the purpose is to gather health information from people who ha...",SpO2,99,seeded_random_30,v1 (configs/measurements.yaml as shipped)
1,continuous_spo2,Continuous / overnight pulse oximetry,ctgov|NCT05770193|outcome_measure|1000|continuous_spo2,trial:NCT05770193,outcome_measure,outcome_measure,secondary,[[Pulse oximet]]er,Pulse oximet,99,seeded_random_30,v1 (configs/measurements.yaml as shipped)
1,continuous_spo2,Continuous / overnight pulse oximetry,ctgov|NCT05990907|outcome_measure|1000|continuous_spo2,trial:NCT05990907,outcome_measure,outcome_measure,secondary,Microcirculation parameters - [[oxygen saturation]],oxygen saturation,99,seeded_random_30,v1 (configs/measurements.yaml as shipped)
1,continuous_spo2,Continuous / overnight pulse oximetry,ctgov|NCT06063031|outcome_description|1004|continuous_spo2,trial:NCT06063031,outcome_measure,outcome_description,secondary,"Study participants must walk the maximum possible distance for 6 minutes. During walking, patients may rest if they wish. They are monitored with a [[pulse oximet]]er and follow the instructions of the physical therapist. The distance is measured in meters. The total distance walked by the participants is related...",pulse oximet,99,seeded_random_30,v1 (configs/measurements.yaml as shipped)
1,continuous_spo2,Continuous / overnight pulse oximetry,ctgov|NCT06336070|outcome_description|1009|continuous_spo2,trial:NCT06336070,outcome_measure,outcome_description,secondary,The investigators will also assess [[oxygen saturation]] in middle finger of the right hand at rest.,oxygen saturation,99,seeded_random_30,v1 (configs/measurements.yaml as shipped)
1,continuous_spo2,Continuous / overnight pulse oximetry,ctgov|NCT06336070|outcome_measure|1009|continuous_spo2,trial:NCT06336070,outcome_measure,outcome_measure,secondary,[[Oxygen Saturation]],Oxygen Saturation,99,seeded_random_30,v1 (configs/measurements.yaml as shipped)
1,continuous_spo2,Continuous / overnight pulse oximetry,ctgov|NCT06492798|outcome_description|2002|continuous_spo2,trial:NCT06492798,outcome_measure,outcome_description,other,"For paticipants with pulmonary fibrosis, [[SpO2]] will be tested and evaluated.",SpO2,99,seeded_random_30,v1 (configs/measurements.yaml as shipped)
1,continuous_spo2,Continuous / overnight pulse oximetry,ctgov|NCT07579026|outcome_measure|2|continuous_spo2,trial:NCT07579026,outcome_measure,outcome_measure,primary,[[Pulse oximet]]ry,Pulse oximet,99,seeded_random_30,v1 (configs/measurements.yaml as shipped)
1,continuous_spo2,Continuous / overnight pulse oximetry,ctgov|NCT07621588|brief_summary|-1|continuous_spo2,trial:NCT07621588,abstract,brief_summary,,"... three weeks, with two sessions per week. The study will assess respiratory function, quality of life, physical function, dyspnea, fatigue, and basal [[oxygen saturation]].",oxygen saturation,99,seeded_random_30,v1 (configs/measurements.yaml as shipped)
1,respiratory_rate,Respiratory rate monitoring,ctgov|NCT00093860|brief_summary|-1|respiratory_rate,trial:NCT00093860,abstract,brief_summary,,... conduction test measures how well the skin conducts electricity. This is measured through sensors placed on the tips of two fingers. Respiration and [[breathing rate]] are monitored by an elastic cloth band around the chest. * Self-report questionnaires: Patients or their parents complete a questionnaire about the c...,breathing rate,31,seeded_random_30,v1 (configs/measurements.yaml as shipped)
1,respiratory_rate,Respiratory rate monitoring,ctgov|NCT01695525|brief_summary|-1|respiratory_rate,trial:NCT01695525,abstract,brief_summary,,"... The main objective of Yoga is to achieve control over the autonomic nervous system and able to control functions like heart rate, blood pressure and [[respiratory rate]]. Based on the findings that Yoga relieves stress and reduces heart rate, the investigators propose to study if Yoga can decrease the frequency of NC...",respiratory rate,31,seeded_random_30,v1 (configs/measurements.yaml as shipped)
1,respiratory_rate,Respiratory rate monitoring,ctgov|NCT03759808|outcome_description|1002|respiratory_rate,trial:NCT03759808,outcome_measure,outcome_description,secondary,Changes in [[respiration rate]] as measured through capnometer in response to stress paradigm,respiration rate,31,seeded_random_30,v1 (configs/measurements.yaml as shipped)
1,respiratory_rate,Respiratory rate monitoring,ctgov|NCT03759808|outcome_measure|1002|respiratory_rate,trial:NCT03759808,outcome_measure,outcome_measure,secondary,Change in [[respiration rate]] after treatment,respiration rate,31,seeded_random_30,v1 (configs/measurements.yaml as shipped)
1,respiratory_rate,Respiratory rate monitoring,ctgov|NCT04100486|outcome_description|1002|respiratory_rate,trial:NCT04100486,outcome_measure,outcome_description,secondary,"[[Respiratory rate]]s will be assessed as percent change during taVNS, with a comparison to baseline (before and after stimulation).",Respiratory rate,31,seeded_random_30,v1 (configs/measurements.yaml as shipped)
1,respiratory_rate,Respiratory rate monitoring,ctgov|NCT04100486|outcome_description|2|respiratory_rate,trial:NCT04100486,outcome_measure,outcome_description,primary,Changes in [[respiratory rate]] will be measured by a belt while purposefully activating the sympathetic (e.g. cold pressor test) or parasympathetic nervous systems (e.g. deep breat...,respiratory rate,31,seeded_random_30,v1 (configs/measurements.yaml as shipped)
1,respiratory_rate,Respiratory rate monitoring,ctgov|NCT04100486|outcome_measure|1002|respiratory_rate,trial:NCT04100486,outcome_measure,outcome_measure,secondary,Changes in [[Respiratory Rate]] due to taVNS,Respiratory Rate,31,seeded_random_30,v1 (configs/measurements.yaml as shipped)
1,respiratory_rate,Respiratory rate monitoring,ctgov|NCT04100486|outcome_measure|2|respiratory_rate,trial:NCT04100486,outcome_measure,outcome_measure,primary,Changes in [[Respiratory Rate]] related to Autonomic Nervous System Perturbations,Respiratory Rate,31,seeded_random_30,v1 (configs/measurements.yaml as shipped)
1,respiratory_rate,Respiratory rate monitoring,ctgov|NCT04632134|outcome_measure|1002|respiratory_rate,trial:NCT04632134,outcome_measure,outcome_measure,secondary,Change in [[respiration rate]],respiration rate,31,seeded_random_30,v1 (configs/measurements.yaml as shipped)
1,respiratory_rate,Respiratory rate monitoring,ctgov|NCT04716465|outcome_measure|1001|respiratory_rate,trial:NCT04716465,outcome_measure,outcome_measure,secondary,[[Respiration rate]],Respiration rate,31,seeded_random_30,v1 (configs/measurements.yaml as shipped)
1,respiratory_rate,Respiratory rate monitoring,ctgov|NCT05126563|outcome_description|22|respiratory_rate,trial:NCT05126563,outcome_measure,outcome_description,primary,Clinically significant changes in [[Respiratory Rate]] (breaths per minute),Respiratory Rate,31,seeded_random_30,v1 (configs/measurements.yaml as shipped)
1,respiratory_rate,Respiratory rate monitoring,ctgov|NCT05126563|outcome_measure|22|respiratory_rate,trial:NCT05126563,outcome_measure,outcome_measure,primary,Changes From Baseline in Vital Signs. - [[Respiratory Rate]] (Breaths Per Minute),Respiratory Rate,31,seeded_random_30,v1 (configs/measurements.yaml as shipped)
1,respiratory_rate,Respiratory rate monitoring,ctgov|NCT05218174|outcome_description|1067|respiratory_rate,trial:NCT05218174,outcome_measure,outcome_description,secondary,"Using the WHOOP 4.0, [[respiratory rate]] will be recorded. This will be continuously recorded for 26 weeks.",respiratory rate,31,seeded_random_30,v1 (configs/measurements.yaml as shipped)
1,respiratory_rate,Respiratory rate monitoring,ctgov|NCT05218174|outcome_measure|1067|respiratory_rate,trial:NCT05218174,outcome_measure,outcome_measure,secondary,[[Respiratory rate]],Respiratory rate,31,seeded_random_30,v1 (configs/measurements.yaml as shipped)
1,respiratory_rate,Respiratory rate monitoring,ctgov|NCT05430217|outcome_measure|2006|respiratory_rate,trial:NCT05430217,outcome_measure,outcome_measure,other,Safety and Tolerability: vital signs - [[respiratory rate]] (RR),respiratory rate,31,seeded_random_30,v1 (configs/measurements.yaml as shipped)
1,respiratory_rate,Respiratory rate monitoring,ctgov|NCT05713266|intervention_description|0|respiratory_rate,trial:NCT05713266,intervention,intervention_description,,"...multiple clinically meaningful parameters such as temperature, blood pressure, heart rate, heart rate variability, pulse rate, SpO2, single-lead ECG, [[respiratory rate]], breathing pattern, and basic lung functions in 60 seconds.",respiratory rate,31,seeded_random_30,v1 (configs/measurements.yaml as shipped)
1,respiratory_rate,Respiratory rate monitoring,ctgov|NCT05877534|outcome_description|1014|respiratory_rate,trial:NCT05877534,outcome_measure,outcome_description,secondary,"Change in [[respiratory rate]], measured in number of breaths/min before and after the Active Standing Test",respiratory rate,31,seeded_random_30,v1 (configs/measurements.yaml as shipped)
1,respiratory_rate,Respiratory rate monitoring,ctgov|NCT05877534|outcome_measure|1014|respiratory_rate,trial:NCT05877534,outcome_measure,outcome_measure,secondary,Change in [[respiratory rate]] during Active Standing Test,respiratory rate,31,seeded_random_30,v1 (configs/measurements.yaml as shipped)
1,respiratory_rate,Respiratory rate monitoring,ctgov|NCT06004362|outcome_description|2002|respiratory_rate,trial:NCT06004362,outcome_measure,outcome_description,other,"...participants, multichannel electrophysiological measurements are performed in each case at baseline and week 10, in which heart rate, blood pressure, [[respiratory rate]], pulse, electrodermal activity and brain activity (EEG) are recorded synchronously - by means of monitoring systems (SOMNOmedics, SOMNO HD EEG 32) an...",respiratory rate,31,seeded_random_30,v1 (configs/measurements.yaml as shipped)
1,respiratory_rate,Respiratory rate monitoring,ctgov|NCT06100601|outcome_description|1001|respiratory_rate,trial:NCT06100601,outcome_measure,outcome_description,secondary,"[[Respiration rate]] (in bpm) will be determined via thoracic impedance (De Geus et al., 1995). For each respiratory cycle, the total cycle time between the start of insp...",Respiration rate,31,seeded_random_30,v1 (configs/measurements.yaml as shipped)
1,respiratory_rate,Respiratory rate monitoring,ctgov|NCT06100601|outcome_measure|1001|respiratory_rate,trial:NCT06100601,outcome_measure,outcome_measure,secondary,[[Respiration rate]],Respiration rate,31,seeded_random_30,v1 (configs/measurements.yaml as shipped)
1,respiratory_rate,Respiratory rate monitoring,ctgov|NCT06510985|intervention_description|2|respiratory_rate,trial:NCT06510985,intervention,intervention_description,,"...m Corsano (CE-MDR medical certification, FDA 510 (k) cleared) for continuous monitoring of vital signals, such as heart rate, heart rate variability, [[breathing rate]], SpO2, physical activity and sleep.",breathing rate,31,seeded_random_30,v1 (configs/measurements.yaml as shipped)
1,respiratory_rate,Respiratory rate monitoring,ctgov|NCT06933017|outcome_measure|1005|respiratory_rate,trial:NCT06933017,outcome_measure,outcome_measure,secondary,Change from Day 1 to Day 2 in Ventilation (VE) (Tidal Volume (TV) and [[Respiration Rate]] (RR)) during experimental sessions 1 and 2 (CPET 1 6MIST),Respiration Rate,31,seeded_random_30,v1 (configs/measurements.yaml as shipped)
1,respiratory_rate,Respiratory rate monitoring,ctgov|NCT07123727|outcome_measure|7|respiratory_rate,trial:NCT07123727,outcome_measure,outcome_measure,primary,Clinically important changes in vital signs such as [[respiratory rate]] in breaths per minute.,respiratory rate,31,seeded_random_30,v1 (configs/measurements.yaml as shipped)
1,respiratory_rate,Respiratory rate monitoring,ctgov|NCT07190105|outcome_measure|9|respiratory_rate,trial:NCT07190105,outcome_measure,outcome_measure,primary,[[Breathing Rate]],Breathing Rate,31,seeded_random_30,v1 (configs/measurements.yaml as shipped)
1,respiratory_rate,Respiratory rate monitoring,ctgov|NCT07455994|brief_summary|-1|respiratory_rate,trial:NCT07455994,abstract,brief_summary,,"...e individual's position and the status of blood volume, but sometimes with deleterious effects, such as poor regulation of sinus cardiac activity and [[respiration rate]]. Cardiovascular autonomic neuropathy is a major complication of type 1 diabetes. Several studies have described autonomic dysfunction in patients wi...",respiration rate,31,seeded_random_30,v1 (configs/measurements.yaml as shipped)
1,respiratory_rate,Respiratory rate monitoring,nih|10499542|abstract_text|-1|respiratory_rate,nih:10499542,abstract,abstract_text,,"...ly provides patient’s true BP, including daytime and nighttime BP, circadian BP patterns, and BP variability (BPV). ViTrack also measures heart rate, [[respiratory rate]], and wrist actigraphy to assess activity/sleep patterns. In Direct-to- Phase-II study [Grant#:1R44 HL158374-01] we are assessing BP parameters in a w...",respiratory rate,31,seeded_random_30,v1 (configs/measurements.yaml as shipped)
1,respiratory_rate,Respiratory rate monitoring,nih|10907015|abstract_text|-1|respiratory_rate,nih:10907015,abstract,abstract_text,,"...can alter the function of every major organ system and regulates every significant physiological variable including blood pressure, body temperature, [[respiration rate]] and blood glucose levels. Dysregulation of autonomic function can have widespread consequences and is causally involved in the etiology of type I dia...",respiration rate,31,seeded_random_30,v1 (configs/measurements.yaml as shipped)
1,respiratory_rate,Respiratory rate monitoring,nih|11304970|abstract_text|-1|respiratory_rate,nih:11304970,abstract,abstract_text,,"...us stimulus paradigms to study their capacity to modulate motor/skin SPN activity and blood flow. Simultaneous capture of blood pressure, heart rate, [[respiratory rate]] and motor activity will provide important insight into SCS modulation of interrelated to physiological parameters. Experiments will characterize and ...",respiratory rate,31,seeded_random_30,v1 (configs/measurements.yaml as shipped)
1,respiratory_rate,Respiratory rate monitoring,nih|9050628|abstract_text|-1|respiratory_rate,nih:9050628,abstract,abstract_text,,"...l assay isolated peripheral blood mononuclear cells and isolated B, T, and NK cells with the use of a flux analyzer. We will obtain measures of basal [[respiration rate]], maximal respiration rate, ATP synthesis rate, spare respiratory capacity, basal glycolysis rate, maximal glycolysis rate, and glycolytic reserve in ...",respiration rate,31,seeded_random_30,v1 (configs/measurements.yaml as shipped)
1,sleep_objective,Objective sleep measurement (PSG / wearable sleep staging),ctgov|NCT00252629|outcome_description|1|sleep_objective,trial:NCT00252629,outcome_measure,outcome_description,primary,...FL was determined by plotting inspiratory flow against supra-glottic pressure for each breath sampled during continuous stage 2 sleep on a full night [[polysomnogra]]m on both veterans with GWS and asymptomatic gulf war veterans. We expressed the prevalence of inspiratory flow limitations during sleep as the perce...,polysomnogra,52,seeded_random_30,v1 (configs/measurements.yaml as shipped)
1,sleep_objective,Objective sleep measurement (PSG / wearable sleep staging),ctgov|NCT00540254|outcome_measure|2|sleep_objective,trial:NCT00540254,outcome_measure,outcome_measure,primary,[[sleep efficiency]],sleep efficiency,52,seeded_random_30,v1 (configs/measurements.yaml as shipped)
1,sleep_objective,Objective sleep measurement (PSG / wearable sleep staging),ctgov|NCT00581022|intervention_name|0|sleep_objective,trial:NCT00581022,intervention,intervention_name,,[[Polysomnogra]]phy,Polysomnogra,52,seeded_random_30,v1 (configs/measurements.yaml as shipped)
1,sleep_objective,Objective sleep measurement (PSG / wearable sleep staging),ctgov|NCT00748059|outcome_measure|1005|sleep_objective,trial:NCT00748059,outcome_measure,outcome_measure,secondary,[[Sleep efficiency]],Sleep efficiency,52,seeded_random_30,v1 (configs/measurements.yaml as shipped)
1,sleep_objective,Objective sleep measurement (PSG / wearable sleep staging),ctgov|NCT01368718|brief_summary|-1|sleep_objective,trial:NCT01368718,abstract,brief_summary,,...d out in patients who present with a primary complaint of chronic disabling fatigue and who are found to have an apnea-hypopnea index (AHI) \>= 15 on [[polysomnogra]]phy (PSG). The aim of this study is to address the issue of Continuous Positive Airway Pressure-responsiveness regarding fatigue as a presenting symp...,polysomnogra,52,seeded_random_30,v1 (configs/measurements.yaml as shipped)
1,sleep_objective,Objective sleep measurement (PSG / wearable sleep staging),ctgov|NCT01534130|outcome_measure|1009|sleep_objective,trial:NCT01534130,outcome_measure,outcome_measure,secondary,[[Sleep efficiency]],Sleep efficiency,52,seeded_random_30,v1 (configs/measurements.yaml as shipped)
1,sleep_objective,Objective sleep measurement (PSG / wearable sleep staging),ctgov|NCT03721445|outcome_description|0|sleep_objective,trial:NCT03721445,outcome_measure,outcome_description,primary,Changes of LF/HF ratio between [[PSG]] study night and CPAP titration night will be measured and evaluated its association with CPAP acceptance of one month CPAP trial at home in moderate ...,PSG,52,seeded_random_30,v1 (configs/measurements.yaml as shipped)
1,sleep_objective,Objective sleep measurement (PSG / wearable sleep staging),ctgov|NCT03721445|outcome_description|1000|sleep_objective,trial:NCT03721445,outcome_measure,outcome_description,secondary,"After CPAP treatments 6 months, [[PSG]] examination will be followed-up again. The changes of LF/HF ratio between baseline PSG and 6-months PSG will be measured and be evaluated it's differ...",PSG,52,seeded_random_30,v1 (configs/measurements.yaml as shipped)
1,sleep_objective,Objective sleep measurement (PSG / wearable sleep staging),ctgov|NCT04118816|intervention_description|0|sleep_objective,trial:NCT04118816,intervention,intervention_description,,overnight [[polysomnogra]]phy recording at least six hours,polysomnogra,52,seeded_random_30,v1 (configs/measurements.yaml as shipped)
1,sleep_objective,Objective sleep measurement (PSG / wearable sleep staging),ctgov|NCT04118816|outcome_description|1000|sleep_objective,trial:NCT04118816,outcome_measure,outcome_description,secondary,"...ormalized units, and the overall autonomic regulation presented as Low frequency/high frequency ratio) using the EKG signal extracting from overnight [[polysomnogra]]phy recording raw data among Prader-Willi patients with untreated sleep-disordered breathing at baseline and after a period of follow-up.",polysomnogra,52,seeded_random_30,v1 (configs/measurements.yaml as shipped)
1,sleep_objective,Objective sleep measurement (PSG / wearable sleep staging),ctgov|NCT05132673|outcome_measure|1006|sleep_objective,trial:NCT05132673,outcome_measure,outcome_measure,secondary,[[Sleep efficiency]],Sleep efficiency,52,seeded_random_30,v1 (configs/measurements.yaml as shipped)
1,sleep_objective,Objective sleep measurement (PSG / wearable sleep staging),ctgov|NCT05216536|outcome_description|1058|sleep_objective,trial:NCT05216536,outcome_measure,outcome_description,secondary,...l be asked to wear a fitness tracker watch (Garmin Forerunner 35) 24 hrs/day for 7 consecutive days after each of the three physical evaluations. The [[sleep efficiency]] will be retrieved from the fitness tracker watch,sleep efficiency,52,seeded_random_30,v1 (configs/measurements.yaml as shipped)
1,sleep_objective,Objective sleep measurement (PSG / wearable sleep staging),ctgov|NCT05216536|outcome_description|1059|sleep_objective,trial:NCT05216536,outcome_measure,outcome_description,secondary,...l be asked to wear a fitness tracker watch (Garmin Forerunner 35) 24 hrs/day for 7 consecutive days after each of the three physical evaluations. The [[sleep efficiency]] will be retrieved from the fitness tracker watch,sleep efficiency,52,seeded_random_30,v1 (configs/measurements.yaml as shipped)
1,sleep_objective,Objective sleep measurement (PSG / wearable sleep staging),ctgov|NCT05216536|outcome_description|1060|sleep_objective,trial:NCT05216536,outcome_measure,outcome_description,secondary,...l be asked to wear a fitness tracker watch (Garmin Forerunner 35) 24 hrs/day for 7 consecutive days after each of the three physical evaluations. The [[sleep efficiency]] will be retrieved from the fitness tracker watch,sleep efficiency,52,seeded_random_30,v1 (configs/measurements.yaml as shipped)
1,sleep_objective,Objective sleep measurement (PSG / wearable sleep staging),ctgov|NCT05216536|outcome_measure|1058|sleep_objective,trial:NCT05216536,outcome_measure,outcome_measure,secondary,Sleep: [[Sleep efficiency]] in real-life environment,Sleep efficiency,52,seeded_random_30,v1 (configs/measurements.yaml as shipped)
1,sleep_objective,Objective sleep measurement (PSG / wearable sleep staging),ctgov|NCT05216536|outcome_measure|1060|sleep_objective,trial:NCT05216536,outcome_measure,outcome_measure,secondary,Sleep: [[Sleep efficiency]] in real-life environment,Sleep efficiency,52,seeded_random_30,v1 (configs/measurements.yaml as shipped)
1,sleep_objective,Objective sleep measurement (PSG / wearable sleep staging),ctgov|NCT05218174|outcome_measure|1095|sleep_objective,trial:NCT05218174,outcome_measure,outcome_measure,secondary,[[Sleep efficiency]] on WHOOP,Sleep efficiency,52,seeded_random_30,v1 (configs/measurements.yaml as shipped)
1,sleep_objective,Objective sleep measurement (PSG / wearable sleep staging),ctgov|NCT05244044|outcome_description|2005|sleep_objective,trial:NCT05244044,outcome_measure,outcome_description,other,The change in [[sleep efficiency]] will be measured by an activity tracker.,sleep efficiency,52,seeded_random_30,v1 (configs/measurements.yaml as shipped)
1,sleep_objective,Objective sleep measurement (PSG / wearable sleep staging),ctgov|NCT05606211|outcome_description|4|sleep_objective,trial:NCT05606211,outcome_measure,outcome_description,primary,Sleep stages and architecture based on [[PSG]],PSG,52,seeded_random_30,v1 (configs/measurements.yaml as shipped)
1,sleep_objective,Objective sleep measurement (PSG / wearable sleep staging),ctgov|NCT06013085|outcome_measure|2|sleep_objective,trial:NCT06013085,outcome_measure,outcome_measure,primary,[[sleep efficiency]],sleep efficiency,52,seeded_random_30,v1 (configs/measurements.yaml as shipped)
1,sleep_objective,Objective sleep measurement (PSG / wearable sleep staging),ctgov|NCT06041581|brief_summary|-1|sleep_objective,trial:NCT06041581,abstract,brief_summary,,"...ion, metabolic dysregulation, proinflammatory gene expression) and the sleep factors (insomnia symptoms, sleep onset latency, wake after sleep onset, [[sleep efficiency]]). Researchers will test whether the SHADES intervention produces greater improvements in the CVD factors than the active control condition.",sleep efficiency,52,seeded_random_30,v1 (configs/measurements.yaml as shipped)
1,sleep_objective,Objective sleep measurement (PSG / wearable sleep staging),ctgov|NCT06404099|outcome_measure|1012|sleep_objective,trial:NCT06404099,outcome_measure,outcome_measure,secondary,"Change in average (over a 7-day period) [[sleep efficiency]], assessed by activity tracker",sleep efficiency,52,seeded_random_30,v1 (configs/measurements.yaml as shipped)
1,sleep_objective,Objective sleep measurement (PSG / wearable sleep staging),ctgov|NCT06419959|outcome_measure|1007|sleep_objective,trial:NCT06419959,outcome_measure,outcome_measure,secondary,Change in physiological sleep - [[sleep efficiency]],sleep efficiency,52,seeded_random_30,v1 (configs/measurements.yaml as shipped)
1,sleep_objective,Objective sleep measurement (PSG / wearable sleep staging),ctgov|NCT07190105|outcome_description|6|sleep_objective,trial:NCT07190105,outcome_measure,outcome_description,primary,"...ators will use the sleep categories of accumulated minutes of deep sleep, REM sleep, light sleep, and wakefulness during the night to provide us with [[sleep architecture]].",sleep architecture,52,seeded_random_30,v1 (configs/measurements.yaml as shipped)
1,sleep_objective,Objective sleep measurement (PSG / wearable sleep staging),ctgov|NCT07397910|outcome_measure|1003|sleep_objective,trial:NCT07397910,outcome_measure,outcome_measure,secondary,[[Sleep efficiency]],Sleep efficiency,52,seeded_random_30,v1 (configs/measurements.yaml as shipped)
1,sleep_objective,Objective sleep measurement (PSG / wearable sleep staging),nih|11244251|abstract_text|-1|sleep_objective,nih:11244251,abstract,abstract_text,,"... research experience in urban and rural Uganda. To achieve these aims, the study will deploy personal air pollution monitoring devices and home-based [[polysomnogra]]phy, including single-lead ECG tracings, to collect granular data on PM2.5 exposure, SDB severity, and ECG biomarkers (e.g., QTVI). We hypothesize tha...",polysomnogra,52,seeded_random_30,v1 (configs/measurements.yaml as shipped)
1,sleep_objective,Objective sleep measurement (PSG / wearable sleep staging),nih|11244251|public_health_relevance|-1|sleep_objective,nih:11244251,abstract,public_health_relevance,,"...of elevated PM2.5 exposure on sleep-disordered breathing and cardiac repolarization lability, focusing on resource-limited settings. Using home-based [[polysomnogra]]phy, which includes single-lead electrocardiography tracings, and personal air pollution monitoring in Uganda, we aim to uncover mechanisms linking ai...",polysomnogra,52,seeded_random_30,v1 (configs/measurements.yaml as shipped)
1,sleep_objective,Objective sleep measurement (PSG / wearable sleep staging),nih|9344641|abstract_text|-1|sleep_objective,nih:9344641,abstract,abstract_text,,...aboration that has enabled the development and testing of improved methods for assessing cardiovascular autonomic function across sleepwake states in [[polysomnogra]]phic studies. Having found in the current funding cycle that there is a significant association between autonomic dysfunction and impaired glucose met...,polysomnogra,52,seeded_random_30,v1 (configs/measurements.yaml as shipped)
1,sleep_objective,Objective sleep measurement (PSG / wearable sleep staging),nih|9746112|public_health_relevance|-1|sleep_objective,nih:9746112,abstract,public_health_relevance,,"...o speculate that the two illnesses are essentially the same, one difference between those with CFS without co-existing FM and those with CFS+FM is in [[sleep architecture]] where patients with CFS+FM but not those with CFS alone show disrupted sleep. We propose an experiment to probe these differences by comparing sleep ...",sleep architecture,52,seeded_random_30,v1 (configs/measurements.yaml as shipped)
1,sleep_objective,Objective sleep measurement (PSG / wearable sleep staging),nih|9870961|abstract_text|-1|sleep_objective,nih:9870961,abstract,abstract_text,,"...ive sleep and autonomic monitoring, which will allow for both “real- world” and controlled psychophysiological assessments. Twins will undergo in-lab [[polysomnogra]]phy when on site and will be equipped patches for electrocardiogram monitoring and actigraphy wristbands for sleep monitoring to use at home for 14 da...",polysomnogra,52,seeded_random_30,v1 (configs/measurements.yaml as shipped)
1,continuous_temperature,Continuous skin/core temperature,ctgov|NCT00069693|brief_summary|-1|continuous_temperature,trial:NCT00069693,abstract,brief_summary,,"... the sweat in a nearby patch of skin is measured. * Skin electrical conduction test using sensors on the skin to measure sweat production. * Skin and [[core temperature]] measurements using sensors on the skin and in the ear canal. * Tilt table test. The subject lies on a table, secured with straps around the chest and...",core temperature,23,census,v1 (configs/measurements.yaml as shipped)
1,continuous_temperature,Continuous skin/core temperature,ctgov|NCT02174003|intervention_description|0|continuous_temperature,trial:NCT02174003,intervention,intervention_description,,"The Whole Body Hyperthermia system uses water-filtered infrared-A (wIRA) heat radiation. The rise in the body's [[core temperature]] is correspondingly rapid and well-tolerated. There are two phases of the thermal challenge, 1) Irradiation phase during which the patient lies recumb...",core temperature,23,census,v1 (configs/measurements.yaml as shipped)
1,continuous_temperature,Continuous skin/core temperature,ctgov|NCT04100486|outcome_description|1005|continuous_temperature,trial:NCT04100486,outcome_measure,outcome_description,secondary,"[[Skin temperature]] will be assessed as percent change during taVNS, with a comparison to baseline (before and after stimulation).",Skin temperature,23,census,v1 (configs/measurements.yaml as shipped)
1,continuous_temperature,Continuous skin/core temperature,ctgov|NCT04100486|outcome_description|5|continuous_temperature,trial:NCT04100486,outcome_measure,outcome_description,primary,Changes in [[skin temperature]] will be measured by a circular probe (smaller than a dime) placed on the skin while purposefully activating the sympathetic (e.g. cold pressor test) ...,skin temperature,23,census,v1 (configs/measurements.yaml as shipped)
1,continuous_temperature,Continuous skin/core temperature,ctgov|NCT04100486|outcome_measure|1005|continuous_temperature,trial:NCT04100486,outcome_measure,outcome_measure,secondary,Changes in [[Skin Temperature]] due to taVNS,Skin Temperature,23,census,v1 (configs/measurements.yaml as shipped)
1,continuous_temperature,Continuous skin/core temperature,ctgov|NCT04100486|outcome_measure|5|continuous_temperature,trial:NCT04100486,outcome_measure,outcome_measure,primary,Changes in [[Skin Temperature]] related to Autonomic Nervous System Perturbations,Skin Temperature,23,census,v1 (configs/measurements.yaml as shipped)
1,continuous_temperature,Continuous skin/core temperature,ctgov|NCT04170725|outcome_description|1008|continuous_temperature,trial:NCT04170725,outcome_measure,outcome_description,secondary,Intramuscular and [[skin temperature]] changes during HUT and fatigue,skin temperature,23,census,v1 (configs/measurements.yaml as shipped)
1,continuous_temperature,Continuous skin/core temperature,ctgov|NCT04170725|outcome_measure|1008|continuous_temperature,trial:NCT04170725,outcome_measure,outcome_measure,secondary,Intramuscular and [[skin temperature]] change,skin temperature,23,census,v1 (configs/measurements.yaml as shipped)
1,continuous_temperature,Continuous skin/core temperature,ctgov|NCT05218174|outcome_description|1069|continuous_temperature,trial:NCT05218174,outcome_measure,outcome_description,secondary,"Using the WHOOP 4.0, [[skin temperature]] will be recorded. This will be continuously recorded for 26 weeks.",skin temperature,23,census,v1 (configs/measurements.yaml as shipped)
1,continuous_temperature,Continuous skin/core temperature,ctgov|NCT05218174|outcome_measure|1069|continuous_temperature,trial:NCT05218174,outcome_measure,outcome_measure,secondary,"[[Skin temperature]], °F",Skin temperature,23,census,v1 (configs/measurements.yaml as shipped)
1,continuous_temperature,Continuous skin/core temperature,ctgov|NCT05931497|intervention_description|0|continuous_temperature,trial:NCT05931497,intervention,intervention_description,,heat will be applied to the participant through a sauna to increase [[core body temperature]],core body temperature,23,census,v1 (configs/measurements.yaml as shipped)
1,continuous_temperature,Continuous skin/core temperature,ctgov|NCT06204458|intervention_description|0|continuous_temperature,trial:NCT06204458,intervention,intervention_description,,"..., the application takes place under administration of 10L/min oxygen. According to the guidelines, the rectal (possibly vaginal) temperature (as body [[core temperature]]), heart rate and oxygen saturation (Sp02) are continuously determined during the hyperthermia treatment. During the treatment, continuous supervision...",core temperature,23,census,v1 (configs/measurements.yaml as shipped)
1,continuous_temperature,Continuous skin/core temperature,ctgov|NCT06204458|intervention_description|1|continuous_temperature,trial:NCT06204458,intervention,intervention_description,,"...evice and body, patients in the Sham group experience a gentle warmth that cannot be compared with regular whole-body hyperthermia and an increase in [[core body temperature]] of around 1.5°C. The number of treatments, the lighting conditions and procedures including 10L/min oxygen supply, is equal to the treatments in the ...",core body temperature,23,census,v1 (configs/measurements.yaml as shipped)
1,continuous_temperature,Continuous skin/core temperature,ctgov|NCT06432270|outcome_description|0|continuous_temperature,trial:NCT06432270,outcome_measure,outcome_description,primary,The study was conducted by using a perioperative [[core body temperature]] monitoring system to continuously monitor and record core body temperature data for 12 hours preoperatively - intraoperatively - 12 hours postoperati...,core body temperature,23,census,v1 (configs/measurements.yaml as shipped)
1,continuous_temperature,Continuous skin/core temperature,ctgov|NCT06432270|outcome_description|1002|continuous_temperature,trial:NCT06432270,outcome_measure,outcome_description,secondary,Comparing whether the average [[core body temperature]] of diabetic patients was lower than that of non-diabetic patients at each time period after induction.,core body temperature,23,census,v1 (configs/measurements.yaml as shipped)
1,continuous_temperature,Continuous skin/core temperature,ctgov|NCT06432270|outcome_measure|0|continuous_temperature,trial:NCT06432270,outcome_measure,outcome_measure,primary,Changes in perioperative [[core body temperature]] in diabetic patients,core body temperature,23,census,v1 (configs/measurements.yaml as shipped)
1,continuous_temperature,Continuous skin/core temperature,ctgov|NCT06953661|outcome_description|1017|continuous_temperature,trial:NCT06953661,outcome_measure,outcome_description,secondary,Measure the change in facial [[skin temperature]] (C°) post-procedure,skin temperature,23,census,v1 (configs/measurements.yaml as shipped)
1,continuous_temperature,Continuous skin/core temperature,ctgov|NCT06953661|outcome_measure|1017|continuous_temperature,trial:NCT06953661,outcome_measure,outcome_measure,secondary,Facial [[skin temperature]],skin temperature,23,census,v1 (configs/measurements.yaml as shipped)
1,continuous_temperature,Continuous skin/core temperature,ctgov|NCT07783074|outcome_description|1009|continuous_temperature,trial:NCT07783074,outcome_measure,outcome_description,secondary,"...erived during analysis from continuous armband and smartwatch recording, including activity, photoplethysmography-derived metrics, blood pressure and [[skin temperature]], and from self-logged activity. These are related to subsequently reported symptom occurrence and severity and to fatigue visual analogue scale ratin...",skin temperature,23,census,v1 (configs/measurements.yaml as shipped)
1,continuous_temperature,Continuous skin/core temperature,nih|10329920|abstract_text|-1|continuous_temperature,nih:10329920,abstract,abstract_text,,"...ela of autonomic injury post SCI is thermal dysregulation. It is well accepted that persons with spinal cord injury have impaired ability to regulate [[core temperature]] due to compromised thermoregulatory vasomotor and sudomotor activity.3 In the setting of heat stress, impaired cutaneous vasodilation obviates skin b...",core temperature,23,census,v1 (configs/measurements.yaml as shipped)
1,continuous_temperature,Continuous skin/core temperature,nih|10528065|abstract_text|-1|continuous_temperature,nih:10528065,abstract,abstract_text,,"...ses (autonomic dysreflexia) after SCI. Accordingly, home cage sensor-based capture includes all motor events, respiration, heart rate, 3-state sleep, [[skin temperature]] thermography and sensory preference testing. Our overarching hypothesis is that combined continuous capture several variables during the progression ...",skin temperature,23,census,v1 (configs/measurements.yaml as shipped)
1,continuous_temperature,Continuous skin/core temperature,nih|11181611|abstract_text|-1|continuous_temperature,nih:11181611,abstract,abstract_text,,"...middle-age and older adults with PASC. Selected participants will be randomly allocated to perform 8 weeks of home-based lower body heat therapy (HT, [[skin temperature]] 38-40˚C, 40-55 min, 5 per week at home), a thermoneutral condition (CT, skin temperature 33˚C, same duration and frequency), or a walking interventio...",skin temperature,23,census,v1 (configs/measurements.yaml as shipped)
1,continuous_temperature,Continuous skin/core temperature,nih|9958859|abstract_text|-1|continuous_temperature,nih:9958859,abstract,abstract_text,,"...recruitment of thoracic chain paravertebral ganglia can be used to preferentially control cutaneous vasoconstrictor activity, (2) measured changes in [[skin temperature]] can be used as a feedback variable to increase cutaneous vasoconstrictor activity, and (3) whether targeting these ganglia could provide a substrate ...",skin temperature,23,census,v1 (configs/measurements.yaml as shipped)
1,cpet,Cardiopulmonary exercise testing (incl. 2-day CPET),ctgov|NCT01000350|outcome_description|0|cpet,trial:NCT01000350,outcome_measure,outcome_description,primary,[[VO2max]] will be measured hours after saline and after placebo. The 2 interventions will be less than 2 weeks apart.,VO2max,248,seeded_random_30,v1 (configs/measurements.yaml as shipped)
1,cpet,Cardiopulmonary exercise testing (incl. 2-day CPET),ctgov|NCT01563107|intervention_other_names|1|cpet,trial:NCT01563107,intervention,intervention_other_names,,[[VO2 Max]] (maximal oxygen consumption),VO2 Max,248,seeded_random_30,v1 (configs/measurements.yaml as shipped)
1,cpet,Cardiopulmonary exercise testing (incl. 2-day CPET),ctgov|NCT02970240|official_title|-1|cpet,trial:NCT02970240,abstract,official_title,,[[Cardiopulmonary Exercise Test]]ing as a Diagnostic Tool and a Quantitative Measure of Post-exertional Malaise in Myalgic Encephalopathy/Chronic Fatigue Syndrome,Cardiopulmonary Exercise Test,248,seeded_random_30,v1 (configs/measurements.yaml as shipped)
1,cpet,Cardiopulmonary exercise testing (incl. 2-day CPET),ctgov|NCT03675087|outcome_description|1020|cpet,trial:NCT03675087,outcome_measure,outcome_description,secondary,It is measured through the Jaeger 900 cycle ergometer during the peak [[CPET]] with Snell CR. et al protocol. Mean and standard deviation of participants´ peak work load will be calculated.,CPET,248,seeded_random_30,v1 (configs/measurements.yaml as shipped)
1,cpet,Cardiopulmonary exercise testing (incl. 2-day CPET),ctgov|NCT03675087|outcome_description|1025|cpet,trial:NCT03675087,outcome_measure,outcome_description,secondary,... time interval between heartbeats measured with the heart rate sensor of the TM31 Polar band in the 6MWT or with the 12-lead JaegerTM ECG in the peak [[CPET]]. Mean and standard deviation will be calculated.,CPET,248,seeded_random_30,v1 (configs/measurements.yaml as shipped)
1,cpet,Cardiopulmonary exercise testing (incl. 2-day CPET),ctgov|NCT03675087|outcome_measure|1017|cpet,trial:NCT03675087,outcome_measure,outcome_measure,secondary,Mean Value of the Peak VO2 Body Weight Adjusted in 6MWT and in Peak [[CPET]] in Milillitres/ Kilograms/ Minute.,CPET,248,seeded_random_30,v1 (configs/measurements.yaml as shipped)
1,cpet,Cardiopulmonary exercise testing (incl. 2-day CPET),ctgov|NCT04603157|outcome_description|0|cpet,trial:NCT04603157,outcome_measure,outcome_description,primary,peak oxygen consumption measured from maximal [[cardiopulmonary exercise test]]ing,cardiopulmonary exercise test,248,seeded_random_30,v1 (configs/measurements.yaml as shipped)
1,cpet,Cardiopulmonary exercise testing (incl. 2-day CPET),ctgov|NCT04603157|outcome_description|2002|cpet,trial:NCT04603157,outcome_measure,outcome_description,other,Change in heart rate at anaerobic threshold measured from maximal [[cardiopulmonary exercise test]]ing,cardiopulmonary exercise test,248,seeded_random_30,v1 (configs/measurements.yaml as shipped)
1,cpet,Cardiopulmonary exercise testing (incl. 2-day CPET),ctgov|NCT04851561|outcome_measure|0|cpet,trial:NCT04851561,outcome_measure,outcome_measure,primary,Pathological [[CPET]],CPET,248,seeded_random_30,v1 (configs/measurements.yaml as shipped)
1,cpet,Cardiopulmonary exercise testing (incl. 2-day CPET),ctgov|NCT05035628|outcome_description|0|cpet,trial:NCT05035628,outcome_measure,outcome_description,primary,Maximum incremental [[cardiopulmonary exercise test]] (VO2 max (ml.kg.min),cardiopulmonary exercise test,248,seeded_random_30,v1 (configs/measurements.yaml as shipped)
1,cpet,Cardiopulmonary exercise testing (incl. 2-day CPET),ctgov|NCT05130099|outcome_description|1034|cpet,trial:NCT05130099,outcome_measure,outcome_description,secondary,Peak oxygen uptake ([[VO2peak]]) is measured,VO2peak,248,seeded_random_30,v1 (configs/measurements.yaml as shipped)
1,cpet,Cardiopulmonary exercise testing (incl. 2-day CPET),ctgov|NCT05212831|outcome_description|1|cpet,trial:NCT05212831,outcome_measure,outcome_description,primary,To describe the effect of the Inogen One® G4 POC on [[VO2max]] during cardiopulmonary exercise test,VO2max,248,seeded_random_30,v1 (configs/measurements.yaml as shipped)
1,cpet,Cardiopulmonary exercise testing (incl. 2-day CPET),ctgov|NCT05217875|outcome_measure|1003|cpet,trial:NCT05217875,outcome_measure,outcome_measure,secondary,Qualitative changes (increase/decrease/no change of DB pattern of [[CPET]]),CPET,248,seeded_random_30,v1 (configs/measurements.yaml as shipped)
1,cpet,Cardiopulmonary exercise testing (incl. 2-day CPET),ctgov|NCT05218174|outcome_description|1002|cpet,trial:NCT05218174,outcome_measure,outcome_description,secondary,Total time of test ([[CPET]]).,CPET,248,seeded_random_30,v1 (configs/measurements.yaml as shipped)
1,cpet,Cardiopulmonary exercise testing (incl. 2-day CPET),ctgov|NCT05218174|outcome_description|1055|cpet,trial:NCT05218174,outcome_measure,outcome_description,secondary,...ived Exertion (6-20) scale will be used during the test to assess subjective exertion. Measured during each stage of the exercise protocol during the [[cardiopulmonary exercise test]]. Higher ratings indicating a higher level of exertion.,cardiopulmonary exercise test,248,seeded_random_30,v1 (configs/measurements.yaml as shipped)
1,cpet,Cardiopulmonary exercise testing (incl. 2-day CPET),ctgov|NCT05218174|outcome_description|1059|cpet,trial:NCT05218174,outcome_measure,outcome_description,secondary,...ified Borg Dyspnea Scale (0-10) will be used to assess subjective shortness of breath. Measured during each stage of the exercise protocol during the [[cardiopulmonary exercise test]]. Higher values indicating a higher degree of shortness of breath.,cardiopulmonary exercise test,248,seeded_random_30,v1 (configs/measurements.yaml as shipped)
1,cpet,Cardiopulmonary exercise testing (incl. 2-day CPET),ctgov|NCT05218174|outcome_description|1062|cpet,trial:NCT05218174,outcome_measure,outcome_description,secondary,Measured by a pulse oximeter during each stage of the exercise protocol of the [[cardiopulmonary exercise test]] on a cycle ergometer.,cardiopulmonary exercise test,248,seeded_random_30,v1 (configs/measurements.yaml as shipped)
1,cpet,Cardiopulmonary exercise testing (incl. 2-day CPET),ctgov|NCT05218174|outcome_measure|2|cpet,trial:NCT05218174,outcome_measure,outcome_measure,primary,"Peak Oxygen Consumption ([[VO2max]]), mL/min",VO2max,248,seeded_random_30,v1 (configs/measurements.yaml as shipped)
1,cpet,Cardiopulmonary exercise testing (incl. 2-day CPET),ctgov|NCT05530317|outcome_description|1002|cpet,trial:NCT05530317,outcome_measure,outcome_description,secondary,Proportion with peak VO2\<85% predicted (using the Wasserman equations) measured with maximal symptom limited [[cardiopulmonary exercise test]]ing,cardiopulmonary exercise test,248,seeded_random_30,v1 (configs/measurements.yaml as shipped)
1,cpet,Cardiopulmonary exercise testing (incl. 2-day CPET),ctgov|NCT05532995|brief_title|-1|cpet,trial:NCT05532995,abstract,brief_title,,Responses to [[CPET]] in Subjects With Persistent Exercise Intolerance After COVID-19: an Open-Source Exercise Network,CPET,248,seeded_random_30,v1 (configs/measurements.yaml as shipped)
1,cpet,Cardiopulmonary exercise testing (incl. 2-day CPET),ctgov|NCT05539950|intervention_description|1|cpet,trial:NCT05539950,intervention,intervention_description,,Individualized exercise prescription will be given according to their results of the [[cardiopulmonary Exercise Test]]ing (CPET). Recommendations for lifestyle modification will also be given.,cardiopulmonary Exercise Test,248,seeded_random_30,v1 (configs/measurements.yaml as shipped)
1,cpet,Cardiopulmonary exercise testing (incl. 2-day CPET),ctgov|NCT05618574|outcome_description|1005|cpet,trial:NCT05618574,outcome_measure,outcome_description,secondary,VO2 (ml/kg/min) at AT will be assessed using symptom-limited [[CPET]]. The VO2 at AT for the general population occurs at approximately 50-60% of the peak VO2. This is assessed before and after approx. 14 days of supple...,CPET,248,seeded_random_30,v1 (configs/measurements.yaml as shipped)
1,cpet,Cardiopulmonary exercise testing (incl. 2-day CPET),ctgov|NCT06091358|outcome_measure|1001|cpet,trial:NCT06091358,outcome_measure,outcome_measure,secondary,Change in [[Ventilatory threshold]] (VT) at week 4.,Ventilatory threshold,248,seeded_random_30,v1 (configs/measurements.yaml as shipped)
1,cpet,Cardiopulmonary exercise testing (incl. 2-day CPET),ctgov|NCT06336070|outcome_description|1025|cpet,trial:NCT06336070,outcome_measure,outcome_description,secondary,"[[VO2peak]] will be calculated will be collected by indirect calorimetry (COSMED K5 portable metabolic analyzer, Rome, Italy) during an incremental test",VO2peak,248,seeded_random_30,v1 (configs/measurements.yaml as shipped)
1,cpet,Cardiopulmonary exercise testing (incl. 2-day CPET),ctgov|NCT06336070|outcome_measure|1025|cpet,trial:NCT06336070,outcome_measure,outcome_measure,secondary,[[VO2peak]],VO2peak,248,seeded_random_30,v1 (configs/measurements.yaml as shipped)
1,cpet,Cardiopulmonary exercise testing (incl. 2-day CPET),ctgov|NCT06933017|brief_summary|-1|cpet,trial:NCT06933017,abstract,brief_summary,,"...(PESE) in individuals with Long COVID. The investigators will compare the effectiveness of the Two-Day 6-Minute Incremental Step Test (6MIST) and the [[Cardiopulmonary Exercise Test]] (CPET) in detecting PESE. Additionally, the investigators will assess metabolism, mitochondrial function, autonomic symptoms, psychological factors, ...",Cardiopulmonary Exercise Test,248,seeded_random_30,v1 (configs/measurements.yaml as shipped)
1,cpet,Cardiopulmonary exercise testing (incl. 2-day CPET),ctgov|NCT06933017|outcome_measure|1004|cpet,trial:NCT06933017,outcome_measure,outcome_measure,secondary,Change from Day 1 to Day 2 in Heart Rate (bpm) peak during experimental sessions 1 and 2 ([[CPET]] & 6MIST)),CPET,248,seeded_random_30,v1 (configs/measurements.yaml as shipped)
1,cpet,Cardiopulmonary exercise testing (incl. 2-day CPET),ctgov|NCT06992414|outcome_description|1|cpet,trial:NCT06992414,outcome_measure,outcome_description,primary,heart rate (in bpm) at point of [[ventilatory threshold]],ventilatory threshold,248,seeded_random_30,v1 (configs/measurements.yaml as shipped)
1,cpet,Cardiopulmonary exercise testing (incl. 2-day CPET),ctgov|NCT07492953|outcome_description|0|cpet,trial:NCT07492953,outcome_measure,outcome_description,primary,Peak oxygen uptake was measured during symptom-limited [[cardiopulmonary exercise test]]ing (CPET) performed on a cycle ergometer using a ramp protocol (0 W initial workload with increments of 10-15 W per minute). Breath-by-breath gas exc...,cardiopulmonary exercise test,248,seeded_random_30,v1 (configs/measurements.yaml as shipped)
1,cpet,Cardiopulmonary exercise testing (incl. 2-day CPET),ctgov|NCT07621068|outcome_measure|0|cpet,trial:NCT07621068,outcome_measure,outcome_measure,primary,[[Cardiopulmonary exercise test]] (CPET),Cardiopulmonary exercise test,248,seeded_random_30,v1 (configs/measurements.yaml as shipped)
1,autonomic_testing,"Autonomic function testing (tilt, active stand, Valsalva, QSART)",ctgov|NCT01159197|brief_summary|-1|autonomic_testing,trial:NCT01159197,abstract,brief_summary,,"...tory cytokines (serum IL-1β, IL-18, and TNF-α levels), oxidative stress (TBARS, Total antioxidant status and serum 8-OHdG) and autonomic dysfunction ([[Baroreflex]] sensitivity, BRS) were measured. Expected results The investigators expect that CBT can improve the sleep disturbance in HD patients and may change...",Baroreflex,400,seeded_random_30,v1 (configs/measurements.yaml as shipped)
1,autonomic_testing,"Autonomic function testing (tilt, active stand, Valsalva, QSART)",ctgov|NCT01547117|intervention_other_names|3|autonomic_testing,trial:NCT01547117,intervention,intervention_other_names,,Standing [[Orthostatic Challenge]],Orthostatic Challenge,400,seeded_random_30,v1 (configs/measurements.yaml as shipped)
1,autonomic_testing,"Autonomic function testing (tilt, active stand, Valsalva, QSART)",ctgov|NCT02300207|outcome_description|0|autonomic_testing,trial:NCT02300207,outcome_measure,outcome_description,primary,"The subjects remained at rest in a supine position for 15 min to collect control data, and then tilted to 75° [[head-up tilt]] testing (HUT) for 5 second followed by increasing steps of lower body negative pressure (LBNP). LBNP began at -20mm Hg for 5 minutes followed by an i...",head-up tilt,400,seeded_random_30,v1 (configs/measurements.yaml as shipped)
1,autonomic_testing,"Autonomic function testing (tilt, active stand, Valsalva, QSART)",ctgov|NCT03070730|outcome_description|1|autonomic_testing,trial:NCT03070730,outcome_measure,outcome_description,primary,Maximal postural tachycardia is the maximum heart rate during a 20-min [[tilt table]] test.,tilt table,400,seeded_random_30,v1 (configs/measurements.yaml as shipped)
1,autonomic_testing,"Autonomic function testing (tilt, active stand, Valsalva, QSART)",ctgov|NCT03124355|intervention_description|3|autonomic_testing,trial:NCT03124355,intervention,intervention_description,,Vagal stimulation will be given at 50 Hz during the [[tilt table]] tests,tilt table,400,seeded_random_30,v1 (configs/measurements.yaml as shipped)
1,autonomic_testing,"Autonomic function testing (tilt, active stand, Valsalva, QSART)",ctgov|NCT03124355|intervention_description|4|autonomic_testing,trial:NCT03124355,intervention,intervention_description,,Sham vagal stimulation will be given at 0.01 mA during the [[tilt table]] tests,tilt table,400,seeded_random_30,v1 (configs/measurements.yaml as shipped)
1,autonomic_testing,"Autonomic function testing (tilt, active stand, Valsalva, QSART)",ctgov|NCT03137537|outcome_description|2000|autonomic_testing,trial:NCT03137537,outcome_measure,outcome_description,other,Calculate the change in cardiac autonomic function (from cardiac [[autonomic function test]]ing) from baseline to 6 weeks in one half of the patients in the study (n=30),autonomic function test,400,seeded_random_30,v1 (configs/measurements.yaml as shipped)
1,autonomic_testing,"Autonomic function testing (tilt, active stand, Valsalva, QSART)",ctgov|NCT04100486|outcome_description|2|autonomic_testing,trial:NCT04100486,outcome_measure,outcome_description,primary,"... to infer respiration rate. Respiration changes will be assessed as percent change during tasks, with a comparison to baseline (before and after each [[autonomic test]]).",autonomic test,400,seeded_random_30,v1 (configs/measurements.yaml as shipped)
1,autonomic_testing,"Autonomic function testing (tilt, active stand, Valsalva, QSART)",ctgov|NCT04736732|outcome_description|1012|autonomic_testing,trial:NCT04736732,outcome_measure,outcome_description,secondary,Evaluation of any new cardiac dysautonomia using the [[10-minute stand]]ing test.,10-minute stand,400,seeded_random_30,v1 (configs/measurements.yaml as shipped)
1,autonomic_testing,"Autonomic function testing (tilt, active stand, Valsalva, QSART)",ctgov|NCT04855266|intervention_name|2|autonomic_testing,trial:NCT04855266,intervention,intervention_name,,[[Tilt Table]] Test,Tilt Table,400,seeded_random_30,v1 (configs/measurements.yaml as shipped)
1,autonomic_testing,"Autonomic function testing (tilt, active stand, Valsalva, QSART)",ctgov|NCT05094622|outcome_description|1014|autonomic_testing,trial:NCT05094622,outcome_measure,outcome_description,secondary,Measured with [[Active stand]]ing test according to a specific protocol with measurements of responses in heart rate after getting up to standing from the supine position.,Active stand,400,seeded_random_30,v1 (configs/measurements.yaml as shipped)
1,autonomic_testing,"Autonomic function testing (tilt, active stand, Valsalva, QSART)",ctgov|NCT05205772|outcome_description|2002|autonomic_testing,trial:NCT05205772,outcome_measure,outcome_description,other,Change in the orthostatic blood pressure change from before to after iTBS. [[Orthostatic vital]] signs will be measured as follows: blood pressure will be measured after at least 3 minutes of rest in the supine position. Blood pressure will again...,Orthostatic vital,400,seeded_random_30,v1 (configs/measurements.yaml as shipped)
1,autonomic_testing,"Autonomic function testing (tilt, active stand, Valsalva, QSART)",ctgov|NCT05365607|outcome_description|2|autonomic_testing,trial:NCT05365607,outcome_measure,outcome_description,primary,Cardiovagal [[baroreflex]] sensitivity (cBRS),baroreflex,400,seeded_random_30,v1 (configs/measurements.yaml as shipped)
1,autonomic_testing,"Autonomic function testing (tilt, active stand, Valsalva, QSART)",ctgov|NCT05369520|outcome_description|2|autonomic_testing,trial:NCT05369520,outcome_measure,outcome_description,primary,"During HUTT, participants will be passively moved to approximately 60° upright stand position by the investigators using the [[tilt table]]. Using TCSCS to activate spinal sympathetic circuitry and mitigate low resting BP and orthostatic hypotension (OH), and continuous beat-by beat BP mo...",tilt table,400,seeded_random_30,v1 (configs/measurements.yaml as shipped)
1,autonomic_testing,"Autonomic function testing (tilt, active stand, Valsalva, QSART)",ctgov|NCT05566379|outcome_description|1|autonomic_testing,trial:NCT05566379,outcome_measure,outcome_description,primary,"[[Active Stand]] Test. Clinically, an active stand test can be used to assess short-term neural and cardiovascular function and identify the hemodynamic correlates of...",Active Stand,400,seeded_random_30,v1 (configs/measurements.yaml as shipped)
1,autonomic_testing,"Autonomic function testing (tilt, active stand, Valsalva, QSART)",ctgov|NCT05633693|outcome_description|1002|autonomic_testing,trial:NCT05633693,outcome_measure,outcome_description,secondary,We will use responses to the [[Valsalva]] maneuver and sit-stand test to determine participant autonomic control. Relationships between autonomic control will be evaluated using correlation/r...,Valsalva,400,seeded_random_30,v1 (configs/measurements.yaml as shipped)
1,autonomic_testing,"Autonomic function testing (tilt, active stand, Valsalva, QSART)",ctgov|NCT05700903|outcome_description|0|autonomic_testing,trial:NCT05700903,outcome_measure,outcome_description,primary,The change in cardiovagal [[baroreflex]] sensitivity will be assessed via the sequence method,baroreflex,400,seeded_random_30,v1 (configs/measurements.yaml as shipped)
1,autonomic_testing,"Autonomic function testing (tilt, active stand, Valsalva, QSART)",ctgov|NCT05772260|brief_summary|-1|autonomic_testing,trial:NCT05772260,abstract,brief_summary,,"...mic instability during per-oral endoscopic myotomy compared with patients without autonomic dysfunction. In this prospective observational study, the [[autonomic function test]] will be performed before surgery, and advanced hemodynamic parameters will be recorded using EV1000 clinical platform (Edwards Lifesciences, USA) dur...",autonomic function test,400,seeded_random_30,v1 (configs/measurements.yaml as shipped)
1,autonomic_testing,"Autonomic function testing (tilt, active stand, Valsalva, QSART)",ctgov|NCT05855356|outcome_measure|1000|autonomic_testing,trial:NCT05855356,outcome_measure,outcome_measure,secondary,10 minutes [[NASA Lean]] Test,NASA Lean,400,seeded_random_30,v1 (configs/measurements.yaml as shipped)
1,autonomic_testing,"Autonomic function testing (tilt, active stand, Valsalva, QSART)",ctgov|NCT05877534|outcome_measure|1015|autonomic_testing,trial:NCT05877534,outcome_measure,outcome_measure,secondary,Change in dyspnea during [[Active stand]]ing test,Active stand,400,seeded_random_30,v1 (configs/measurements.yaml as shipped)
1,autonomic_testing,"Autonomic function testing (tilt, active stand, Valsalva, QSART)",ctgov|NCT05923840|keywords|-1|autonomic_testing,trial:NCT05923840,abstract,keywords,,Postural Tachycardia Syndrome (POTS) | Young Females | [[Tilt Table]] Testing | Initial Orthostatic Intolerance,Tilt Table,400,seeded_random_30,v1 (configs/measurements.yaml as shipped)
1,autonomic_testing,"Autonomic function testing (tilt, active stand, Valsalva, QSART)",ctgov|NCT05924646|outcome_description|0|autonomic_testing,trial:NCT05924646,outcome_measure,outcome_description,primary,Upright heart rate measured during the [[tilt table]] test at the end of the moderate dietary salt plus additional salt arm compared to the tilt table test at the end of the moderate dietary salt alone a...,tilt table,400,seeded_random_30,v1 (configs/measurements.yaml as shipped)
1,autonomic_testing,"Autonomic function testing (tilt, active stand, Valsalva, QSART)",ctgov|NCT06305793|outcome_description|1003|autonomic_testing,trial:NCT06305793,outcome_measure,outcome_description,secondary,measured during [[Active Stand]] Test,Active Stand,400,seeded_random_30,v1 (configs/measurements.yaml as shipped)
1,autonomic_testing,"Autonomic function testing (tilt, active stand, Valsalva, QSART)",ctgov|NCT06305806|outcome_description|1002|autonomic_testing,trial:NCT06305806,outcome_measure,outcome_description,secondary,measured during [[Active Stand]] Test,Active Stand,400,seeded_random_30,v1 (configs/measurements.yaml as shipped)
1,autonomic_testing,"Autonomic function testing (tilt, active stand, Valsalva, QSART)",ctgov|NCT07021014|outcome_description|2001|autonomic_testing,trial:NCT07021014,outcome_measure,outcome_description,other,Cardiovagal [[baroreflex]] sensitivity (cBRS) measured using beat-to-beat time series of systolic blood pressures (finger photo-plethysmography) and R-R interval (three-lead el...,baroreflex,400,seeded_random_30,v1 (configs/measurements.yaml as shipped)
1,autonomic_testing,"Autonomic function testing (tilt, active stand, Valsalva, QSART)",ctgov|NCT07374562|outcome_measure|1003|autonomic_testing,trial:NCT07374562,outcome_measure,outcome_measure,secondary,Orthostatic Intolerance ([[NASA Lean]] Test),NASA Lean,400,seeded_random_30,v1 (configs/measurements.yaml as shipped)
1,autonomic_testing,"Autonomic function testing (tilt, active stand, Valsalva, QSART)",ctgov|NCT07398508|brief_summary|-1|autonomic_testing,trial:NCT07398508,abstract,brief_summary,,"...aradigm in a double-blind placebo-controlled randomized crossover design to optimize statistical power and rigorously discern treatment effects on 1) [[tilt table]] tests of orthostatic hypotension, 2) systolic and diastolic blood pressure, 3) plasma neurochemical levels and 4) tests of physical exertion. The tri...",tilt table,400,seeded_random_30,v1 (configs/measurements.yaml as shipped)
1,autonomic_testing,"Autonomic function testing (tilt, active stand, Valsalva, QSART)",ctgov|NCT07564830|outcome_measure|1003|autonomic_testing,trial:NCT07564830,outcome_measure,outcome_measure,secondary,[[Orthostatic heart rate]] change,Orthostatic heart rate,400,seeded_random_30,v1 (configs/measurements.yaml as shipped)
1,autonomic_testing,"Autonomic function testing (tilt, active stand, Valsalva, QSART)",nih|10473598|abstract_text|-1|autonomic_testing,nih:10473598,abstract,abstract_text,,"...or the group. This “primary sympathetic” (psPOTS) subset is associated with a paradoxical increase in upright blood pressure and pressor responses to [[Valsalva]], and appear to improve clinically on central sympatholytics. Thus, our overarching hypothesis is that there is a subset of POTS patients with a centr...",Valsalva,400,seeded_random_30,v1 (configs/measurements.yaml as shipped)
1,autonomic_testing,"Autonomic function testing (tilt, active stand, Valsalva, QSART)",nih|9674234|abstract_text|-1|autonomic_testing,nih:9674234,abstract,abstract_text,,"...thetic and baroreceptor reflexes. First, the gain of these responses is adjusted cognitively in accordance with the expected magnitude of an upcoming [[head-up tilt]]. Second, the gain of baroreceptor reflexes increases following a bilateral labyrinthectomy to compensate for the loss of vestibulosympathetic respons...",head-up tilt,400,seeded_random_30,v1 (configs/measurements.yaml as shipped)
1,small_fiber_testing,"Small-fiber nerve testing (skin biopsy IENFD, corneal confocal)",ctgov|NCT00565526|brief_summary|-1|small_fiber_testing,trial:NCT00565526,abstract,brief_summary,,...aire on ANS function and emotional/psychological well-being. Additional procedures and tests may include the following: * Blood samples. * Optional [[skin biopsy]] to study sweat glands and nerve supply of the skin.,skin biopsy,28,census,v1 (configs/measurements.yaml as shipped)
1,small_fiber_testing,"Small-fiber nerve testing (skin biopsy IENFD, corneal confocal)",ctgov|NCT03674541|brief_summary|-1|small_fiber_testing,trial:NCT03674541,abstract,brief_summary,,"... the pathophysiology of this condition include autoimmune causes, an inciting viral illness, and a dysfunctional autonomic nervous system caused by a [[small fiber]] polyneuropathy. Symptoms include fatigue, cognitive impairments, gastrointestinal changes, exertional dyspnea, and post-exertional malaise. The latte...",small fiber,28,census,v1 (configs/measurements.yaml as shipped)
1,small_fiber_testing,"Small-fiber nerve testing (skin biopsy IENFD, corneal confocal)",ctgov|NCT04310644|brief_summary|-1|small_fiber_testing,trial:NCT04310644,abstract,brief_summary,,"...(baseline, after 3 months and after 1.5 years) to gain knowledge about the course of this disease and understand its pathophysiology, with a focus on [[Small Fiber]] neuropathy. Moreover we will validate the german version of the Malmö POTS Score and establish an easy diagnostic scheme for patients in outpatient c...",Small Fiber,28,census,v1 (configs/measurements.yaml as shipped)
1,small_fiber_testing,"Small-fiber nerve testing (skin biopsy IENFD, corneal confocal)",ctgov|NCT04310644|brief_title|-1|small_fiber_testing,trial:NCT04310644,abstract,brief_title,,Autonomic [[Small Fiber]] Neuropathy and Ehlers Danlos Syndromes - Prospective Study and Registry,Small Fiber,28,census,v1 (configs/measurements.yaml as shipped)
1,small_fiber_testing,"Small-fiber nerve testing (skin biopsy IENFD, corneal confocal)",ctgov|NCT04310644|official_title|-1|small_fiber_testing,trial:NCT04310644,abstract,official_title,,"...Its Pathophysiology in Autoimmune Autonomic Neuropathies, Postural Orthostatic Tachycardia Syndrome and Ehlers Danlos Syndromes: Peripheral Autonomic [[Small Fiber]] Neuropathy or Central Autonomic Failure? Validation of the Malmö POTS Score and a Better Diagnosis of POTS in Patientes With Autnomic Failure (VaGeMA...",Small Fiber,28,census,v1 (configs/measurements.yaml as shipped)
1,small_fiber_testing,"Small-fiber nerve testing (skin biopsy IENFD, corneal confocal)",ctgov|NCT04310644|outcome_measure|2|small_fiber_testing,trial:NCT04310644,outcome_measure,outcome_measure,primary,[[Skin biopsy]],Skin biopsy,28,census,v1 (configs/measurements.yaml as shipped)
1,small_fiber_testing,"Small-fiber nerve testing (skin biopsy IENFD, corneal confocal)",ctgov|NCT06292104|intervention_description|0|small_fiber_testing,trial:NCT06292104,intervention,intervention_description,,"Serological testing, cardiac MRI, [[skin biopsy]], cardiovascular testing, blood volume measurements",skin biopsy,28,census,v1 (configs/measurements.yaml as shipped)
1,small_fiber_testing,"Small-fiber nerve testing (skin biopsy IENFD, corneal confocal)",ctgov|NCT06305793|outcome_description|2000|small_fiber_testing,trial:NCT06305793,outcome_measure,outcome_description,other,"* Head-up tilt (HUT) test * Valsalva maneuver with a pressure of 40 mmHg for 15 seconds * Deep breathing test * [[Skin biopsy]] (if applicable as per Appendix) * Transcranial doppler (TCD), if available",Skin biopsy,28,census,v1 (configs/measurements.yaml as shipped)
1,small_fiber_testing,"Small-fiber nerve testing (skin biopsy IENFD, corneal confocal)",ctgov|NCT06992531|intervention_description|4|small_fiber_testing,trial:NCT06992531,intervention,intervention_description,,Safe and minimally invasive procedure to quantify [[intraepidermal nerve fib]]res density (IENFD). Reduced IENF density is associated with small fibre neuropathy.,intraepidermal nerve fib,28,census,v1 (configs/measurements.yaml as shipped)
1,small_fiber_testing,"Small-fiber nerve testing (skin biopsy IENFD, corneal confocal)",ctgov|NCT06992531|intervention_name|4|small_fiber_testing,trial:NCT06992531,intervention,intervention_name,,[[Skin biopsy]],Skin biopsy,28,census,v1 (configs/measurements.yaml as shipped)
1,small_fiber_testing,"Small-fiber nerve testing (skin biopsy IENFD, corneal confocal)",ctgov|NCT06992531|outcome_description|1001|small_fiber_testing,trial:NCT06992531,outcome_measure,outcome_description,secondary,To evaluate intra-epidermal nerve fibre density ([[IENFD]]) in skin biopsies from PoTS participants to identify signs of SFN; similar analysis will be conducted in mice receiving participants' IgG.,IENFD,28,census,v1 (configs/measurements.yaml as shipped)
1,small_fiber_testing,"Small-fiber nerve testing (skin biopsy IENFD, corneal confocal)",ctgov|NCT07255573|brief_summary|-1|small_fiber_testing,trial:NCT07255573,abstract,brief_summary,,[[Small-fiber]] neuropathy (SFN) affects A-delta and C fibers and commonly presents with sensory symptoms and dysautonomia. Confirmation often relies on specialized ...,Small-fiber,28,census,v1 (configs/measurements.yaml as shipped)
1,small_fiber_testing,"Small-fiber nerve testing (skin biopsy IENFD, corneal confocal)",ctgov|NCT07255573|brief_title|-1|small_fiber_testing,trial:NCT07255573,abstract,brief_title,,Diagnostic Accuracy of The Water Immersion Wrinkle Test for [[Small Fiber]] Neuropathy,Small Fiber,28,census,v1 (configs/measurements.yaml as shipped)
1,small_fiber_testing,"Small-fiber nerve testing (skin biopsy IENFD, corneal confocal)",ctgov|NCT07255573|keywords|-1|small_fiber_testing,trial:NCT07255573,abstract,keywords,,[[small-fiber]] neuropathy | dysautonomia | water-immersion wrinkle test | QST | SSR,small-fiber,28,census,v1 (configs/measurements.yaml as shipped)
1,small_fiber_testing,"Small-fiber nerve testing (skin biopsy IENFD, corneal confocal)",ctgov|NCT07255573|official_title|-1|small_fiber_testing,trial:NCT07255573,abstract,official_title,,Diagnostic Accuracy of The Water Immersion Wrinkle Test for the Diagnosis of [[Small Fiber]] Neuropathy,Small Fiber,28,census,v1 (configs/measurements.yaml as shipped)
1,small_fiber_testing,"Small-fiber nerve testing (skin biopsy IENFD, corneal confocal)",ctgov|NCT07682090|brief_summary|-1|small_fiber_testing,trial:NCT07682090,abstract,brief_summary,,"...vity at rest, with reduced SNS recruitment during orthostatic challenge. Moreover, approximately 50% of patients with FMS show reduced intraepidermal [[small fiber]] density on skin biopsy, a condition referred to as small fiber pathology (SFP), which has recently been suggested to contribute to autonomic dysfunct...",small fiber,28,census,v1 (configs/measurements.yaml as shipped)
1,small_fiber_testing,"Small-fiber nerve testing (skin biopsy IENFD, corneal confocal)",ctgov|NCT07682090|outcome_description|2001|small_fiber_testing,trial:NCT07682090,outcome_measure,outcome_description,other,...function will be assessed using dynamic sweat testing (DST) performed at baseline and Week 4. DST will be used as a non-invasive measure of autonomic [[small-fiber]] function by evaluating sweat production and sudomotor responses.,small-fiber,28,census,v1 (configs/measurements.yaml as shipped)
1,small_fiber_testing,"Small-fiber nerve testing (skin biopsy IENFD, corneal confocal)",nih|10491027|abstract_text|-1|small_fiber_testing,nih:10491027,abstract,abstract_text,,"...ght posture (orthostasis), sensory or autonomic nerve abnormalities (neuropathy) that can be visualized and quantified by microscopic examinations of [[skin biopsy]] tissues, dysregulation of central and peripheral systems that use the catecholamines dopamine or norepinephrine as chemical messengers, abnormalities...",skin biopsy,28,census,v1 (configs/measurements.yaml as shipped)
1,small_fiber_testing,"Small-fiber nerve testing (skin biopsy IENFD, corneal confocal)",nih|10619324|abstract_text|-1|small_fiber_testing,nih:10619324,abstract,abstract_text,,"...he polyneuropathies, adverse conditions damage the body’s peripheral neurons, causing them to fire dysfunctionally and sometimes begin to degenerate. [[Small-fiber]] neuropathy (SFN) is a very common type. Many neuropathies, including from diabetes or toxic exposures, often affect the ends of smaller fibers earlie...",Small-fiber,28,census,v1 (configs/measurements.yaml as shipped)
1,small_fiber_testing,"Small-fiber nerve testing (skin biopsy IENFD, corneal confocal)",nih|10619324|project_title|-1|small_fiber_testing,nih:10619324,abstract,project_title,,DDT-BMQ-000079 Establishing Performance Characteristics of the Epidermal Neurite Density (END) Biomarker to Assist Diagnosis of [[Small Fiber]] Neuropathy,Small Fiber,28,census,v1 (configs/measurements.yaml as shipped)
1,small_fiber_testing,"Small-fiber nerve testing (skin biopsy IENFD, corneal confocal)",nih|10619324|public_health_relevance|-1|small_fiber_testing,nih:10619324,abstract,public_health_relevance,,Diagnoses of [[small-fiber]] neuropathy–a common and sometimes disabling multi-symptom illness–are confirmed by measuring epidermal neurite density (END) from a punch skin biopsy...,small-fiber,28,census,v1 (configs/measurements.yaml as shipped)
1,small_fiber_testing,"Small-fiber nerve testing (skin biopsy IENFD, corneal confocal)",nih|10686865|abstract_text|-1|small_fiber_testing,nih:10686865,abstract,abstract_text,,"...ibuting to maladaptive decision-making. Excessive alcohol exposure also damages elements of the peripheral nervous system to produce a characteristic [[small fiber]] neuropathy, and the resulting hyperalgesia (or increased pain sensitivity) is hypothesized to contribute to motivational factors to drink. Our prelim...",small fiber,28,census,v1 (configs/measurements.yaml as shipped)
1,small_fiber_testing,"Small-fiber nerve testing (skin biopsy IENFD, corneal confocal)",nih|10930045|abstract_text|-1|small_fiber_testing,nih:10930045,abstract,abstract_text,,"...ators studying such rare diseases. Using our extensive network of collaborators inside and outside of LDN as well as our own rich cardiac, renal, and [[skin biopsy]] collections, we are extremely well poised to study the natural history and ERT treatment outcomes of the key lesions of cardiovascular and renal comp...",skin biopsy,28,census,v1 (configs/measurements.yaml as shipped)
1,small_fiber_testing,"Small-fiber nerve testing (skin biopsy IENFD, corneal confocal)",nih|11242029|abstract_text|-1|small_fiber_testing,nih:11242029,abstract,abstract_text,,"...th confirmed PASC and PTLD dysautonomia will prospectively undergo objective autonomic testing in the Autonomic Lab, histopathological examination of [[small-fiber]] nerve density on skin biopsy, and clinical phenotyping using patient-reported outcome measures. In Aim 1, we will identify distinct clinical subgroup...",small-fiber,28,census,v1 (configs/measurements.yaml as shipped)
1,small_fiber_testing,"Small-fiber nerve testing (skin biopsy IENFD, corneal confocal)",nih|9273337|abstract_text|-1|small_fiber_testing,nih:9273337,abstract,abstract_text,,"DESCRIPTION (provided by applicant): [[Small fiber]] neuropathy (SFN) is a neurodegenerative disorder that is characterized by a loss of unmyelinated C-, small myelinated Ad- and autonomic fibers, and ...",Small fiber,28,census,v1 (configs/measurements.yaml as shipped)
1,small_fiber_testing,"Small-fiber nerve testing (skin biopsy IENFD, corneal confocal)",nih|9273337|project_title|-1|small_fiber_testing,nih:9273337,abstract,project_title,,Generation and characterization of in vivo models of [[Small Fiber]] Neuropathy,Small Fiber,28,census,v1 (configs/measurements.yaml as shipped)
1,small_fiber_testing,"Small-fiber nerve testing (skin biopsy IENFD, corneal confocal)",nih|9273337|public_health_relevance|-1|small_fiber_testing,nih:9273337,abstract,public_health_relevance,,PUBLIC HEALTH RELEVANCE: [[Small fiber]] neuropathy (SFN) is a poorly understood disorder of peripheral nerves that is associated with a loss of unmyelinated and thinly-myelinated somatic an...,Small fiber,28,census,v1 (configs/measurements.yaml as shipped)
1,small_fiber_testing,"Small-fiber nerve testing (skin biopsy IENFD, corneal confocal)",nih|9361301|abstract_text|-1|small_fiber_testing,nih:9361301,abstract,abstract_text,,"...or, PhD): This study will determine (1) the association between circulating angiogenic cell mobilization; and improved autonomic function and reduced [[small fiber]] neuropathy and (2) the effect of exercise training and neuromuscular electrical stimulation on autonomic neuropathy, and in turn the effect on periph...",small fiber,28,census,v1 (configs/measurements.yaml as shipped)
1,endothelial_function,"Endothelial function (FMD, peripheral arterial tonometry)",ctgov|NCT01151163|brief_summary|-1|endothelial_function,trial:NCT01151163,abstract,brief_summary,,"... and typical sleep disturbances. The purpose of the current study is to investigate the nature of sleep disturbance in FMS, using a novel technology. [[Peripheral arterial tonometry]] is a method by which peripheral arterial tone is measured non - invasively using in an ambulatory setup during sleep. The information collected refle...",Peripheral arterial tonometry,87,seeded_random_30,v1 (configs/measurements.yaml as shipped)
1,endothelial_function,"Endothelial function (FMD, peripheral arterial tonometry)",ctgov|NCT01151163|keywords|-1|endothelial_function,trial:NCT01151163,abstract,keywords,,"Fibromyalgia, [[Peripheral arterial tonometry]], sleep",Peripheral arterial tonometry,87,seeded_random_30,v1 (configs/measurements.yaml as shipped)
1,endothelial_function,"Endothelial function (FMD, peripheral arterial tonometry)",ctgov|NCT01308099|brief_title|-1|endothelial_function,trial:NCT01308099,abstract,brief_title,,Assessment of Vascular [[Endothelial Function]] in Postural Tachycardia Syndrome,Endothelial Function,87,seeded_random_30,v1 (configs/measurements.yaml as shipped)
1,endothelial_function,"Endothelial function (FMD, peripheral arterial tonometry)",ctgov|NCT01550315|intervention_description|0|endothelial_function,trial:NCT01550315,intervention,intervention_description,,"...od, the blood pressure cuff on the study arm will be inflated to 60 mm Hg above systolic pressure for 5 min. The cuff will then be deflated to induce [[reactive hyperemia]], PAT recording will be stopped.",reactive hyperemia,87,seeded_random_30,v1 (configs/measurements.yaml as shipped)
1,endothelial_function,"Endothelial function (FMD, peripheral arterial tonometry)",ctgov|NCT01550315|intervention_description|1|endothelial_function,trial:NCT01550315,intervention,intervention_description,,Calf blood flow (CBF) will be determined using venous occlusion plethysmography and calibrated mercury strain-gauges during [[reactive hyperemia]] after a 5 min of ischemia of the distal limb. Strain-gauges will be applied to the widest part of the non-dominant calf (\~10 cm below patella). Part...,reactive hyperemia,87,seeded_random_30,v1 (configs/measurements.yaml as shipped)
1,endothelial_function,"Endothelial function (FMD, peripheral arterial tonometry)",ctgov|NCT01550315|outcome_measure|0|endothelial_function,trial:NCT01550315,outcome_measure,outcome_measure,primary,[[FMD]] (% Change),FMD,87,seeded_random_30,v1 (configs/measurements.yaml as shipped)
1,endothelial_function,"Endothelial function (FMD, peripheral arterial tonometry)",ctgov|NCT01858896|outcome_measure|1|endothelial_function,trial:NCT01858896,outcome_measure,outcome_measure,primary,Change in [[Flow mediated dilat]]ion (FMD),Flow mediated dilat,87,seeded_random_30,v1 (configs/measurements.yaml as shipped)
1,endothelial_function,"Endothelial function (FMD, peripheral arterial tonometry)",ctgov|NCT01977417|keywords|-1|endothelial_function,trial:NCT01977417,abstract,keywords,,[[Endothelial Function]] | Arterial Stiffness | Inflammation | Muscle Sympathetic Nervous System | Prediabetes | Autonomic function,Endothelial Function,87,seeded_random_30,v1 (configs/measurements.yaml as shipped)
1,endothelial_function,"Endothelial function (FMD, peripheral arterial tonometry)",ctgov|NCT01977417|outcome_measure|0|endothelial_function,trial:NCT01977417,outcome_measure,outcome_measure,primary,Aim 1: Vascular [[Endothelial Function]] in Obese Prediabetic Adults Before and After 1 Month of Salsalate or Placebo.,Endothelial Function,87,seeded_random_30,v1 (configs/measurements.yaml as shipped)
1,endothelial_function,"Endothelial function (FMD, peripheral arterial tonometry)",ctgov|NCT02406586|outcome_description|13|endothelial_function,trial:NCT02406586,outcome_measure,outcome_description,primary,The change in endothelium-dependent vascular reactivity will be measured by [[flow-mediated dilat]]ion (FMD) of the brachial artery using a high-resolution vascular ultrasound with a 10-MHz linear array transducer. FMD is expressed as the percentage...,flow-mediated dilat,87,seeded_random_30,v1 (configs/measurements.yaml as shipped)
1,endothelial_function,"Endothelial function (FMD, peripheral arterial tonometry)",ctgov|NCT02406586|outcome_description|14|endothelial_function,trial:NCT02406586,outcome_measure,outcome_description,primary,The change in endothelium-dependent vascular reactivity will be measured by [[flow-mediated dilat]]ion (FMD) of the brachial artery using a high-resolution vascular ultrasound with a 10-MHz linear array transducer. FMD is expressed as the percentage...,flow-mediated dilat,87,seeded_random_30,v1 (configs/measurements.yaml as shipped)
1,endothelial_function,"Endothelial function (FMD, peripheral arterial tonometry)",ctgov|NCT02406586|outcome_measure|15|endothelial_function,trial:NCT02406586,outcome_measure,outcome_measure,primary,Change in [[Flow-mediated Dilat]]ion,Flow-mediated Dilat,87,seeded_random_30,v1 (configs/measurements.yaml as shipped)
1,endothelial_function,"Endothelial function (FMD, peripheral arterial tonometry)",ctgov|NCT02692313|brief_summary|-1|endothelial_function,trial:NCT02692313,abstract,brief_summary,,"...cipal physiologic defense against hypoglycemia in type 1 and longer duration type 2 DM. Despite this, it is unknown how epinephrine regulates in-vivo [[endothelial function]] and atherothrombotic balance in humans. The specific aim of our study will be to determine the dose response effects of the key ANS counterregulatory...",endothelial function,87,seeded_random_30,v1 (configs/measurements.yaml as shipped)
1,endothelial_function,"Endothelial function (FMD, peripheral arterial tonometry)",ctgov|NCT03225898|outcome_measure|1000|endothelial_function,trial:NCT03225898,outcome_measure,outcome_measure,secondary,Change from Baseline [[Endothelial Function]] over 1 hour,Endothelial Function,87,seeded_random_30,v1 (configs/measurements.yaml as shipped)
1,endothelial_function,"Endothelial function (FMD, peripheral arterial tonometry)",ctgov|NCT05196529|outcome_description|2|endothelial_function,trial:NCT05196529,outcome_measure,outcome_description,primary,Brachial artery dilation response to 5 minutes of circulatory occlusion ([[flow-mediated dilat]]ion).,flow-mediated dilat,87,seeded_random_30,v1 (configs/measurements.yaml as shipped)
1,endothelial_function,"Endothelial function (FMD, peripheral arterial tonometry)",ctgov|NCT05629988|outcome_measure|1008|endothelial_function,trial:NCT05629988,outcome_measure,outcome_measure,secondary,Improvement of vascular regulation as indexed by the [[reactive hyperemia]] index (RHI) assessed using Endopat.,reactive hyperemia,87,seeded_random_30,v1 (configs/measurements.yaml as shipped)
1,endothelial_function,"Endothelial function (FMD, peripheral arterial tonometry)",ctgov|NCT05668039|brief_summary|-1|endothelial_function,trial:NCT05668039,abstract,brief_summary,,"...e main question\[s\] it aims to answer are: * Whether EECP improves fatigue score * Whether EECP improves quality of life, six-minute walk test, and [[endothelial function]] Participants will attend 15 sessions (1-hour each) of EECP during 5 weeks Researchers will compare EECP versus sham procedure for the above outcomes.",endothelial function,87,seeded_random_30,v1 (configs/measurements.yaml as shipped)
1,endothelial_function,"Endothelial function (FMD, peripheral arterial tonometry)",ctgov|NCT05668039|outcome_description|1002|endothelial_function,trial:NCT05668039,outcome_measure,outcome_description,secondary,Endothelial dysfunction improvement by [[EndoPat]] test,EndoPat,87,seeded_random_30,v1 (configs/measurements.yaml as shipped)
1,endothelial_function,"Endothelial function (FMD, peripheral arterial tonometry)",ctgov|NCT05697640|outcome_measure|1012|endothelial_function,trial:NCT05697640,outcome_measure,outcome_measure,secondary,Improvement of endothelial cell function as assessed using [[EndoPAT]],EndoPAT,87,seeded_random_30,v1 (configs/measurements.yaml as shipped)
1,endothelial_function,"Endothelial function (FMD, peripheral arterial tonometry)",ctgov|NCT05823896|outcome_measure|1004|endothelial_function,trial:NCT05823896,outcome_measure,outcome_measure,secondary,Change from baseline in [[endothelial function]] over time,endothelial function,87,seeded_random_30,v1 (configs/measurements.yaml as shipped)
1,endothelial_function,"Endothelial function (FMD, peripheral arterial tonometry)",ctgov|NCT06091384|brief_summary|-1|endothelial_function,trial:NCT06091384,abstract,brief_summary,,"...h training (IMST) at 75% of pressure inspiratory (PImax) performed at home (5 min/session, 5-7 times/week per 6 weeks) reduces the MSNA, improves the [[endothelial function]] and lowers blood pressure in different populations. Based on these findings, IMST (75% PImax) is an excellent therapeutic option for patients with po...",endothelial function,87,seeded_random_30,v1 (configs/measurements.yaml as shipped)
1,endothelial_function,"Endothelial function (FMD, peripheral arterial tonometry)",ctgov|NCT06091384|outcome_measure|1|endothelial_function,trial:NCT06091384,outcome_measure,outcome_measure,primary,[[Endothelial function]],Endothelial function,87,seeded_random_30,v1 (configs/measurements.yaml as shipped)
1,endothelial_function,"Endothelial function (FMD, peripheral arterial tonometry)",ctgov|NCT06168006|outcome_measure|1014|endothelial_function,trial:NCT06168006,outcome_measure,outcome_measure,secondary,Change from baseline in Blood Flow and [[Flow-mediated Dilat]]ion at 12 weeks,Flow-mediated Dilat,87,seeded_random_30,v1 (configs/measurements.yaml as shipped)
1,endothelial_function,"Endothelial function (FMD, peripheral arterial tonometry)",ctgov|NCT06535165|outcome_measure|1001|endothelial_function,trial:NCT06535165,outcome_measure,outcome_measure,secondary,[[Flow-mediated dilat]]ion,Flow-mediated dilat,87,seeded_random_30,v1 (configs/measurements.yaml as shipped)
1,endothelial_function,"Endothelial function (FMD, peripheral arterial tonometry)",ctgov|NCT07026643|brief_summary|-1|endothelial_function,trial:NCT07026643,abstract,brief_summary,,"...rebral autoregulation in POTS. Vagus nerve stimulation has also been linked to improved cognitive function. The anti-inflammatory effect and improved [[endothelial function]] might improve cerebral blood flow regulation and cognitive function. The anti-inflammatory effects of aVNT may improve postural hemodynamics, reduce ...",endothelial function,87,seeded_random_30,v1 (configs/measurements.yaml as shipped)
1,endothelial_function,"Endothelial function (FMD, peripheral arterial tonometry)",ctgov|NCT07295483|outcome_description|1004|endothelial_function,trial:NCT07295483,outcome_measure,outcome_description,secondary,"...ify their diet as low, moderate, or high in Mediterranean adherence. The goal of this outome is to assess dietary influence on systemic inflammation, [[endothelial function]], and metabolic health.",endothelial function,87,seeded_random_30,v1 (configs/measurements.yaml as shipped)
1,endothelial_function,"Endothelial function (FMD, peripheral arterial tonometry)",ctgov|NCT07312409|brief_summary|-1|endothelial_function,trial:NCT07312409,abstract,brief_summary,,"...lf-administered), on vascular function and the cardio/cerebrovascular responses to upright posture. We will measure resting vascular function with an [[EndoPAT]] device, resting heart rate variability, and the blood pressure, heart rate, and brain blood flow responses to 5 minutes of head-up tilt before and af...",EndoPAT,87,seeded_random_30,v1 (configs/measurements.yaml as shipped)
1,endothelial_function,"Endothelial function (FMD, peripheral arterial tonometry)",ctgov|NCT07544186|brief_title|-1|endothelial_function,trial:NCT07544186,abstract,brief_title,,"Effect of a Non-pharmacological Intervention on [[Endothelial Function]], Body Composition, and Physical Functionality in Recovered COVID-19 Patients.",Endothelial Function,87,seeded_random_30,v1 (configs/measurements.yaml as shipped)
1,endothelial_function,"Endothelial function (FMD, peripheral arterial tonometry)",ctgov|NCT07544186|official_title|-1|endothelial_function,trial:NCT07544186,abstract,official_title,,"Effect of a Non-pharmacological Intervention (Nutritional Therapy and Pulmonary Rehabilitation) on [[Endothelial Function]], Body Composition, and Physical Functionality in Recovered COVID-19 Patients.",Endothelial Function,87,seeded_random_30,v1 (configs/measurements.yaml as shipped)
1,endothelial_function,"Endothelial function (FMD, peripheral arterial tonometry)",nih|10933306|abstract_text|-1|endothelial_function,nih:10933306,abstract,abstract_text,,"The pathophysiology of functional (psychogenic) movement disorders ([[FMD]]) is very poorly understood. These disorders are common in the population, diagnosis is difficult and treatment typically ineffective. We have been st...",FMD,87,seeded_random_30,v1 (configs/measurements.yaml as shipped)
1,vascular_imaging,Vascular / cardiac imaging,ctgov|NCT00001418|brief_summary|-1|vascular_imaging,trial:NCT00001418,abstract,brief_summary,,This study is designed to use [[PET]] scans in order to measure activity of the sympathetic nervous system. The sympathetic nervous system is the portion of the nervous system that mainta...,PET,224,seeded_random_30,v1 (configs/measurements.yaml as shipped)
1,vascular_imaging,Vascular / cardiac imaging,ctgov|NCT02406586|outcome_description|13|vascular_imaging,trial:NCT02406586,outcome_measure,outcome_description,primary,...e change in endothelium-dependent vascular reactivity will be measured by flow-mediated dilation (FMD) of the brachial artery using a high-resolution [[vascular ultrasound]] with a 10-MHz linear array transducer. FMD is expressed as the percentage increase in diameter at the baseline visit from pre-dosing with Intralipid ...,vascular ultrasound,224,seeded_random_30,v1 (configs/measurements.yaml as shipped)
1,vascular_imaging,Vascular / cardiac imaging,ctgov|NCT03759522|intervention_name|0|vascular_imaging,trial:NCT03759522,intervention,intervention_name,,DPA-714 [[PET]]/MRI,PET,224,seeded_random_30,v1 (configs/measurements.yaml as shipped)
1,vascular_imaging,Vascular / cardiac imaging,ctgov|NCT04736732|outcome_description|1000|vascular_imaging,trial:NCT04736732,outcome_measure,outcome_description,secondary,Detection of any new abnormality on [[echocardiogra]]m \>4 weeks after COVID-19 symptom-onset or diagnosis.,echocardiogra,224,seeded_random_30,v1 (configs/measurements.yaml as shipped)
1,vascular_imaging,Vascular / cardiac imaging,ctgov|NCT04752293|outcome_description|1060|vascular_imaging,trial:NCT04752293,outcome_measure,outcome_description,secondary,"Measured via [[echocardiogra]]m. Report measures of central tendency (e.g., mean, median) and dispersion (e.g., standard deviation, interquartile range, 95 percent confidence inter...",echocardiogra,224,seeded_random_30,v1 (configs/measurements.yaml as shipped)
1,vascular_imaging,Vascular / cardiac imaging,ctgov|NCT04752293|outcome_description|1064|vascular_imaging,trial:NCT04752293,outcome_measure,outcome_description,secondary,Measured via [[echocardiogra]]m. 4-level ordinal variable defined as (1) normal (normal left ventricular mass index (LVMI) and normal relative left ventricular wall thickness (RLVW...,echocardiogra,224,seeded_random_30,v1 (configs/measurements.yaml as shipped)
1,vascular_imaging,Vascular / cardiac imaging,ctgov|NCT04752293|outcome_description|31|vascular_imaging,trial:NCT04752293,outcome_measure,outcome_description,primary,"Measured via [[echocardiogra]]m. Binary variable defined as left ventricular mass index (LVMI) \>51 g/m\^2.7 (all participants), \>115 g/body surface area (BSA) (males), or \>95 g/...",echocardiogra,224,seeded_random_30,v1 (configs/measurements.yaml as shipped)
1,vascular_imaging,Vascular / cardiac imaging,ctgov|NCT04881305|intervention_description|0|vascular_imaging,trial:NCT04881305,intervention,intervention_description,,"...ssociated with psychopathology. In addition to the above-mentioned evaluations, a subgroup of participants will undergo either MRI examination or FDG [[PET]]-CT, with the aim of clarifying the neural mechanisms underlying the neurologically-related symptoms.",PET,224,seeded_random_30,v1 (configs/measurements.yaml as shipped)
1,vascular_imaging,Vascular / cardiac imaging,ctgov|NCT04914754|outcome_description|1|vascular_imaging,trial:NCT04914754,outcome_measure,outcome_description,primary,"Cardiac function (ejection fraction), measured by [[echocardiogra]]phy, is a co-primary outcome. Characterise and compare cardiac function between long COVID patients with and without severe exercise impairment.",echocardiogra,224,seeded_random_30,v1 (configs/measurements.yaml as shipped)
1,vascular_imaging,Vascular / cardiac imaging,ctgov|NCT04914754|outcome_measure|1|vascular_imaging,trial:NCT04914754,outcome_measure,outcome_measure,primary,Cardiac function ([[echocardiogra]]phy),echocardiogra,224,seeded_random_30,v1 (configs/measurements.yaml as shipped)
1,vascular_imaging,Vascular / cardiac imaging,ctgov|NCT05098977|outcome_description|2002|vascular_imaging,trial:NCT05098977,outcome_measure,outcome_description,other,Appraised using two-dimensional transthoracic [[echocardiogra]]phy - Simpsons method,echocardiogra,224,seeded_random_30,v1 (configs/measurements.yaml as shipped)
1,vascular_imaging,Vascular / cardiac imaging,ctgov|NCT05543590|intervention_name|3|vascular_imaging,trial:NCT05543590,intervention,intervention_name,,[[PET]] scan,PET,224,seeded_random_30,v1 (configs/measurements.yaml as shipped)
1,vascular_imaging,Vascular / cardiac imaging,ctgov|NCT05619653|brief_summary|-1|vascular_imaging,trial:NCT05619653,abstract,brief_summary,,"...ostCOVID Heart involvement is characterised by chronic perivascular and myopericardial inflammation. We and others have shown changes using sensitive [[cardiac MRI]] imaging that relate to cardiac symptoms (Puntmann et al, Nature Medicine 2022; Puntmann et al, JAMA Cardiol 2020; Summary of studies included in 2022...",cardiac MRI,224,seeded_random_30,v1 (configs/measurements.yaml as shipped)
1,vascular_imaging,Vascular / cardiac imaging,ctgov|NCT05756452|intervention_other_names|0|vascular_imaging,trial:NCT05756452,intervention,intervention_other_names,,Transthoracic Doppler [[Echocardiogra]]phy (TTDE); | 24-hour Holter ECG recording; | Peripheral venous blood sampling,Echocardiogra,224,seeded_random_30,v1 (configs/measurements.yaml as shipped)
1,vascular_imaging,Vascular / cardiac imaging,ctgov|NCT05943821|outcome_description|2000|vascular_imaging,trial:NCT05943821,outcome_measure,outcome_description,other,assessment of [[echocardiogra]]phic parameters - analysis of changes in echocardiographic parameters assessed in transthoracic echocardiographic examination (TTE).Assessment of syst...,echocardiogra,224,seeded_random_30,v1 (configs/measurements.yaml as shipped)
1,vascular_imaging,Vascular / cardiac imaging,ctgov|NCT06120049|intervention_description|0|vascular_imaging,trial:NCT06120049,intervention,intervention_description,,"\[18F\]-MFBG will be acquired at the Leuven University hospital on a GE MI4 [[PET]]/CT camera, with low dose CT and 120 MBq injected activity. Dynamic imaging between 0-60 minutes and 100-120 minutes (patients) and 0-70 minutes and 9...",PET,224,seeded_random_30,v1 (configs/measurements.yaml as shipped)
1,vascular_imaging,Vascular / cardiac imaging,ctgov|NCT06292104|intervention_description|0|vascular_imaging,trial:NCT06292104,intervention,intervention_description,,"Serological testing, [[cardiac MRI]], skin biopsy, cardiovascular testing, blood volume measurements",cardiac MRI,224,seeded_random_30,v1 (configs/measurements.yaml as shipped)
1,vascular_imaging,Vascular / cardiac imaging,ctgov|NCT06394921|outcome_description|1005|vascular_imaging,trial:NCT06394921,outcome_measure,outcome_description,secondary,12 lead [[echocardiogra]]m.,echocardiogra,224,seeded_random_30,v1 (configs/measurements.yaml as shipped)
1,vascular_imaging,Vascular / cardiac imaging,ctgov|NCT06427512|outcome_description|0|vascular_imaging,trial:NCT06427512,outcome_measure,outcome_description,primary,This is to measure the microvascular dysfunction in patients using Cardiac [[PET]].,PET,224,seeded_random_30,v1 (configs/measurements.yaml as shipped)
1,vascular_imaging,Vascular / cardiac imaging,ctgov|NCT06597682|outcome_description|1000|vascular_imaging,trial:NCT06597682,outcome_measure,outcome_description,secondary,Assessing the changes in in other relevant [[cardiac magnetic resonance]] (CMR) indicators from baseline.,cardiac magnetic resonance,224,seeded_random_30,v1 (configs/measurements.yaml as shipped)
1,vascular_imaging,Vascular / cardiac imaging,ctgov|NCT06911476|outcome_description|0|vascular_imaging,trial:NCT06911476,outcome_measure,outcome_description,primary,...with persistent PASC and patients recovered from PASC. Pulmonary FAP expression will be measured via the pulmonary FAPI uptake on the \[68Ga\]FAPI-46 [[PET]]/CT scan. Uptake is measured as whole lung SULmean (standardized uptake value corrected for lean body mass) corrected for the background signal (blood...,PET,224,seeded_random_30,v1 (configs/measurements.yaml as shipped)
1,vascular_imaging,Vascular / cardiac imaging,ctgov|NCT06920628|intervention_description|0|vascular_imaging,trial:NCT06920628,intervention,intervention_description,,Injected IV followed by [[PET]] scanning.,PET,224,seeded_random_30,v1 (configs/measurements.yaml as shipped)
1,vascular_imaging,Vascular / cardiac imaging,ctgov|NCT07076862|brief_summary|-1|vascular_imaging,trial:NCT07076862,abstract,brief_summary,,"This study uses total-body \[¹⁸F\]F-AraG [[PET]]/CT imaging to investigate immune activation and vascular changes in individuals with post-acute sequelae of SARS-CoV-2 infection (PASC), also known a...",PET,224,seeded_random_30,v1 (configs/measurements.yaml as shipped)
1,vascular_imaging,Vascular / cardiac imaging,ctgov|NCT07076862|outcome_description|2|vascular_imaging,trial:NCT07076862,outcome_measure,outcome_description,primary,"In a subset of participants, follow-up [[PET]]/CT imaging at 4 and 8 months will be used to assess within-subject change in kinetic uptake parameters. These changes will be compared to changes in ...",PET,224,seeded_random_30,v1 (configs/measurements.yaml as shipped)
1,vascular_imaging,Vascular / cardiac imaging,ctgov|NCT07150455|brief_summary|-1|vascular_imaging,trial:NCT07150455,abstract,brief_summary,,"...therefore be at higher risk of developing subclinical ventricular dysfunction even before overt cardiovascular disease becomes apparent. Traditional [[echocardiogra]]phic evaluation of left ventricular function is based on ejection fraction (LVEF). However, LVEF has important limitations. It may remain normal despi...",echocardiogra,224,seeded_random_30,v1 (configs/measurements.yaml as shipped)
1,vascular_imaging,Vascular / cardiac imaging,ctgov|NCT07527130|official_title|-1|vascular_imaging,trial:NCT07527130,abstract,official_title,,C11 ER176 [[PET]] in Evaluating Neuroinflammation in Patients With Post-COVID Syndrome,PET,224,seeded_random_30,v1 (configs/measurements.yaml as shipped)
1,vascular_imaging,Vascular / cardiac imaging,nih|11381857|public_health_relevance|-1|vascular_imaging,nih:11381857,abstract,public_health_relevance,,"...is project aims to provide insights into the immune and systemic manifestations of PASC by utilizing total-body dynamic positron emission tomography ([[PET]]) and kinetic modeling of 18F-AraG radiotracer, that particularly offers selectivity towards activated T cells, and to provide a link between multi pa...",PET,224,seeded_random_30,v1 (configs/measurements.yaml as shipped)
1,vascular_imaging,Vascular / cardiac imaging,nih|9207020|abstract_text|-1|vascular_imaging,nih:9207020,abstract,abstract_text,,"...y Finapres and oscillometry, cardiac output and peripheral arterial resistance by inert gas rebreathing, cerebral blood flow velocity by transcranial [[Doppler ultrasound]], and regional fluid shifts by impedance and venous occlusion plethysmography, we have acquired preliminary data in ME/CFS patients with OI demonstrat...",Doppler ultrasound,224,seeded_random_30,v1 (configs/measurements.yaml as shipped)
1,vascular_imaging,Vascular / cardiac imaging,nih|9637436|abstract_text|-1|vascular_imaging,nih:9637436,abstract,abstract_text,,"...riptomics and proteomics (""omics""). Changes in myocyte properties are manifested in transcriptome and proteome, contributing to the HF/SCD phenotype. [[Echocardiogra]]phy, continuous ECG and in vivo hemodynamic studies will parallel the molecular/cellular studies. In ex vivo studies, antibodies and pharmacological a...",Echocardiogra,224,seeded_random_30,v1 (configs/measurements.yaml as shipped)
1,vascular_imaging,Vascular / cardiac imaging,nih|9744531|abstract_text|-1|vascular_imaging,nih:9744531,abstract,abstract_text,,"...ognitive decline to examine whether HRV is mechanistically linked to cognition via vascular or inflammatory processes. We will use the trans –cranial [[Doppler ultrasound]] measures of cerebral vascular hemodynamics that were introduced in the current project, along with MRI measures of white matter integrity to examine ...",Doppler ultrasound,224,seeded_random_30,v1 (configs/measurements.yaml as shipped)
1,capillaroscopy,Nailfold capillaroscopy / microvascular imaging,ctgov|NCT05235698|intervention_description|1|capillaroscopy,trial:NCT05235698,intervention,intervention_description,,"Evaluation of the glycocalyx of sublingual capillaries with the GlycoCheck : A [[sidestream dark field]] camera, coupled with GlycoCheck™ software is used to visualize the patient's sublingual microvascularization",sidestream dark field,10,census,v1 (configs/measurements.yaml as shipped)
1,capillaroscopy,Nailfold capillaroscopy / microvascular imaging,ctgov|NCT05235698|outcome_measure|0|capillaroscopy,trial:NCT05235698,outcome_measure,outcome_measure,primary,[[Capillary density]] (mm/mm²),Capillary density,10,census,v1 (configs/measurements.yaml as shipped)
1,capillaroscopy,Nailfold capillaroscopy / microvascular imaging,ctgov|NCT05293366|intervention_description|7|capillaroscopy,trial:NCT05293366,intervention,intervention_description,,"Dermatology evaluation will account on: thrichoscopy, dermoscopy, onychoscopy and [[capillaroscop]]y, confocal microscopy, skin ultrasonography",capillaroscop,10,census,v1 (configs/measurements.yaml as shipped)
1,capillaroscopy,Nailfold capillaroscopy / microvascular imaging,ctgov|NCT05293366|outcome_description|1010|capillaroscopy,trial:NCT05293366,outcome_measure,outcome_description,secondary,"...s and mucosal lesions, defluvium with identification of specific trichoscopic patterns and onychopathies with identification of specific onychoscopic/[[capillaroscop]]ic patterns.",capillaroscop,10,census,v1 (configs/measurements.yaml as shipped)
1,capillaroscopy,Nailfold capillaroscopy / microvascular imaging,ctgov|NCT05315739|outcome_description|1019|capillaroscopy,trial:NCT05315739,outcome_measure,outcome_description,secondary,[[Nailfold]] video capillaroscopy is a non-invasive diagnostic technique that evaluates the morphology of the capillaries in the nailfold through direct visualiza...,Nailfold,10,census,v1 (configs/measurements.yaml as shipped)
1,capillaroscopy,Nailfold capillaroscopy / microvascular imaging,ctgov|NCT05445531|intervention_description|1|capillaroscopy,trial:NCT05445531,intervention,intervention_description,,Imaging of [[nailfold]] microvasculature,nailfold,10,census,v1 (configs/measurements.yaml as shipped)
1,capillaroscopy,Nailfold capillaroscopy / microvascular imaging,ctgov|NCT05445531|intervention_name|1|capillaroscopy,trial:NCT05445531,intervention,intervention_name,,[[Nailfold]] capillaroscopy,Nailfold,10,census,v1 (configs/measurements.yaml as shipped)
1,capillaroscopy,Nailfold capillaroscopy / microvascular imaging,ctgov|NCT05445531|outcome_measure|1014|capillaroscopy,trial:NCT05445531,outcome_measure,outcome_measure,secondary,[[Nailfold]] capillaroscopy (capillaries),Nailfold,10,census,v1 (configs/measurements.yaml as shipped)
1,capillaroscopy,Nailfold capillaroscopy / microvascular imaging,ctgov|NCT05445531|outcome_measure|1015|capillaroscopy,trial:NCT05445531,outcome_measure,outcome_measure,secondary,[[Nailfold]] capillaroscopy (first row),Nailfold,10,census,v1 (configs/measurements.yaml as shipped)
1,capillaroscopy,Nailfold capillaroscopy / microvascular imaging,ctgov|NCT05445531|outcome_measure|1016|capillaroscopy,trial:NCT05445531,outcome_measure,outcome_measure,secondary,[[Nailfold]] capillaroscopy (morphology),Nailfold,10,census,v1 (configs/measurements.yaml as shipped)
1,microvascular_function,"Microvascular function (laser Doppler/speckle, microcirculation)",ctgov|NCT02444091|brief_summary|-1|microvascular_function,trial:NCT02444091,abstract,brief_summary,,...d to objectively register changes in physical ability during follow-up. Studies to investigate possible large vessel endothelial dysfunction and skin [[microvascular dysfunction]] will be performed before start of intervention and during follow-up.,microvascular dysfunction,64,seeded_random_30,v1 (configs/measurements.yaml as shipped)
1,microvascular_function,"Microvascular function (laser Doppler/speckle, microcirculation)",ctgov|NCT03253120|brief_summary|-1|microvascular_function,trial:NCT03253120,abstract,brief_summary,,"...d consent. Clinical examination includes 2 HUT-tests while standing for 15 minutes, conventional measuring of blood pressure, continuous recording of [[NIRS]] signals during testing, determination of pupil size, the diameter of the optic nerve and Neuropsychological testing (Test of Attentional Performance,...",NIRS,64,seeded_random_30,v1 (configs/measurements.yaml as shipped)
1,microvascular_function,"Microvascular function (laser Doppler/speckle, microcirculation)",ctgov|NCT03253120|outcome_description|1001|microvascular_function,trial:NCT03253120,outcome_measure,outcome_description,secondary,All parameters of brain perfusion will be assessed using [[NIRS]].,NIRS,64,seeded_random_30,v1 (configs/measurements.yaml as shipped)
1,microvascular_function,"Microvascular function (laser Doppler/speckle, microcirculation)",ctgov|NCT04195360|outcome_description|1008|microvascular_function,trial:NCT04195360,outcome_measure,outcome_description,secondary,"Measured in %, [[NIRS]]-apparatus",NIRS,64,seeded_random_30,v1 (configs/measurements.yaml as shipped)
1,microvascular_function,"Microvascular function (laser Doppler/speckle, microcirculation)",ctgov|NCT04914754|outcome_description|4|microvascular_function,trial:NCT04914754,outcome_measure,outcome_description,primary,"Skeletal muscle oxidative capacity (assessed as the rate of oxygen consumption recovery post-exercise), measured using [[NIRS]], is a co-primary outcome. Characterise and compare skeletal muscle oxidative capacity between long COVID patients with and without severe exercise im...",NIRS,64,seeded_random_30,v1 (configs/measurements.yaml as shipped)
1,microvascular_function,"Microvascular function (laser Doppler/speckle, microcirculation)",ctgov|NCT04914754|outcome_measure|2|microvascular_function,trial:NCT04914754,outcome_measure,outcome_measure,primary,[[Microvascular function]] (microvascular reactivity),Microvascular function,64,seeded_random_30,v1 (configs/measurements.yaml as shipped)
1,microvascular_function,"Microvascular function (laser Doppler/speckle, microcirculation)",ctgov|NCT05225688|outcome_measure|1002|microvascular_function,trial:NCT05225688,outcome_measure,outcome_measure,secondary,Muscle oxygenation derived via [[near-infrared spectroscopy]] (NIRS) during exercise in LONG-COVID patients,near-infrared spectroscopy,64,seeded_random_30,v1 (configs/measurements.yaml as shipped)
1,microvascular_function,"Microvascular function (laser Doppler/speckle, microcirculation)",ctgov|NCT05351827|outcome_measure|2001|microvascular_function,trial:NCT05351827,outcome_measure,outcome_measure,other,[[Microvascular function]],Microvascular function,64,seeded_random_30,v1 (configs/measurements.yaml as shipped)
1,microvascular_function,"Microvascular function (laser Doppler/speckle, microcirculation)",ctgov|NCT05373043|outcome_measure|1|microvascular_function,trial:NCT05373043,outcome_measure,outcome_measure,primary,Change in [[Microvascular Function]] with passive leg movement (PLM),Microvascular Function,64,seeded_random_30,v1 (configs/measurements.yaml as shipped)
1,microvascular_function,"Microvascular function (laser Doppler/speckle, microcirculation)",ctgov|NCT05566392|intervention_other_names|0|microvascular_function,trial:NCT05566392,intervention,intervention_other_names,,Neuropsychiatric evaluation | [[Near infrared spectroscopy]],Near infrared spectroscopy,64,seeded_random_30,v1 (configs/measurements.yaml as shipped)
1,microvascular_function,"Microvascular function (laser Doppler/speckle, microcirculation)",ctgov|NCT05650905|intervention_name|3|microvascular_function,trial:NCT05650905,intervention,intervention_name,,[[Laser Speckle]] Flowgraphy (LSFG),Laser Speckle,64,seeded_random_30,v1 (configs/measurements.yaml as shipped)
1,microvascular_function,"Microvascular function (laser Doppler/speckle, microcirculation)",ctgov|NCT05699538|outcome_description|1002|microvascular_function,trial:NCT05699538,outcome_measure,outcome_description,secondary,"Skeletal muscle oxygen extraction of the dominant vastus lateralis will be assessed non-invasively using [[near-infrared spectroscopy]] (NIRS) (Artinis, Portamon, The Netherlands).",near-infrared spectroscopy,64,seeded_random_30,v1 (configs/measurements.yaml as shipped)
1,microvascular_function,"Microvascular function (laser Doppler/speckle, microcirculation)",ctgov|NCT05954325|outcome_description|1007|microvascular_function,trial:NCT05954325,outcome_measure,outcome_description,secondary,Assessment of retinal [[microcirculat]]ion,microcirculat,64,seeded_random_30,v1 (configs/measurements.yaml as shipped)
1,microvascular_function,"Microvascular function (laser Doppler/speckle, microcirculation)",ctgov|NCT05990907|brief_summary|-1|microvascular_function,trial:NCT05990907,abstract,brief_summary,,The goal of this clinical trial (pilot study) is to learn about the [[microcirculat]]ory regulation of the lower extremity under orthostatic stress with and without RIC - Remote Ischemic Preconditioning in healthy participants. The mai...,microcirculat,64,seeded_random_30,v1 (configs/measurements.yaml as shipped)
1,microvascular_function,"Microvascular function (laser Doppler/speckle, microcirculation)",ctgov|NCT05990907|brief_title|-1|microvascular_function,trial:NCT05990907,abstract,brief_title,,Influence of RIC on the Orthostatic Competence of the [[Microcirculat]]ion,Microcirculat,64,seeded_random_30,v1 (configs/measurements.yaml as shipped)
1,microvascular_function,"Microvascular function (laser Doppler/speckle, microcirculation)",ctgov|NCT05990907|outcome_description|1000|microvascular_function,trial:NCT05990907,outcome_measure,outcome_description,secondary,"[[Microcirculat]]ion parameter (Measured with O2C laser Doppler and tissue spectrometry LEA Medizintechnik GmbH, Giessen, Germany) capillary venous oxygen saturation i...",Microcirculat,64,seeded_random_30,v1 (configs/measurements.yaml as shipped)
1,microvascular_function,"Microvascular function (laser Doppler/speckle, microcirculation)",ctgov|NCT06427512|outcome_measure|0|microvascular_function,trial:NCT06427512,outcome_measure,outcome_measure,primary,Prevalence of [[Microvascular dysfunction]],Microvascular dysfunction,64,seeded_random_30,v1 (configs/measurements.yaml as shipped)
1,microvascular_function,"Microvascular function (laser Doppler/speckle, microcirculation)",ctgov|NCT06795750|intervention_description|0|microvascular_function,trial:NCT06795750,intervention,intervention_description,,"...targets the underlying autonomic dysfunction by modulating the autonomic nervous system. The enhancement of autonomic dysfunction leads to controlled [[microcirculat]]ion, the elimination of pain mediators, and the attainment of an anti-inflammatory effect. NT focuses on painful regions, specific segments of these a...",microcirculat,64,seeded_random_30,v1 (configs/measurements.yaml as shipped)
1,microvascular_function,"Microvascular function (laser Doppler/speckle, microcirculation)",ctgov|NCT06933017|intervention_description|0|microvascular_function,trial:NCT06933017,intervention,intervention_description,,"This is a portable mask, which is connected to the SplendoHealth app. The Polar sens 10 heartrate monitor and TrainRed [[NIRS]] device are also connected to this app. The three devices (mask, heartrate monitor and NIRS) are measuring respiratory gases, heart rate and muscle ti...",NIRS,64,seeded_random_30,v1 (configs/measurements.yaml as shipped)
1,microvascular_function,"Microvascular function (laser Doppler/speckle, microcirculation)",ctgov|NCT06933017|outcome_measure|12|microvascular_function,trial:NCT06933017,outcome_measure,outcome_measure,primary,"Oxygen availability as the partial pressure of oxygen (mitoPO2) (mmHg), measured through [[Near-infrared spectroscopy]] (NIRS)",Near-infrared spectroscopy,64,seeded_random_30,v1 (configs/measurements.yaml as shipped)
1,microvascular_function,"Microvascular function (laser Doppler/speckle, microcirculation)",ctgov|NCT07491315|intervention_name|1|microvascular_function,trial:NCT07491315,intervention,intervention_name,,[[Near Infrared Spectroscopy]] (NIRS),Near Infrared Spectroscopy,64,seeded_random_30,v1 (configs/measurements.yaml as shipped)
1,microvascular_function,"Microvascular function (laser Doppler/speckle, microcirculation)",ctgov|NCT07559994|brief_summary|-1|microvascular_function,trial:NCT07559994,abstract,brief_summary,,...ronary artery disease. Patients without significant epicardial coronary artery disease will undergo CFT which include Acetylcholine test and Coronary [[microvascular function]] test. Patients will be randomized into 2 groups: 1) tailored treatment group guided by the results of CFT (intervention) and 2) the routine standard ...,microvascular function,64,seeded_random_30,v1 (configs/measurements.yaml as shipped)
1,microvascular_function,"Microvascular function (laser Doppler/speckle, microcirculation)",ctgov|NCT07559994|intervention_description|0|microvascular_function,trial:NCT07559994,intervention,intervention_description,,CFT will be reported as follow: 1) normal coronary functional testing 2) vasomotor disorder (including both epicardial and microvascular) 3) coronary [[microvascular dysfunction]] (including both structural and functional) and 4) combined vasomotor disorder and coronary microvascular dysfunction.,microvascular dysfunction,64,seeded_random_30,v1 (configs/measurements.yaml as shipped)
1,microvascular_function,"Microvascular function (laser Doppler/speckle, microcirculation)",ctgov|NCT07715838|outcome_measure|7|microvascular_function,trial:NCT07715838,outcome_measure,outcome_measure,primary,Cerebral oxygenation ([[near infrared spectroscopy]]),near infrared spectroscopy,64,seeded_random_30,v1 (configs/measurements.yaml as shipped)
1,microvascular_function,"Microvascular function (laser Doppler/speckle, microcirculation)",nih|10594403|project_title|-1|microvascular_function,nih:10594403,abstract,project_title,,Effect of Cardioplegia and Cardiopulmonary Bypass on Coronary [[Microvascular Reactivity]],Microvascular Reactivity,64,seeded_random_30,v1 (configs/measurements.yaml as shipped)
1,microvascular_function,"Microvascular function (laser Doppler/speckle, microcirculation)",nih|11222655|abstract_text|-1|microvascular_function,nih:11222655,abstract,abstract_text,,"...e airway pressure (CPAP). Unfortunately, treatment adherence remains poor. Moreover, SDB is known to negatively impact autonomic, cardiovascular, and [[microvascular function]] in individuals without SCI. In individuals without an SCI, adherence to CPAP has shown to improve microvascular function. Although no direct evidence...",microvascular function,64,seeded_random_30,v1 (configs/measurements.yaml as shipped)
1,microvascular_function,"Microvascular function (laser Doppler/speckle, microcirculation)",nih|11304970|abstract_text|-1|microvascular_function,nih:11304970,abstract,abstract_text,,...ble of capturing SPN activity from several hindlimb skin/muscle nerves while simultaneously monitoring changes in hindlimb blood flow regulation with [[Laser Doppler]] Flowmetry (LDF). (2) We propose to pair this with SCS-based neuromodulation using scaled electrode parameters to deliver clinically analogous stimulu...,Laser Doppler,64,seeded_random_30,v1 (configs/measurements.yaml as shipped)
1,microvascular_function,"Microvascular function (laser Doppler/speckle, microcirculation)",nih|11314483|abstract_text|-1|microvascular_function,nih:11314483,abstract,abstract_text,,"...on in the brains of individuals who have died of acute COVID-19. In the brains of individuals living with neuro-PASC, case-control studies have found [[microvascular dysfunction]], cerebral hypoperfusion, and new small vessel disease. The long-term neurologic effects of microvascular dysfunction and subsequent risk of vascular ...",microvascular dysfunction,64,seeded_random_30,v1 (configs/measurements.yaml as shipped)
1,microvascular_function,"Microvascular function (laser Doppler/speckle, microcirculation)",nih|11377970|project_title|-1|microvascular_function,nih:11377970,abstract,project_title,,"Quantitative Detection of Coronary [[Microvascular Dysfunction]] in Long COVID Patients using a Comprehensive, Rapid, Free-Breathing Cardiovascular MRI",Microvascular Dysfunction,64,seeded_random_30,v1 (configs/measurements.yaml as shipped)
1,microvascular_function,"Microvascular function (laser Doppler/speckle, microcirculation)",nih|8996697|abstract_text|-1|microvascular_function,nih:8996697,abstract,abstract_text,,...c noradrenergic neurotransmission at pre-junctional and post-junctional sites. Our approach is two-fold: 1) We will use intradermal microdialysis and [[laser Doppler]] flowmetry (LDF) to delineate the microvascular mechanisms of NO modulation of noradrenergic neurotransmission free of confounding systemic reflex cha...,laser Doppler,64,seeded_random_30,v1 (configs/measurements.yaml as shipped)
1,retinal_imaging,"Retinal imaging (OCT, OCT-angiography, fundus)",ctgov|NCT05235698|brief_summary|-1|retinal_imaging,trial:NCT05235698,abstract,brief_summary,,"...poorly described. A team of ophthalmologists of the Rothschild Foundation has demonstrated (using indocyanine green angiography, adaptive optics and [[optical coherence tomography]] techniques) disorders of the choroidal circulation, with abnormalities of the vascular walls, presence of ""pachyvessels"" and ""caverns"", in COVID-posi...",optical coherence tomography,37,seeded_random_30,v1 (configs/measurements.yaml as shipped)
1,retinal_imaging,"Retinal imaging (OCT, OCT-angiography, fundus)",ctgov|NCT05235698|intervention_description|0|retinal_imaging,trial:NCT05235698,intervention,intervention_description,,"Visual acuity, slit lamp examination, eye pressure, retinophotography, indocyanine green retinal angiography, [[OCT-A]]( Optical Coherence Tomography- Angiography), adaptive optics, automated visual field",OCT-A,37,seeded_random_30,v1 (configs/measurements.yaml as shipped)
1,retinal_imaging,"Retinal imaging (OCT, OCT-angiography, fundus)",ctgov|NCT05235698|outcome_description|6|retinal_imaging,trial:NCT05235698,outcome_measure,outcome_description,primary,Determined by an ophthalmologist with the images of [[OCT]] (Optical Coherence Tomography),OCT,37,seeded_random_30,v1 (configs/measurements.yaml as shipped)
1,retinal_imaging,"Retinal imaging (OCT, OCT-angiography, fundus)",ctgov|NCT05307575|outcome_description|1012|retinal_imaging,trial:NCT05307575,outcome_measure,outcome_description,secondary,Retinal plexuses integrity is measured with [[Optical Coherence Tomography]] Angiography (OCTA),Optical Coherence Tomography,37,seeded_random_30,v1 (configs/measurements.yaml as shipped)
1,retinal_imaging,"Retinal imaging (OCT, OCT-angiography, fundus)",ctgov|NCT05635552|brief_summary|-1|retinal_imaging,trial:NCT05635552,abstract,brief_summary,,"The goal of this observational, prospective study is to in depth analyze the [[retinal microvascul]]ature in patients with Post-COVID-19 Syndrome (PCS). The main questions it aims to answer is: Do patients with PCS show a prolonged endothelial dysfu...",retinal microvascul,37,seeded_random_30,v1 (configs/measurements.yaml as shipped)
1,retinal_imaging,"Retinal imaging (OCT, OCT-angiography, fundus)",ctgov|NCT05635552|intervention_description|1|retinal_imaging,trial:NCT05635552,intervention,intervention_description,,[[OCT]] is an imaging technique which applies low-coherence light to capture high resolution images from the ocular fundus.,OCT,37,seeded_random_30,v1 (configs/measurements.yaml as shipped)
1,retinal_imaging,"Retinal imaging (OCT, OCT-angiography, fundus)",ctgov|NCT05635552|intervention_name|1|retinal_imaging,trial:NCT05635552,intervention,intervention_name,,[[Optical coherence tomography]] (OCT),Optical coherence tomography,37,seeded_random_30,v1 (configs/measurements.yaml as shipped)
1,retinal_imaging,"Retinal imaging (OCT, OCT-angiography, fundus)",ctgov|NCT05635552|keywords|-1|retinal_imaging,trial:NCT05635552,abstract,keywords,,[[Retinal Vessel]] Analysis | Retinal microvasculature | Autoimmunity | Inflammation | Vasculopathy,Retinal Vessel,37,seeded_random_30,v1 (configs/measurements.yaml as shipped)
1,retinal_imaging,"Retinal imaging (OCT, OCT-angiography, fundus)",ctgov|NCT05635552|official_title|-1|retinal_imaging,trial:NCT05635552,abstract,official_title,,All Eyes on PCS - Analysis of the [[Retinal Microvascul]]ature in Patients With Post-COVID-19 Syndrome,Retinal Microvascul,37,seeded_random_30,v1 (configs/measurements.yaml as shipped)
1,retinal_imaging,"Retinal imaging (OCT, OCT-angiography, fundus)",ctgov|NCT05635552|outcome_description|0|retinal_imaging,trial:NCT05635552,outcome_measure,outcome_description,primary,Static and dynamic parameters of the [[retinal vessel]] analysis.,retinal vessel,37,seeded_random_30,v1 (configs/measurements.yaml as shipped)
1,retinal_imaging,"Retinal imaging (OCT, OCT-angiography, fundus)",ctgov|NCT05635552|outcome_description|1000|retinal_imaging,trial:NCT05635552,outcome_measure,outcome_description,secondary,Static and dynamic parameters of the [[retinal vessel]] analysis.,retinal vessel,37,seeded_random_30,v1 (configs/measurements.yaml as shipped)
1,retinal_imaging,"Retinal imaging (OCT, OCT-angiography, fundus)",ctgov|NCT05635552|outcome_description|1001|retinal_imaging,trial:NCT05635552,outcome_measure,outcome_description,secondary,"Static and dynamic parameters of the [[retinal vessel]] analysis. Test items of the The COVID-19 Yorkshire Rehabilitation Scale (C19-YRS) and PCS questionnaire. Calculation of PCS severity scores (Bahmer, ...",retinal vessel,37,seeded_random_30,v1 (configs/measurements.yaml as shipped)
1,retinal_imaging,"Retinal imaging (OCT, OCT-angiography, fundus)",ctgov|NCT05635552|outcome_description|1006|retinal_imaging,trial:NCT05635552,outcome_measure,outcome_description,secondary,Parameters of [[OCT-A]].,OCT-A,37,seeded_random_30,v1 (configs/measurements.yaml as shipped)
1,retinal_imaging,"Retinal imaging (OCT, OCT-angiography, fundus)",ctgov|NCT05635552|outcome_measure|0|retinal_imaging,trial:NCT05635552,outcome_measure,outcome_measure,primary,PCS patients show an impaired [[retinal vessel]] responsiveness when compared with fully recovered COVID-19 participants.,retinal vessel,37,seeded_random_30,v1 (configs/measurements.yaml as shipped)
1,retinal_imaging,"Retinal imaging (OCT, OCT-angiography, fundus)",ctgov|NCT05635552|outcome_measure|1000|retinal_imaging,trial:NCT05635552,outcome_measure,outcome_measure,secondary,PCS patients show an impaired [[retinal vessel]] responsiveness at baseline when compared with infection naïve participants.,retinal vessel,37,seeded_random_30,v1 (configs/measurements.yaml as shipped)
1,retinal_imaging,"Retinal imaging (OCT, OCT-angiography, fundus)",ctgov|NCT05635552|outcome_measure|1001|retinal_imaging,trial:NCT05635552,outcome_measure,outcome_measure,secondary,PCS patients with improved symptoms show a change in [[retinal vessel]] responsiveness after 6 months when compared with baseline parameters.,retinal vessel,37,seeded_random_30,v1 (configs/measurements.yaml as shipped)
1,retinal_imaging,"Retinal imaging (OCT, OCT-angiography, fundus)",ctgov|NCT05650905|intervention_description|0|retinal_imaging,trial:NCT05650905,intervention,intervention_description,,"Retinal neurovascular coupling, [[Retinal vessel]] diameters and Retinal oxygen saturation will be assessed using the DVA",Retinal vessel,37,seeded_random_30,v1 (configs/measurements.yaml as shipped)
1,retinal_imaging,"Retinal imaging (OCT, OCT-angiography, fundus)",ctgov|NCT05650905|intervention_description|2|retinal_imaging,trial:NCT05650905,intervention,intervention_description,,"Retinal nerve fiber layer thickness, Central retinal thickness and [[Retinal vessel]] density will be assessed using the OCT",Retinal vessel,37,seeded_random_30,v1 (configs/measurements.yaml as shipped)
1,retinal_imaging,"Retinal imaging (OCT, OCT-angiography, fundus)",ctgov|NCT05650905|intervention_name|1|retinal_imaging,trial:NCT05650905,intervention,intervention_name,,Fourier domain [[optical coherence tomography]] (FDOCT),optical coherence tomography,37,seeded_random_30,v1 (configs/measurements.yaml as shipped)
1,retinal_imaging,"Retinal imaging (OCT, OCT-angiography, fundus)",ctgov|NCT05650905|intervention_name|2|retinal_imaging,trial:NCT05650905,intervention,intervention_name,,[[Optical coherence tomography]] (OCT),Optical coherence tomography,37,seeded_random_30,v1 (configs/measurements.yaml as shipped)
1,retinal_imaging,"Retinal imaging (OCT, OCT-angiography, fundus)",ctgov|NCT05650905|outcome_description|1005|retinal_imaging,trial:NCT05650905,outcome_measure,outcome_description,secondary,Retinal nerve fiber layer thickness will be assessed using [[OCT]],OCT,37,seeded_random_30,v1 (configs/measurements.yaml as shipped)
1,retinal_imaging,"Retinal imaging (OCT, OCT-angiography, fundus)",ctgov|NCT05650905|outcome_description|1007|retinal_imaging,trial:NCT05650905,outcome_measure,outcome_description,secondary,[[Retinal vessel]] density will be assessed using OCT,Retinal vessel,37,seeded_random_30,v1 (configs/measurements.yaml as shipped)
1,retinal_imaging,"Retinal imaging (OCT, OCT-angiography, fundus)",ctgov|NCT05650905|outcome_measure|1000|retinal_imaging,trial:NCT05650905,outcome_measure,outcome_measure,secondary,[[Retinal vessel]] diameters,Retinal vessel,37,seeded_random_30,v1 (configs/measurements.yaml as shipped)
1,retinal_imaging,"Retinal imaging (OCT, OCT-angiography, fundus)",ctgov|NCT05650905|outcome_measure|1007|retinal_imaging,trial:NCT05650905,outcome_measure,outcome_measure,secondary,[[Retinal vessel]] density,Retinal vessel,37,seeded_random_30,v1 (configs/measurements.yaml as shipped)
1,retinal_imaging,"Retinal imaging (OCT, OCT-angiography, fundus)",ctgov|NCT05954325|outcome_measure|1007|retinal_imaging,trial:NCT05954325,outcome_measure,outcome_measure,secondary,[[Optical coherence tomography]] angiography,Optical coherence tomography,37,seeded_random_30,v1 (configs/measurements.yaml as shipped)
1,retinal_imaging,"Retinal imaging (OCT, OCT-angiography, fundus)",ctgov|NCT06042530|outcome_measure|1007|retinal_imaging,trial:NCT06042530,outcome_measure,outcome_measure,secondary,[[Optical coherence tomography]] (OCT),Optical coherence tomography,37,seeded_random_30,v1 (configs/measurements.yaml as shipped)
1,retinal_imaging,"Retinal imaging (OCT, OCT-angiography, fundus)",ctgov|NCT07345546|brief_summary|-1|retinal_imaging,trial:NCT07345546,abstract,brief_summary,,"...iation between autonomic symptom burden and the choroidal vascularity index (CVI), a quantitative marker of choroidal vascular structure derived from [[optical coherence tomography]] (OCT), in individuals with fibromyalgia compared with age- and sex-matched healthy controls.",optical coherence tomography,37,seeded_random_30,v1 (configs/measurements.yaml as shipped)
1,retinal_imaging,"Retinal imaging (OCT, OCT-angiography, fundus)",ctgov|NCT07345546|outcome_description|0|retinal_imaging,trial:NCT07345546,outcome_measure,outcome_description,primary,CVI computed from [[OCT]]-derived choroidal images as luminal area / total choroidal area.,OCT,37,seeded_random_30,v1 (configs/measurements.yaml as shipped)
1,retinal_imaging,"Retinal imaging (OCT, OCT-angiography, fundus)",nih|10697076|abstract_text|-1|retinal_imaging,nih:10697076,abstract,abstract_text,,"...in angiography (FA) of uveitis patients. - Continuing development using deep learning algorithms to classify uveitis from retinal fundus images and [[OCT]] images. - Designed and implemented a segmentation algorithm, called Multiscale Average Pooling Net (MAPNet), for optic disc and cup segmentation fr...",OCT,37,seeded_random_30,v1 (configs/measurements.yaml as shipped)
1,retinal_imaging,"Retinal imaging (OCT, OCT-angiography, fundus)",nih|11317139|abstract_text|-1|retinal_imaging,nih:11317139,abstract,abstract_text,,"...ent at the Ralph H. Johnson VA Medical Center and was awarded a VA Rehabilitation Research and Development Career Development Award – 1 that began in [[Oct]] 2019. Since the beginning of my research journey, I have published 22 peer-reviewed manuscripts, 12 as the first author. My most recent publications ...",Oct,37,seeded_random_30,v1 (configs/measurements.yaml as shipped)
1,digital_gait,Digital gait / mobility analysis,ctgov|NCT04615390|outcome_measure|3|digital_gait,trial:NCT04615390,outcome_measure,outcome_measure,primary,30 seconds [[sit-to-stand]] test,sit-to-stand,107,seeded_random_30,v1 (configs/measurements.yaml as shipped)
1,digital_gait,Digital gait / mobility analysis,ctgov|NCT04615390|outcome_measure|4|digital_gait,trial:NCT04615390,outcome_measure,outcome_measure,primary,Change in 1 minute [[sit-to-stand]] test between two time points,sit-to-stand,107,seeded_random_30,v1 (configs/measurements.yaml as shipped)
1,digital_gait,Digital gait / mobility analysis,ctgov|NCT04742946|outcome_description|0|digital_gait,trial:NCT04742946,outcome_measure,outcome_description,primary,[[sit-to-stand]] test in 1 minute,sit-to-stand,107,seeded_random_30,v1 (configs/measurements.yaml as shipped)
1,digital_gait,Digital gait / mobility analysis,ctgov|NCT04977388|outcome_measure|1005|digital_gait,trial:NCT04977388,outcome_measure,outcome_measure,secondary,Change From Baseline in [[Timed Up and Go]] (TUG) Test Performance,Timed Up and Go,107,seeded_random_30,v1 (configs/measurements.yaml as shipped)
1,digital_gait,Digital gait / mobility analysis,ctgov|NCT05003271|outcome_description|1004|digital_gait,trial:NCT05003271,outcome_measure,outcome_description,secondary,[[Sit-to-stand]] capacity was used as a measure of exercise capacity. It was assessed using the one-minute sit-to-stand test (number of times the persons can complete...,Sit-to-stand,107,seeded_random_30,v1 (configs/measurements.yaml as shipped)
1,digital_gait,Digital gait / mobility analysis,ctgov|NCT05040893|outcome_measure|1004|digital_gait,trial:NCT05040893,outcome_measure,outcome_measure,secondary,One-minute [[sit-to-stand]] test,sit-to-stand,107,seeded_random_30,v1 (configs/measurements.yaml as shipped)
1,digital_gait,Digital gait / mobility analysis,ctgov|NCT05228691|outcome_description|2|digital_gait,trial:NCT05228691,outcome_measure,outcome_description,primary,Aerobic capacity will be measured with the 1 minute [[sit to stand]] test: The purpose of the test is to assess the exercise capacity and leg muscle strength. The movement required is to get up from this chair with the...,sit to stand,107,seeded_random_30,v1 (configs/measurements.yaml as shipped)
1,digital_gait,Digital gait / mobility analysis,ctgov|NCT05576662|outcome_description|1012|digital_gait,trial:NCT05576662,outcome_measure,outcome_description,secondary,Number of times participant is able to go from sitting (in an armless chair) to standing in 1 minute ([[sit to stand]] cycles).,sit to stand,107,seeded_random_30,v1 (configs/measurements.yaml as shipped)
1,digital_gait,Digital gait / mobility analysis,ctgov|NCT05739552|outcome_description|1|digital_gait,trial:NCT05739552,outcome_measure,outcome_description,primary,"Measurement of balance and functional mobility using [[Timed Up and Go]] test (TUG) at baseline (upon admission, T0), 3-4 weeks later after multidisciplinary rehabilitation + respiratory and motor training (at discharge, T...",Timed Up and Go,107,seeded_random_30,v1 (configs/measurements.yaml as shipped)
1,digital_gait,Digital gait / mobility analysis,ctgov|NCT05781893|outcome_description|2012|digital_gait,trial:NCT05781893,outcome_measure,outcome_description,other,STS-60 is a measure for muscular endurance. It assesses the number of [[sit-to-stand]] cycles that can be achieved within one minute.,sit-to-stand,107,seeded_random_30,v1 (configs/measurements.yaml as shipped)
1,digital_gait,Digital gait / mobility analysis,ctgov|NCT05813873|outcome_measure|1014|digital_gait,trial:NCT05813873,outcome_measure,outcome_measure,secondary,[[Timed up and Go]],Timed up and Go,107,seeded_random_30,v1 (configs/measurements.yaml as shipped)
1,digital_gait,Digital gait / mobility analysis,ctgov|NCT05886842|brief_summary|-1|digital_gait,trial:NCT05886842,abstract,brief_summary,,"The goal of this study is to test the reliability (with a test-retest process) of 30 seconds [[Sit to Stand]] and Timed Up and Go in an adult population with long-covid, hospitalised in a rehabilitation center.",Sit to Stand,107,seeded_random_30,v1 (configs/measurements.yaml as shipped)
1,digital_gait,Digital gait / mobility analysis,ctgov|NCT05886842|keywords|-1|digital_gait,trial:NCT05886842,abstract,keywords,,Test-retest | Reliability | 30 seconds [[Sit to Stand]] | Timed up and Go,Sit to Stand,107,seeded_random_30,v1 (configs/measurements.yaml as shipped)
1,digital_gait,Digital gait / mobility analysis,ctgov|NCT05886842|outcome_description|1|digital_gait,trial:NCT05886842,outcome_measure,outcome_description,primary,Test-retest that assess the reliability of [[Timed Up and Go]],Timed Up and Go,107,seeded_random_30,v1 (configs/measurements.yaml as shipped)
1,digital_gait,Digital gait / mobility analysis,ctgov|NCT06017232|outcome_description|1008|digital_gait,trial:NCT06017232,outcome_measure,outcome_description,secondary,5-repetition [[sit to stand]] test,sit to stand,107,seeded_random_30,v1 (configs/measurements.yaml as shipped)
1,digital_gait,Digital gait / mobility analysis,ctgov|NCT06118138|outcome_description|1007|digital_gait,trial:NCT06118138,outcome_measure,outcome_description,secondary,"The 1-Minute [[Sit-to-Stand]] Test is a validated and reliable test for quantifying exercise capacity. In this test, the person starts in a seated position and is instructed to st...",Sit-to-Stand,107,seeded_random_30,v1 (configs/measurements.yaml as shipped)
1,digital_gait,Digital gait / mobility analysis,ctgov|NCT06156176|outcome_measure|1000|digital_gait,trial:NCT06156176,outcome_measure,outcome_measure,secondary,Change in 30-Second [[Sit-to-Stand]] Test,Sit-to-Stand,107,seeded_random_30,v1 (configs/measurements.yaml as shipped)
1,digital_gait,Digital gait / mobility analysis,ctgov|NCT06165978|outcome_description|2|digital_gait,trial:NCT06165978,outcome_measure,outcome_description,primary,Patients will wear an [[inertial measurement unit]] (a three-axial accelerometer and three-axial gyroscope) for one week. A valid assessment will require a minimum of four days with at least 8 hours of...,inertial measurement unit,107,seeded_random_30,v1 (configs/measurements.yaml as shipped)
1,digital_gait,Digital gait / mobility analysis,ctgov|NCT06165978|outcome_description|5|digital_gait,trial:NCT06165978,outcome_measure,outcome_description,primary,"One-minute [[sit-to-stand]] \[1minSTS\]. Patients will sit and stand from a chair, without the aid of the upper limbs, many times as they can in a 1-min bout. Afterwards, the re...",sit-to-stand,107,seeded_random_30,v1 (configs/measurements.yaml as shipped)
1,digital_gait,Digital gait / mobility analysis,ctgov|NCT06231238|outcome_measure|1020|digital_gait,trial:NCT06231238,outcome_measure,outcome_measure,secondary,4 metre [[gait speed]],gait speed,107,seeded_random_30,v1 (configs/measurements.yaml as shipped)
1,digital_gait,Digital gait / mobility analysis,ctgov|NCT06234462|outcome_description|1001|digital_gait,trial:NCT06234462,outcome_measure,outcome_description,secondary,30 second [[sit-to-stand]],sit-to-stand,107,seeded_random_30,v1 (configs/measurements.yaml as shipped)
1,digital_gait,Digital gait / mobility analysis,ctgov|NCT06394921|outcome_description|2009|digital_gait,trial:NCT06394921,outcome_measure,outcome_description,other,5m [[timed up and go]] (seconds),timed up and go,107,seeded_random_30,v1 (configs/measurements.yaml as shipped)
1,digital_gait,Digital gait / mobility analysis,ctgov|NCT06394921|outcome_measure|2009|digital_gait,trial:NCT06394921,outcome_measure,outcome_measure,other,[[Timed Up and Go]],Timed Up and Go,107,seeded_random_30,v1 (configs/measurements.yaml as shipped)
1,digital_gait,Digital gait / mobility analysis,ctgov|NCT06528145|intervention_description|0|digital_gait,trial:NCT06528145,intervention,intervention_description,,...le (PCFS) was used to assess the functional status of the participants; Short Form- 36 (SF-36) questionnaire was used to assess quality of life; 30 s [[sit-to-stand]] test (30s-STS) and 6 min walk test (6 MWT) were used to assess functional capacity.,sit-to-stand,107,seeded_random_30,v1 (configs/measurements.yaml as shipped)
1,digital_gait,Digital gait / mobility analysis,ctgov|NCT06766825|outcome_description|1013|digital_gait,trial:NCT06766825,outcome_measure,outcome_description,secondary,"Change from baseline in physical activity to day 10 (±2), day 30 (±2), and day 90 (±5) of the follow-up period, evaluated using Five Times [[Sit-to-Stand]] Test (5xSTS), The score is the total time in seconds",Sit-to-Stand,107,seeded_random_30,v1 (configs/measurements.yaml as shipped)
1,digital_gait,Digital gait / mobility analysis,ctgov|NCT07374562|outcome_measure|1002|digital_gait,trial:NCT07374562,outcome_measure,outcome_measure,secondary,Lower-Limb Muscle Endurance (1-Minute [[Sit-to-Stand]] Test),Sit-to-Stand,107,seeded_random_30,v1 (configs/measurements.yaml as shipped)
1,digital_gait,Digital gait / mobility analysis,ctgov|NCT07478172|outcome_description|3|digital_gait,trial:NCT07478172,outcome_measure,outcome_description,primary,"...vements relevant to maintenance of independence for adults with neuromuscular disease, the investigators will collect data on 10-meter walk/run test, [[timed up and go]] test (rise from a chair, walk 3 meters, turn around, and return to sitting in chair at comfortable and fast speeds), 5-time sit-to-stand test (perfor...",timed up and go,107,seeded_random_30,v1 (configs/measurements.yaml as shipped)
1,digital_gait,Digital gait / mobility analysis,ctgov|NCT07621588|outcome_description|1004|digital_gait,trial:NCT07621588,outcome_measure,outcome_description,secondary,Physical function will be assessed using the 30-second [[Sit-to-Stand]] test. The outcome will evaluate the change in the number of completed sit-to-stand repetitions from baseline to after the three-week intervention,Sit-to-Stand,107,seeded_random_30,v1 (configs/measurements.yaml as shipped)
1,digital_gait,Digital gait / mobility analysis,ctgov|NCT07770022|outcome_measure|2011|digital_gait,trial:NCT07770022,outcome_measure,outcome_measure,other,30-Second [[Sit-to-Stand]] Test,Sit-to-Stand,107,seeded_random_30,v1 (configs/measurements.yaml as shipped)
1,digital_gait,Digital gait / mobility analysis,nih|11181611|abstract_text|-1|digital_gait,nih:11181611,abstract,abstract_text,,"...00 additional steps from baseline, 3-5 days per week). We will compare the 6 min walking distance, the short physical performance battery test score, [[gait speed]], cognitive function, incidence of adverse events, and participant’s adherence to intervention between groups. Specific Aim 2 will test the hypothesis...",gait speed,107,seeded_random_30,v1 (configs/measurements.yaml as shipped)
1,digital_cognitive,Digital cognitive testing,ctgov|NCT01988883|outcome_description|1000|digital_cognitive,trial:NCT01988883,outcome_measure,outcome_description,secondary,This outcome will be assessed by the [[CogState]] Groton Maze Learning and Set-Shifting Tasks which provides continuous variables for speed and accuracy measures of executive function.,CogState,44,seeded_random_30,v1 (configs/measurements.yaml as shipped)
1,digital_cognitive,Digital cognitive testing,ctgov|NCT03602482|outcome_measure|1000|digital_cognitive,trial:NCT03602482,outcome_measure,outcome_measure,secondary,Attention Score Using [[Cogstate]] Identification Task,Cogstate,44,seeded_random_30,v1 (configs/measurements.yaml as shipped)
1,digital_cognitive,Digital cognitive testing,ctgov|NCT05047952|outcome_description|0|digital_cognitive,trial:NCT05047952,outcome_measure,outcome_description,primary,"...o week 8 using an independent covariance matrix with time as a categorical variable, adjusted for the type of cognitive test (Pen/Paper versus Online [[CogState]] version). Larger least squares mean indicates a higher predicted or adjusted average outcome for that group or condition compared to others. In other...",CogState,44,seeded_random_30,v1 (configs/measurements.yaml as shipped)
1,digital_cognitive,Digital cognitive testing,ctgov|NCT05225220|outcome_description|0|digital_cognitive,trial:NCT05225220,outcome_measure,outcome_description,primary,Flanker is a non-verbal [[NIH Toolbox]] Cognition Battery assessment that measures both a participant's attention and inhibitory control.,NIH Toolbox,44,seeded_random_30,v1 (configs/measurements.yaml as shipped)
1,digital_cognitive,Digital cognitive testing,ctgov|NCT05225220|outcome_description|1|digital_cognitive,trial:NCT05225220,outcome_measure,outcome_description,primary,PSMT is a non-verbal [[NIH Toolbox]] Cognition Battery assessment that measures a participant's episodic memory.,NIH Toolbox,44,seeded_random_30,v1 (configs/measurements.yaml as shipped)
1,digital_cognitive,Digital cognitive testing,ctgov|NCT05225220|outcome_description|3|digital_cognitive,trial:NCT05225220,outcome_measure,outcome_description,primary,Pattern Comparison Processing Speed is a non-verbal [[NIH Toolbox]] Cognition Battery assessment that measures a participant's processing speed.,NIH Toolbox,44,seeded_random_30,v1 (configs/measurements.yaml as shipped)
1,digital_cognitive,Digital cognitive testing,ctgov|NCT05225220|outcome_description|4|digital_cognitive,trial:NCT05225220,outcome_measure,outcome_description,primary,List Sorting Working Memory is an oral [[NIH Toolbox]] Cognition Battery assessment that measures a participant's working memory.,NIH Toolbox,44,seeded_random_30,v1 (configs/measurements.yaml as shipped)
1,digital_cognitive,Digital cognitive testing,ctgov|NCT05274477|outcome_description|1001|digital_cognitive,trial:NCT05274477,outcome_measure,outcome_description,secondary,"[[Reaction time test]] (Red Button Task), adapted from (Dinges and Powell, 1985): participant sits in front of a screen showing a gray circle in the middle of the screen. T...",Reaction time test,44,seeded_random_30,v1 (configs/measurements.yaml as shipped)
1,digital_cognitive,Digital cognitive testing,ctgov|NCT05494424|outcome_measure|1001|digital_cognitive,trial:NCT05494424,outcome_measure,outcome_measure,secondary,"[[Cambridge Neuropsychological]] Test Automated Battery (CANTAB), subtests: Spatial Working Memory, Rapid Visual Information Processing, One Touch Stockings of Cambridge",Cambridge Neuropsychological,44,seeded_random_30,v1 (configs/measurements.yaml as shipped)
1,digital_cognitive,Digital cognitive testing,ctgov|NCT05571852|brief_summary|-1|digital_cognitive,trial:NCT05571852,abstract,brief_summary,,This before-and-after study aims to evaluate the usefulness and efficacy of a personalized [[computerized cognitive]] training (CCT) to improve cognitive function among people with post-acute sequelae of COVID-19 (PASC).,computerized cognitive,44,seeded_random_30,v1 (configs/measurements.yaml as shipped)
1,digital_cognitive,Digital cognitive testing,ctgov|NCT05571852|keywords|-1|digital_cognitive,trial:NCT05571852,abstract,keywords,,Long COVID | [[Computerized Cognitive]] Training | Post-Acute Sequeale of COVID-19 | Cognitive Dysfunction | Brain Fog,Computerized Cognitive,44,seeded_random_30,v1 (configs/measurements.yaml as shipped)
1,digital_cognitive,Digital cognitive testing,ctgov|NCT05685121|outcome_description|10|digital_cognitive,trial:NCT05685121,outcome_measure,outcome_description,primary,"Performance on the [[CogState]], a validated brain injury cognitive battery.",CogState,44,seeded_random_30,v1 (configs/measurements.yaml as shipped)
1,digital_cognitive,Digital cognitive testing,ctgov|NCT05705193|intervention_description|0|digital_cognitive,trial:NCT05705193,intervention,intervention_description,,"The [[computerized cognitive]] remediation intervention (""NeuroFlex"") consists of a series of gamified tasks (e.g., BrainHQ, Neurogrow, Ultimate Word Master) administered via compu...",computerized cognitive,44,seeded_random_30,v1 (configs/measurements.yaml as shipped)
1,digital_cognitive,Digital cognitive testing,ctgov|NCT05795816|outcome_description|1001|digital_cognitive,trial:NCT05795816,outcome_measure,outcome_description,secondary,Change in Mental acuity as measured by [[Reaction Time Test]],Reaction Time Test,44,seeded_random_30,v1 (configs/measurements.yaml as shipped)
1,digital_cognitive,Digital cognitive testing,ctgov|NCT05855369|outcome_description|1002|digital_cognitive,trial:NCT05855369,outcome_measure,outcome_description,secondary,"The [[NIH Toolbox]] Cognitive Battery is a widely used assessment for detecting cognitive impairment. This test assesses short-term memory, executable performance, atten...",NIH Toolbox,44,seeded_random_30,v1 (configs/measurements.yaml as shipped)
1,digital_cognitive,Digital cognitive testing,ctgov|NCT05914649|outcome_description|1000|digital_cognitive,trial:NCT05914649,outcome_measure,outcome_description,secondary,[[Reaction Time Test]] score after 1500mL IV saline compared to after 50mL IV saline measured in milliseconds. The minimum score is 100 ms and the maximum score is 5100 ms....,Reaction Time Test,44,seeded_random_30,v1 (configs/measurements.yaml as shipped)
1,digital_cognitive,Digital cognitive testing,ctgov|NCT05914649|outcome_measure|1000|digital_cognitive,trial:NCT05914649,outcome_measure,outcome_measure,secondary,[[Reaction Time Test]] (Psychomotor Speed),Reaction Time Test,44,seeded_random_30,v1 (configs/measurements.yaml as shipped)
1,digital_cognitive,Digital cognitive testing,ctgov|NCT05965739|outcome_description|1006|digital_cognitive,trial:NCT05965739,outcome_measure,outcome_description,secondary,[[CogState]] Detection Score is the mean of log10 transformed reaction times. Lower values are better.,CogState,44,seeded_random_30,v1 (configs/measurements.yaml as shipped)
1,digital_cognitive,Digital cognitive testing,ctgov|NCT05965739|outcome_description|1007|digital_cognitive,trial:NCT05965739,outcome_measure,outcome_description,secondary,[[CogState]] Identification Score is the mean of log10 transformed reaction times for correct responses. Lower values are better.,CogState,44,seeded_random_30,v1 (configs/measurements.yaml as shipped)
1,digital_cognitive,Digital cognitive testing,ctgov|NCT05965739|outcome_measure|1005|digital_cognitive,trial:NCT05965739,outcome_measure,outcome_measure,secondary,Change on [[NIH Toolbox]] Flanker Inhibitory Control and Attention Test,NIH Toolbox,44,seeded_random_30,v1 (configs/measurements.yaml as shipped)
1,digital_cognitive,Digital cognitive testing,ctgov|NCT05965739|outcome_measure|1006|digital_cognitive,trial:NCT05965739,outcome_measure,outcome_measure,secondary,Change in [[CogState]] Detection Score,CogState,44,seeded_random_30,v1 (configs/measurements.yaml as shipped)
1,digital_cognitive,Digital cognitive testing,ctgov|NCT05965739|outcome_measure|1007|digital_cognitive,trial:NCT05965739,outcome_measure,outcome_measure,secondary,Change in [[CogState]] Identification Score,CogState,44,seeded_random_30,v1 (configs/measurements.yaml as shipped)
1,digital_cognitive,Digital cognitive testing,ctgov|NCT06136871|outcome_measure|1003|digital_cognitive,trial:NCT06136871,outcome_measure,outcome_measure,secondary,[[Cambridge Neuropsychological]] Test Automated Battery (CANTAB) Rapid Visual Information Processing Subtest,Cambridge Neuropsychological,44,seeded_random_30,v1 (configs/measurements.yaml as shipped)
1,digital_cognitive,Digital cognitive testing,ctgov|NCT06142253|outcome_description|1007|digital_cognitive,trial:NCT06142253,outcome_measure,outcome_description,secondary,The [[NIH Toolbox]] is a computerized battery of test that assesses neuropsychological function.,NIH Toolbox,44,seeded_random_30,v1 (configs/measurements.yaml as shipped)
1,digital_cognitive,Digital cognitive testing,ctgov|NCT06223971|outcome_description|1001|digital_cognitive,trial:NCT06223971,outcome_measure,outcome_description,secondary,"[[NIH Toolbox]] Cognition Battery (NIHTB-CB), which is an iPad-based instrument assessing five cognitive sub-domains: Language, Executive Function, Episodic Memory, ...",NIH Toolbox,44,seeded_random_30,v1 (configs/measurements.yaml as shipped)
1,digital_cognitive,Digital cognitive testing,ctgov|NCT06223971|outcome_measure|1001|digital_cognitive,trial:NCT06223971,outcome_measure,outcome_measure,secondary,Cognitive function as assessed by the [[NIH Toolbox]] Cognition Battery (NIHTB-CB),NIH Toolbox,44,seeded_random_30,v1 (configs/measurements.yaml as shipped)
1,digital_cognitive,Digital cognitive testing,ctgov|NCT06847191|outcome_measure|0|digital_cognitive,trial:NCT06847191,outcome_measure,outcome_measure,primary,Change from Baseline in performance on the [[Cogstate]] Cognition battery*,Cogstate,44,seeded_random_30,v1 (configs/measurements.yaml as shipped)
1,digital_cognitive,Digital cognitive testing,ctgov|NCT06850350|outcome_measure|0|digital_cognitive,trial:NCT06850350,outcome_measure,outcome_measure,primary,[[NIH Toolbox]] Cognition Battery,NIH Toolbox,44,seeded_random_30,v1 (configs/measurements.yaml as shipped)
1,digital_cognitive,Digital cognitive testing,ctgov|NCT07429903|outcome_measure|1004|digital_cognitive,trial:NCT07429903,outcome_measure,outcome_measure,secondary,[[NIH Toolbox]] Cognitive Battery (NIHTB-CB) - Fluid Intelligence Composite,NIH Toolbox,44,seeded_random_30,v1 (configs/measurements.yaml as shipped)
1,digital_cognitive,Digital cognitive testing,nih|9679247|abstract_text|-1|digital_cognitive,nih:9679247,abstract,abstract_text,,...plinary team delivering evidenced-based depression treatments consistent with patient preference. We will modernize our intervention by incorporating [[computerized cognitive]]-behavioral therapy and delivering other treatment components via telephone. Our central hypothesis is that eIMPACT will improve endothelial dysfuncti...,computerized cognitive,44,seeded_random_30,v1 (configs/measurements.yaml as shipped)
1,blood_biomarkers,"Blood biomarkers (clinical chemistry, inflammatory, coagulation)",ctgov|NCT02965768|outcome_description|1000|blood_biomarkers,trial:NCT02965768,outcome_measure,outcome_description,secondary,"Levels of plasma IL-1B, TNFa, IL6, IL12, and IL17 will be tested as the primary [[biomarker]]s of interest. 24 weeks vs 12 weeks drug.",biomarker,837,seeded_random_30,v1 (configs/measurements.yaml as shipped)
1,blood_biomarkers,"Blood biomarkers (clinical chemistry, inflammatory, coagulation)",ctgov|NCT05430152|outcome_description|2010|blood_biomarkers,trial:NCT05430152,outcome_measure,outcome_description,other,Changes in concentration of AM blood [[cortisol]] values,cortisol,837,seeded_random_30,v1 (configs/measurements.yaml as shipped)
1,blood_biomarkers,"Blood biomarkers (clinical chemistry, inflammatory, coagulation)",ctgov|NCT05445830|intervention_description|0|blood_biomarkers,trial:NCT05445830,intervention,intervention_description,,"...s via multiple validated questionnaries and blood samples will be collected before, immediately after each exercise session to describe leukocyte and [[cytokine]] release as well as systemic metabolism. After a 48-hour rest period subjects will return to the laboratory for symptom assessment, submaximal exercis...",cytokine,837,seeded_random_30,v1 (configs/measurements.yaml as shipped)
1,blood_biomarkers,"Blood biomarkers (clinical chemistry, inflammatory, coagulation)",ctgov|NCT05445830|intervention_description|1|blood_biomarkers,trial:NCT05445830,intervention,intervention_description,,"...s via multiple validated questionnaries and blood samples will be collected before, immediately after each exercise session to describe leukocyte and [[cytokine]] release as well as systemic metabolism. After a 48-hour rest period subjects will return to the laboratory for symptom assessment, submaximal exercis...",cytokine,837,seeded_random_30,v1 (configs/measurements.yaml as shipped)
1,blood_biomarkers,"Blood biomarkers (clinical chemistry, inflammatory, coagulation)",ctgov|NCT05524532|outcome_measure|1|blood_biomarkers,trial:NCT05524532,outcome_measure,outcome_measure,primary,"Plasma [[CRP]] (C-Reactive Protein, ng/mL)",CRP,837,seeded_random_30,v1 (configs/measurements.yaml as shipped)
1,blood_biomarkers,"Blood biomarkers (clinical chemistry, inflammatory, coagulation)",ctgov|NCT05630040|outcome_measure|1040|blood_biomarkers,trial:NCT05630040,outcome_measure,outcome_measure,secondary,Plasma HS-[[CRP]] levels,CRP,837,seeded_random_30,v1 (configs/measurements.yaml as shipped)
1,blood_biomarkers,"Blood biomarkers (clinical chemistry, inflammatory, coagulation)",ctgov|NCT05672602|outcome_measure|0|blood_biomarkers,trial:NCT05672602,outcome_measure,outcome_measure,primary,LONG COVID [[biomarker]]s,biomarker,837,seeded_random_30,v1 (configs/measurements.yaml as shipped)
1,blood_biomarkers,"Blood biomarkers (clinical chemistry, inflammatory, coagulation)",ctgov|NCT05681455|brief_summary|-1|blood_biomarkers,trial:NCT05681455,abstract,brief_summary,,"...objectives: To analyze the effects on quality of life, fatigue and sleep. To analyze the presence of cardiac variability and pre- and post-treatment [[cortisol]] values. Patients and Methods: 12 patients with CP will receive 15 sessions of electrotherapy. 12 will receive a placebo. Mechanical sensitivity pr...",cortisol,837,seeded_random_30,v1 (configs/measurements.yaml as shipped)
1,blood_biomarkers,"Blood biomarkers (clinical chemistry, inflammatory, coagulation)",ctgov|NCT05695755|intervention_description|0|blood_biomarkers,trial:NCT05695755,intervention,intervention_description,,"echocardiography, serum electrolytes and [[cortisol]] level for all patients",cortisol,837,seeded_random_30,v1 (configs/measurements.yaml as shipped)
1,blood_biomarkers,"Blood biomarkers (clinical chemistry, inflammatory, coagulation)",ctgov|NCT05700903|outcome_measure|6|blood_biomarkers,trial:NCT05700903,outcome_measure,outcome_measure,primary,Change in Renal Dysfunction [[Biomarker]]s,Biomarker,837,seeded_random_30,v1 (configs/measurements.yaml as shipped)
1,blood_biomarkers,"Blood biomarkers (clinical chemistry, inflammatory, coagulation)",ctgov|NCT05710770|outcome_description|1013|blood_biomarkers,trial:NCT05710770,outcome_measure,outcome_description,secondary,"Intra-patient change in [[biomarker]]s of inflammation (CRP, ferritin, MBL, white blood cell count, complement factors, cytokines, immunoglobulin level and subtype) in blood at month 3 an...",biomarker,837,seeded_random_30,v1 (configs/measurements.yaml as shipped)
1,blood_biomarkers,"Blood biomarkers (clinical chemistry, inflammatory, coagulation)",ctgov|NCT05745974|intervention_other_names|0|blood_biomarkers,trial:NCT05745974,intervention,intervention_other_names,,[[C-Reactive Protein]] | serum ferritin | D dimer | RT PCR for COVID-19,C-Reactive Protein,837,seeded_random_30,v1 (configs/measurements.yaml as shipped)
1,blood_biomarkers,"Blood biomarkers (clinical chemistry, inflammatory, coagulation)",ctgov|NCT05795816|outcome_description|1007|blood_biomarkers,trial:NCT05795816,outcome_measure,outcome_description,secondary,"Change in Pathology results (Full blood count, [[CRP]], iron, Soluble P-selectin, Testosterone, DHT, SHBG, Estrogen, IGF1, Cortisol, Prostaglandins, Inflammatory markers IL-10, IL-6, IL-17, TNF-a) as meas...",CRP,837,seeded_random_30,v1 (configs/measurements.yaml as shipped)
1,blood_biomarkers,"Blood biomarkers (clinical chemistry, inflammatory, coagulation)",ctgov|NCT05858515|outcome_description|1010|blood_biomarkers,trial:NCT05858515,outcome_measure,outcome_description,secondary,Decreases in plasma [[biomarker]]s of inflammation in the baricitinib arm compared to placebo arm from baseline to week 12,biomarker,837,seeded_random_30,v1 (configs/measurements.yaml as shipped)
1,blood_biomarkers,"Blood biomarkers (clinical chemistry, inflammatory, coagulation)",ctgov|NCT05911906|outcome_description|1003|blood_biomarkers,trial:NCT05911906,outcome_measure,outcome_description,secondary,[[Biomarker]] and inflammatory profiles,Biomarker,837,seeded_random_30,v1 (configs/measurements.yaml as shipped)
1,blood_biomarkers,"Blood biomarkers (clinical chemistry, inflammatory, coagulation)",ctgov|NCT05967052|outcome_description|2000|blood_biomarkers,trial:NCT05967052,outcome_measure,outcome_description,other,The exploratory endpoint is the change in the profile of the examined inflammatory [[cytokine]]s in the 3rd and 6th month of the study in relation to the result before the start of the study.,cytokine,837,seeded_random_30,v1 (configs/measurements.yaml as shipped)
1,blood_biomarkers,"Blood biomarkers (clinical chemistry, inflammatory, coagulation)",ctgov|NCT06073002|outcome_measure|1008|blood_biomarkers,trial:NCT06073002,outcome_measure,outcome_measure,secondary,Change of [[interleukin]]-6 (IL-6 measured in pg/ml),interleukin,837,seeded_random_30,v1 (configs/measurements.yaml as shipped)
1,blood_biomarkers,"Blood biomarkers (clinical chemistry, inflammatory, coagulation)",ctgov|NCT06492798|outcome_description|2000|blood_biomarkers,trial:NCT06492798,outcome_measure,outcome_description,other,"For paticipants with high [[C reactive protein]] level at enrollment, C reactive protein will be tested. Level of CRP change and time for its relief will be recorded.",C reactive protein,837,seeded_random_30,v1 (configs/measurements.yaml as shipped)
1,blood_biomarkers,"Blood biomarkers (clinical chemistry, inflammatory, coagulation)",ctgov|NCT06590324|outcome_measure|2000|blood_biomarkers,trial:NCT06590324,outcome_measure,outcome_measure,other,[[Biomarker]]s of inflammation,Biomarker,837,seeded_random_30,v1 (configs/measurements.yaml as shipped)
1,blood_biomarkers,"Blood biomarkers (clinical chemistry, inflammatory, coagulation)",ctgov|NCT07074158|outcome_measure|1|blood_biomarkers,trial:NCT07074158,outcome_measure,outcome_measure,primary,[[Cytokine]]s,Cytokine,837,seeded_random_30,v1 (configs/measurements.yaml as shipped)
1,blood_biomarkers,"Blood biomarkers (clinical chemistry, inflammatory, coagulation)",ctgov|NCT07197138|outcome_measure|0|blood_biomarkers,trial:NCT07197138,outcome_measure,outcome_measure,primary,Change in immunophenotypic marker [[CRP]] from baseline to post-treatment,CRP,837,seeded_random_30,v1 (configs/measurements.yaml as shipped)
1,blood_biomarkers,"Blood biomarkers (clinical chemistry, inflammatory, coagulation)",ctgov|NCT07275164|outcome_measure|1003|blood_biomarkers,trial:NCT07275164,outcome_measure,outcome_measure,secondary,[[C-reactive protein]] level,C-reactive protein,837,seeded_random_30,v1 (configs/measurements.yaml as shipped)
1,blood_biomarkers,"Blood biomarkers (clinical chemistry, inflammatory, coagulation)",ctgov|NCT07682090|outcome_measure|2002|blood_biomarkers,trial:NCT07682090,outcome_measure,outcome_measure,other,Change in Serum [[Biomarker]] Levels at Week 4,Biomarker,837,seeded_random_30,v1 (configs/measurements.yaml as shipped)
1,blood_biomarkers,"Blood biomarkers (clinical chemistry, inflammatory, coagulation)",ctgov|NCT07775976|keywords|-1|blood_biomarkers,trial:NCT07775976,abstract,keywords,,...sment | Ambulatory electrocardiography | Longitudinal cardiac monitoring | LTM | RPM | Autonomic dysfunction | Cardiopulmonary coupling | ECG-derived [[biomarker]]s | Multidomain cardiovascular assessment | Sudden cardiac death risk | Heart failure phenotyping | Ventricular arrhythmia | Artificial intelligence |...,biomarker,837,seeded_random_30,v1 (configs/measurements.yaml as shipped)
1,blood_biomarkers,"Blood biomarkers (clinical chemistry, inflammatory, coagulation)",ctgov|NCT07783074|keywords|-1|blood_biomarkers,trial:NCT07783074,abstract,keywords,,digital [[biomarker]] | wearable devices | passive sensing | smartphone application | remote monitoring | actigraphy | heart rate variability | long COVID | Post-Acute COV...,biomarker,837,seeded_random_30,v1 (configs/measurements.yaml as shipped)
1,blood_biomarkers,"Blood biomarkers (clinical chemistry, inflammatory, coagulation)",ctgov|NCT07783074|outcome_description|1012|blood_biomarkers,trial:NCT07783074,outcome_measure,outcome_description,secondary,"Post hoc analysis of how the amount, resolution and completeness of recorded data affect the digital [[biomarker]] outcomes for fatigue and disease characteristics. The recorded dataset is resampled at reduced temporal resolutions, with increasing proportions of d...",biomarker,837,seeded_random_30,v1 (configs/measurements.yaml as shipped)
1,blood_biomarkers,"Blood biomarkers (clinical chemistry, inflammatory, coagulation)",nih|11090272|public_health_relevance|-1|blood_biomarkers,nih:11090272,abstract,public_health_relevance,,"...nd eventually death. Misdiagnosis and confusion of these diseases causes much suffering and hampers conduction of clinical trials. We will test a new [[biomarker]] panel for distinguishing among these diseases using a blood test, which will substantially facilitate development of new treatments.",biomarker,837,seeded_random_30,v1 (configs/measurements.yaml as shipped)
1,blood_biomarkers,"Blood biomarkers (clinical chemistry, inflammatory, coagulation)",nih|11317996|abstract_text|-1|blood_biomarkers,nih:11317996,abstract,abstract_text,,"...tive of this proposal is to elucidate the link between drivers of cerebrovascular pathology and autonomic dysfunction and identify the impact on VCID [[biomarker]]s. Our preliminary data demonstrate that elevated cerebral pulsatility is associated with greater VCID biomarkers (e.g. white matter hyperintensities,...",biomarker,837,seeded_random_30,v1 (configs/measurements.yaml as shipped)
1,blood_biomarkers,"Blood biomarkers (clinical chemistry, inflammatory, coagulation)",nih|11377951|abstract_text|-1|blood_biomarkers,nih:11377951,abstract,abstract_text,,"...uch candidate mechanism. Adults randomized to cognitive-behavioral therapy for insomnia (CBT-I), versus education control, had a reduced risk of high [[C-reactive protein]] (CRP), an inflammation marker implicated in the pathophysiology of CVD and predictive of future CVD events, at follow- up. Because insomnia now recei...",C-reactive protein,837,seeded_random_30,v1 (configs/measurements.yaml as shipped)
1,blood_biomarkers,"Blood biomarkers (clinical chemistry, inflammatory, coagulation)",nih|8842726|public_health_relevance|-1|blood_biomarkers,nih:8842726,abstract,public_health_relevance,,"...to sedentary control subjects. Two GWI/CFS phenotypes were identified. This suggests miRNA may provide objective insights into CFS pathophysiology, [[biomarker]]s, and potential mechanisms and future treatments. The miRNAs are contained in lipid-bound vesicles, or exosomes. We will assay the proteins in the e...",biomarker,837,seeded_random_30,v1 (configs/measurements.yaml as shipped)
1,metabolomics,Metabolomics,ctgov|NCT01692561|outcome_description|0|metabolomics,trial:NCT01692561,outcome_measure,outcome_description,primary,The first objective of the proposed project is to study central transmitter/[[metabolite profil]]es using in vivo 1H Magnetic Resonance Spectroscopy (MRS) in children with dysautonomia diagnosed by tilt table testing compared to healthy children w...,metabolite profil,50,seeded_random_30,v1 (configs/measurements.yaml as shipped)
1,metabolomics,Metabolomics,ctgov|NCT03691987|outcome_measure|2006|metabolomics,trial:NCT03691987,outcome_measure,outcome_measure,other,"Change in the [[metabolom]]e in feces, blood and urine",metabolom,50,seeded_random_30,v1 (configs/measurements.yaml as shipped)
1,metabolomics,Metabolomics,ctgov|NCT03953768|outcome_measure|7|metabolomics,trial:NCT03953768,outcome_measure,outcome_measure,primary,Inflammatory Profile 3 - [[Metabolom]]ics for Short Chain Fatty acids (SCFAs),Metabolom,50,seeded_random_30,v1 (configs/measurements.yaml as shipped)
1,metabolomics,Metabolomics,ctgov|NCT04859257|brief_summary|-1|metabolomics,trial:NCT04859257,abstract,brief_summary,,"...Chronic Fatigue Syndrome (CFS), myalgic encephalomyelitis (ME), and SEID (Systemic Exertion Intolerance Syndrome) and controls for genomic, viral and [[metabolom]]ic testing.",metabolom,50,seeded_random_30,v1 (configs/measurements.yaml as shipped)
1,metabolomics,Metabolomics,ctgov|NCT04859257|outcome_measure|2|metabolomics,trial:NCT04859257,outcome_measure,outcome_measure,primary,"...rom patients with Chronic Fatigue Syndrome (CFS), myalgic encephalomyelitis (ME), and Systemic Exertion Intolerance Syndrome (SEID), and controls for [[metabolom]]ic testing.",metabolom,50,seeded_random_30,v1 (configs/measurements.yaml as shipped)
1,metabolomics,Metabolomics,ctgov|NCT05445830|outcome_measure|1001|metabolomics,trial:NCT05445830,outcome_measure,outcome_measure,secondary,Exploratory [[metabolom]]ic and cytokine profiling using blood samples of post-COVID subjects and age/sex matched controls in response to different exercise trials.,metabolom,50,seeded_random_30,v1 (configs/measurements.yaml as shipped)
1,metabolomics,Metabolomics,ctgov|NCT06522750|outcome_measure|1002|metabolomics,trial:NCT06522750,outcome_measure,outcome_measure,secondary,Stool [[Metabolom]]ics,Metabolom,50,seeded_random_30,v1 (configs/measurements.yaml as shipped)
1,metabolomics,Metabolomics,ctgov|NCT06535165|outcome_description|1003|metabolomics,trial:NCT06535165,outcome_measure,outcome_description,secondary,Changes in fecal water [[metabolom]]ics by nuclear magnetic resonance (NMR) spectroscopy,metabolom,50,seeded_random_30,v1 (configs/measurements.yaml as shipped)
1,metabolomics,Metabolomics,ctgov|NCT06583395|outcome_description|1002|metabolomics,trial:NCT06583395,outcome_measure,outcome_description,secondary,"In Phases 2 and 3 of this study, transcriptomic, proteomic, and [[metabolom]]ic data generated in Primary Outcome #3 will be stratified by health condition. These data will highlight specific changes in gene expression, protein...",metabolom,50,seeded_random_30,v1 (configs/measurements.yaml as shipped)
1,metabolomics,Metabolomics,ctgov|NCT06928272|outcome_description|2000|metabolomics,trial:NCT06928272,outcome_measure,outcome_description,other,...y mechanisms related to the study drugs. Analyses will focus on the expression normalization of proteins/pathways associated with Long Covid. Plasma [[metabolom]]ics will be analyzed to evaluate metabolic changes and the overall effects of the study drugs. Analyses will focus on the concentration normalization ...,metabolom,50,seeded_random_30,v1 (configs/measurements.yaml as shipped)
1,metabolomics,Metabolomics,ctgov|NCT06933173|brief_summary|-1|metabolomics,trial:NCT06933173,abstract,brief_summary,,"...nd depression and objective measures including daily steps, heart rate variability, and sleep; 2) quantify metabolic changes through untargeted serum [[metabolom]]ics profiling, 3) determine if metabolomics screening can predict treatment responsiveness to DNRS; and 4) identify the microbial signatures of large ...",metabolom,50,seeded_random_30,v1 (configs/measurements.yaml as shipped)
1,metabolomics,Metabolomics,ctgov|NCT06952413|outcome_description|1018|metabolomics,trial:NCT06952413,outcome_measure,outcome_description,secondary,A detailed characterization of the patients' [[metabolom]]e at baseline will be conducted.,metabolom,50,seeded_random_30,v1 (configs/measurements.yaml as shipped)
1,metabolomics,Metabolomics,ctgov|NCT07238465|outcome_description|10|metabolomics,trial:NCT07238465,outcome_measure,outcome_description,primary,"Investigators will use [[metabolom]]ic techniques to quantify plasma concentrations of epinephrine, norepinephrine, and dopamine in all participants before, during (in some stressors), a...",metabolom,50,seeded_random_30,v1 (configs/measurements.yaml as shipped)
1,metabolomics,Metabolomics,ctgov|NCT07238465|outcome_description|11|metabolomics,trial:NCT07238465,outcome_measure,outcome_description,primary,"Investigators will use [[metabolom]]ic techniques to quantify plasma concentrations of epinephrine, norepinephrine, and dopamine in all participants before, during (in some stressors), a...",metabolom,50,seeded_random_30,v1 (configs/measurements.yaml as shipped)
1,metabolomics,Metabolomics,ctgov|NCT07238465|outcome_description|1|metabolomics,trial:NCT07238465,outcome_measure,outcome_description,primary,"Investigators will use [[metabolom]]ic techniques to quantify plasma concentrations of epinephrine, norepinephrine, and dopamine in all participants before, during (in some stressors), a...",metabolom,50,seeded_random_30,v1 (configs/measurements.yaml as shipped)
1,metabolomics,Metabolomics,ctgov|NCT07238465|outcome_description|2|metabolomics,trial:NCT07238465,outcome_measure,outcome_description,primary,"Investigators will use [[metabolom]]ic techniques to quantify plasma concentrations of epinephrine, norepinephrine, and dopamine in all participants before, during (in some stressors), a...",metabolom,50,seeded_random_30,v1 (configs/measurements.yaml as shipped)
1,metabolomics,Metabolomics,ctgov|NCT07238465|outcome_description|3|metabolomics,trial:NCT07238465,outcome_measure,outcome_description,primary,"Investigators will use [[metabolom]]ic techniques to quantify plasma concentrations of epinephrine, norepinephrine, and dopamine in all participants before, during (in some stressors), a...",metabolom,50,seeded_random_30,v1 (configs/measurements.yaml as shipped)
1,metabolomics,Metabolomics,ctgov|NCT07238465|outcome_description|4|metabolomics,trial:NCT07238465,outcome_measure,outcome_description,primary,"Investigators will use [[metabolom]]ic techniques to quantify plasma concentrations of epinephrine, norepinephrine, and dopamine in all participants before, during (in some stressors), a...",metabolom,50,seeded_random_30,v1 (configs/measurements.yaml as shipped)
1,metabolomics,Metabolomics,ctgov|NCT07238465|outcome_description|5|metabolomics,trial:NCT07238465,outcome_measure,outcome_description,primary,"Investigators will use [[metabolom]]ic techniques to quantify plasma concentrations of epinephrine, norepinephrine, and dopamine in all participants before, during (in some stressors), a...",metabolom,50,seeded_random_30,v1 (configs/measurements.yaml as shipped)
1,metabolomics,Metabolomics,ctgov|NCT07238465|outcome_description|7|metabolomics,trial:NCT07238465,outcome_measure,outcome_description,primary,"Investigators will use [[metabolom]]ic techniques to quantify plasma concentrations of epinephrine, norepinephrine, and dopamine in all participants before, during (in some stressors), a...",metabolom,50,seeded_random_30,v1 (configs/measurements.yaml as shipped)
1,metabolomics,Metabolomics,ctgov|NCT07781501|outcome_measure|1|metabolomics,trial:NCT07781501,outcome_measure,outcome_measure,primary,Salivary [[Metabolom]]ic Profile,Metabolom,50,seeded_random_30,v1 (configs/measurements.yaml as shipped)
1,metabolomics,Metabolomics,nih|10409712|abstract_text|-1|metabolomics,nih:10409712,abstract,abstract_text,,"...ced gut regulation by the enteric, autonomic and sensory nervous systems. Using a multi-disciplinary approach, we will analyze the gut microbiome and [[metabolom]]e of FD patients and manipulate these systems in mouse models of FD to identify and sort causal mechanisms mediating both metabolic impairments and ne...",metabolom,50,seeded_random_30,v1 (configs/measurements.yaml as shipped)
1,metabolomics,Metabolomics,nih|10409712|public_health_relevance|-1|metabolomics,nih:10409712,abstract,public_health_relevance,,"... “genome to phenome” approach, involving patients and murine models, to deconvolute systems-level complexities and define how the gut microbiome, the [[metabolom]]e, and the enteric nervous system cooperatively regulate cardinal features of neurodegeneration. Our focus on neuropathy associated with Familial Dysa...",metabolom,50,seeded_random_30,v1 (configs/measurements.yaml as shipped)
1,metabolomics,Metabolomics,nih|10620960|abstract_text|-1|metabolomics,nih:10620960,abstract,abstract_text,,"...ry Project, to explore the role of infection and immunity in disease and identify biomarkers for diagnosis through functional genomic, proteomic, and [[metabolom]]ic discovery. The foundation for this project is a large clinical database and sample repository representing oral, fecal, and blood samples from well...",metabolom,50,seeded_random_30,v1 (configs/measurements.yaml as shipped)
1,metabolomics,Metabolomics,nih|11362541|abstract_text|-1|metabolomics,nih:11362541,abstract,abstract_text,,"...ents an appropriate response to LBS by reducing the adaptive lipid homeostatic UPRLBS, thereby increasing sleep need. We will use behavioral genetic, [[lipidom]]ic, biochemical, and pharmacological approaches to test key aspects of this hypothesis. Given that immune, lipid metabolic, and UPR pathways are highl...",lipidom,50,seeded_random_30,v1 (configs/measurements.yaml as shipped)
1,metabolomics,Metabolomics,nih|11403394|abstract_text|-1|metabolomics,nih:11403394,abstract,abstract_text,,"...age that experience to define unique features of both innate and adaptive immune responses to this virus with a special emphasis on the metabolic and [[lipidom]]ic perturbations occurring during sub-lethal and lethal disease. Specific Aim 1: Identify the lipid signatures associated with mild, moderate and sev...",lipidom,50,seeded_random_30,v1 (configs/measurements.yaml as shipped)
1,metabolomics,Metabolomics,nih|11413178|abstract_text|-1|metabolomics,nih:11413178,abstract,abstract_text,,"...mic regulation using brain doppler methods for cerebral blood flow measurement; 3) immune and metabolic regulation using measures of gene expression, [[metabolom]]ics, and proteomics from blood; 4) gut dysbiosis using bacterial and metagenomic sequencing; 5) neuroinflammation using positron emission tomography; ...",metabolom,50,seeded_random_30,v1 (configs/measurements.yaml as shipped)
1,metabolomics,Metabolomics,nih|11415354|abstract_text|-1|metabolomics,nih:11415354,abstract,abstract_text,,"...search Core Facility consulted on many projects in FY2021. The following investigators utilized the facilities. Paul Doetsch: The NMR core provided [[metabolom]]ic analyses of E. coli extracts, and examined unfolded proteins. Traci Hall: RNA binding proteins were characterized. Jason Watts: The NMR core exami...",metabolom,50,seeded_random_30,v1 (configs/measurements.yaml as shipped)
1,metabolomics,Metabolomics,nih|11446349|abstract_text|-1|metabolomics,nih:11446349,abstract,abstract_text,,"...d prospective animal samples compared to NoPASC, BIAFAC and healthy control FMBs using sophisticated approaches to the metagenome, metatranscriptome, [[metabolom]]e and proteome.",metabolom,50,seeded_random_30,v1 (configs/measurements.yaml as shipped)
1,metabolomics,Metabolomics,nih|9841376|project_title|-1|metabolomics,nih:9841376,abstract,project_title,,Application of [[lipidom]]ics to identify biomarkers of immune and mitochondrial disturbances in Chronic Fatigue Syndrome.,lipidom,50,seeded_random_30,v1 (configs/measurements.yaml as shipped)
1,proteomics,Proteomics,ctgov|NCT00810329|brief_title|-1|proteomics,trial:NCT00810329,abstract,brief_title,,[[Proteom]]ics of Cerebrospinal Fluid in Chronic Fatigue Syndrome,Proteom,62,seeded_random_30,v1 (configs/measurements.yaml as shipped)
1,proteomics,Proteomics,ctgov|NCT00810329|keywords|-1|proteomics,trial:NCT00810329,abstract,keywords,,"CFS,FM,CSF,[[Proteom]]ics,Pain,Fatigue,GWI,IBS,IC,MCS.",Proteom,62,seeded_random_30,v1 (configs/measurements.yaml as shipped)
1,proteomics,Proteomics,ctgov|NCT05445830|outcome_description|1001|proteomics,trial:NCT05445830,outcome_measure,outcome_description,secondary,"...tensity interval training, moderate intensity continuous exercise and strength exercise) across the post-COVID subjects and age/sex matched controls. [[Olink]] PEA platform and GC-MS at the Swedish Metabolomics Centre in Umea will be used and targeted analysis will include IL-6, TNF-a and IFN-g profiling.",Olink,62,seeded_random_30,v1 (configs/measurements.yaml as shipped)
1,proteomics,Proteomics,ctgov|NCT05650905|intervention_name|4|proteomics,trial:NCT05650905,intervention,intervention_name,,"[[Proteom]]ics and Metabolites in Plasma, tear fluid and finger sweat",Proteom,62,seeded_random_30,v1 (configs/measurements.yaml as shipped)
1,proteomics,Proteomics,ctgov|NCT05650905|outcome_description|1010|proteomics,trial:NCT05650905,outcome_measure,outcome_description,secondary,[[Proteom]]ics and Metabolites in Plasma will be assessed through a Blood Sample,Proteom,62,seeded_random_30,v1 (configs/measurements.yaml as shipped)
1,proteomics,Proteomics,ctgov|NCT05650905|outcome_measure|1011|proteomics,trial:NCT05650905,outcome_measure,outcome_measure,secondary,[[Proteom]]ics and Metabolites in tear fluid,Proteom,62,seeded_random_30,v1 (configs/measurements.yaml as shipped)
1,proteomics,Proteomics,ctgov|NCT05668091|outcome_description|2000|proteomics,trial:NCT05668091,outcome_measure,outcome_description,other,"... between baseline and nirmatrelvir/ritonavir treatment relative to placebo/ritonavir. Immunophenotyping assays will include flow cytometry, multiplex [[proteom]]ic analysis, linear peptide profiling, and rapid extracellular antigen profiling, among others.",proteom,62,seeded_random_30,v1 (configs/measurements.yaml as shipped)
1,proteomics,Proteomics,ctgov|NCT05823896|outcome_description|2002|proteomics,trial:NCT05823896,outcome_measure,outcome_description,other,"The effect of oral administration of nirmatrelvir/ritonavir on persistence of SARS-CoV-2 virus as measured by: Protein profiling using [[Olink]] Explore Inflammation panel. Nucleosome-profiling (using Volition) and circulating spike (using SIMOA™, Quanterix). PBMC profiling for scTCR-sequenci...",Olink,62,seeded_random_30,v1 (configs/measurements.yaml as shipped)
1,proteomics,Proteomics,ctgov|NCT05894616|outcome_description|2|proteomics,trial:NCT05894616,outcome_measure,outcome_description,primary,Collection of PExA material and evaluation of miRNA and [[proteom]]es in PEx material,proteom,62,seeded_random_30,v1 (configs/measurements.yaml as shipped)
1,proteomics,Proteomics,ctgov|NCT06583395|outcome_description|1002|proteomics,trial:NCT06583395,outcome_measure,outcome_description,secondary,"In Phases 2 and 3 of this study, transcriptomic, [[proteom]]ic, and metabolomic data generated in Primary Outcome #3 will be stratified by health condition. These data will highlight specific changes in gene ex...",proteom,62,seeded_random_30,v1 (configs/measurements.yaml as shipped)
1,proteomics,Proteomics,ctgov|NCT06583395|outcome_description|2|proteomics,trial:NCT06583395,outcome_measure,outcome_description,primary,... will be carried out in whole blood and plasma samples collected before and after the retreat. Whole blood will be analyzed for gene expression while [[proteom]]ic and metabolomic analysis will be carried out in blood plasma.,proteom,62,seeded_random_30,v1 (configs/measurements.yaml as shipped)
1,proteomics,Proteomics,ctgov|NCT06590324|outcome_measure|2002|proteomics,trial:NCT06590324,outcome_measure,outcome_measure,other,blood transcriptome and plasma [[proteom]]e and metabolomics,proteom,62,seeded_random_30,v1 (configs/measurements.yaml as shipped)
1,proteomics,Proteomics,ctgov|NCT07295483|brief_summary|-1|proteomics,trial:NCT07295483,abstract,brief_summary,,"...nic fatigue) and vascular health after four years of follow-up among 400 participants previously included in the original BioICOPER cohort. Advanced [[proteom]]ic analysis, vascular function assessment, and machine-learning-based predictive modeling will be used to identify biomarkers associated with disease ...",proteom,62,seeded_random_30,v1 (configs/measurements.yaml as shipped)
1,proteomics,Proteomics,ctgov|NCT07295483|outcome_description|1007|proteomics,trial:NCT07295483,outcome_measure,outcome_description,secondary,"Analysis of [[proteom]]ic profiling of serum/plasma using advanced mass spectrometry to identify proteins related to fatigue, inflammation, and vascular aging to discover pr...",proteom,62,seeded_random_30,v1 (configs/measurements.yaml as shipped)
1,proteomics,Proteomics,ctgov|NCT07295483|outcome_description|1009|proteomics,trial:NCT07295483,outcome_measure,outcome_description,secondary,"...om Forest, XGBoost, Neural Networks) trained on 70% of the cohort, validated on 30%. The machine learning models will combine clinical, vascular, and [[proteom]]ic variables to predict disease trajectory.",proteom,62,seeded_random_30,v1 (configs/measurements.yaml as shipped)
1,proteomics,Proteomics,nih|10584608|abstract_text|-1|proteomics,nih:10584608,abstract,abstract_text,,"...ired for proper formation of the TG and its nerves. The Specific Aims of this application are to: 1) determine the effects of NCC Elp1 loss on the TG [[proteom]]e and 2) define cell-type specific Elp1-interacting proteins in the TG. In Aim 1, we will delineate the TG proteome in Elp1 CKO vs. littermate control...",proteom,62,seeded_random_30,v1 (configs/measurements.yaml as shipped)
1,proteomics,Proteomics,nih|11075830|abstract_text|-1|proteomics,nih:11075830,abstract,abstract_text,,"...and 12 months) from Veterans with and without neuro-PASC. Samples will be analyzed using a combination of ELISAs, Luminex-based multiplex assays, and [[Olink]] proteomics. Aim 3 (exploratory) will assess neuroimaging correlates of neuro-PASC symptoms using whole brain voxel-based morphometry, diffusion-tenso...",Olink,62,seeded_random_30,v1 (configs/measurements.yaml as shipped)
1,proteomics,Proteomics,nih|11090272|abstract_text|-1|proteomics,nih:11090272,abstract,abstract_text,,"...serum. However, these candidates are based on current knowledge whereas other, perhaps superior biomarkers may not yet have been discovered. Unbiased [[proteom]]ics-based biomarker discovery is a promising approach but is practically challenging in CNS-originating EVs. Therefore, we will use EVs isolated from ...",proteom,62,seeded_random_30,v1 (configs/measurements.yaml as shipped)
1,proteomics,Proteomics,nih|11115618|abstract_text|-1|proteomics,nih:11115618,abstract,abstract_text,,"...ng brain doppler methods for cerebral blood flow measurement; 3) immune and metabolic regulation using measures of gene expression, metabolomics, and [[proteom]]ics from blood; and 4) symptoms measurement using validated instruments to assess pain, fatigue, and cognition. In summary, my research has produced ...",proteom,62,seeded_random_30,v1 (configs/measurements.yaml as shipped)
1,proteomics,Proteomics,nih|11181298|abstract_text|-1|proteomics,nih:11181298,abstract,abstract_text,,...gias. Evidence of immune dysregulation consistent with infection has been reported in blood and cerebrospinal fluid (CSF) by several research groups. [[Proteom]]ic studies of plasma and CSF revealed evidence of antigen-driven clonal B cell expansion. Up to 40% of patients are reported to respond to intravenous...,Proteom,62,seeded_random_30,v1 (configs/measurements.yaml as shipped)
1,proteomics,Proteomics,nih|11283726|abstract_text|-1|proteomics,nih:11283726,abstract,abstract_text,,"...elopment plan will provide the necessary training for my transition to independence, emphasizing expertise in single-cell spatial transcriptomics and [[proteom]]ics, bioinformatics, imaging analysis, iPSC technology and CRISPR-based functional genomics. Additionally, I will deepen my knowledge of neuropatholog...",proteom,62,seeded_random_30,v1 (configs/measurements.yaml as shipped)
1,proteomics,Proteomics,nih|11285973|abstract_text|-1|proteomics,nih:11285973,abstract,abstract_text,,"...elopment, and how this goes awry in FD, remain largely elusive. To gain insight into Elp1 function, we performed mass spectrometry to evaluate the TG [[proteom]]e of normal and FD mouse embryos. Our results uncovered statistically significant increases in extracellular matrix (ECM) and ECM binding proteins, po...",proteom,62,seeded_random_30,v1 (configs/measurements.yaml as shipped)
1,proteomics,Proteomics,nih|11329178|abstract_text|-1|proteomics,nih:11329178,abstract,abstract_text,,"... COVID-19 treatment on whole-body T cell activation and inflammation during the post-acute phase (90 days post-COVID) using blood-based measurements ([[proteom]]ics, Simoa) and non-invasive PET/CT imaging with [18F]F-AraG, a radiotracer specific for T cell activation. To achieve these goals, we will leverage o...",proteom,62,seeded_random_30,v1 (configs/measurements.yaml as shipped)
1,proteomics,Proteomics,nih|11454577|project_title|-1|proteomics,nih:11454577,abstract,project_title,,CSF [[Proteom]]e of Post Treatment Lyme Disease,Proteom,62,seeded_random_30,v1 (configs/measurements.yaml as shipped)
1,proteomics,Proteomics,nih|11611413|abstract_text|-1|proteomics,nih:11611413,abstract,abstract_text,,"...nifestations of subclinical disease thereby enabling early intervention. Thus, the overall objectives of this application are to identify imaging and [[proteom]]ic determinants of cardiac dysfunction in YpnHIV compared to the HIV unexposed (HU), and to evaluate effects of YpnHIV on physical performance and hea...",proteom,62,seeded_random_30,v1 (configs/measurements.yaml as shipped)
1,proteomics,Proteomics,nih|11611413|project_title|-1|proteomics,nih:11611413,abstract,project_title,,Cardiac function and [[proteom]]ic biomarkers in individuals with perinatal HIV infection or exposure,proteom,62,seeded_random_30,v1 (configs/measurements.yaml as shipped)
1,proteomics,Proteomics,nih|9014077|abstract_text|-1|proteomics,nih:9014077,abstract,abstract_text,,"...iting new therapies for HF/SCD. We will identify key proteins, pathways and biomarkers modified by chronic VNS using differential transcriptomics and [[proteom]]ics (""omics""). Changes in myocyte properties are manifested in transcriptome and proteome, contributing to the HF/SCD phenotype. Echocardiography, con...",proteom,62,seeded_random_30,v1 (configs/measurements.yaml as shipped)
1,proteomics,Proteomics,nih|9206443|abstract_text|-1|proteomics,nih:9206443,abstract,abstract_text,,"...pose two specific aims. In Aim 1, we will map the antigenic specificity of the immune response to gluten in ME/CFS through mass spectrometry-assisted [[proteom]]e analysis and epitope mapping. In Aim 2, we will assess the relationship between the immune response to gluten and specific markers of microbial tran...",proteom,62,seeded_random_30,v1 (configs/measurements.yaml as shipped)
1,proteomics,Proteomics,nih|9597448|public_health_relevance|-1|proteomics,nih:9597448,abstract,public_health_relevance,,"...ndrome is a major acquired disease of productive adults. The cause remains unknown. Identification of the associated proteins in cerebrospinal fluid ([[Proteom]]e) can distinguish this condition from others, spur clinical trials, and eventually decrease the burden on our health care system and economy.",Proteom,62,seeded_random_30,v1 (configs/measurements.yaml as shipped)
1,proteomics,Proteomics,nih|9637436|abstract_text|-1|proteomics,nih:9637436,abstract,abstract_text,,"...iting new therapies for HF/SCD. We will identify key proteins, pathways and biomarkers modified by chronic VNS using differential transcriptomics and [[proteom]]ics (""omics""). Changes in myocyte properties are manifested in transcriptome and proteome, contributing to the HF/SCD phenotype. Echocardiography, con...",proteom,62,seeded_random_30,v1 (configs/measurements.yaml as shipped)
1,transcriptomics,Transcriptomics,ctgov|NCT05975034|outcome_measure|1006|transcriptomics,trial:NCT05975034,outcome_measure,outcome_measure,secondary,16S r[[RNA seq]]uencing,RNA seq,103,seeded_random_30,v1 (configs/measurements.yaml as shipped)
1,transcriptomics,Transcriptomics,ctgov|NCT06311435|outcome_measure|1000|transcriptomics,trial:NCT06311435,outcome_measure,outcome_measure,secondary,Develop algorithm to subclassify specific [[RNA seq]]uences to subclassify types of Long COVID,RNA seq,103,seeded_random_30,v1 (configs/measurements.yaml as shipped)
1,transcriptomics,Transcriptomics,ctgov|NCT06590324|outcome_measure|2002|transcriptomics,trial:NCT06590324,outcome_measure,outcome_measure,other,blood [[transcriptom]]e and plasma proteome and metabolomics,transcriptom,103,seeded_random_30,v1 (configs/measurements.yaml as shipped)
1,transcriptomics,Transcriptomics,ctgov|NCT06928272|outcome_description|2000|transcriptomics,trial:NCT06928272,outcome_measure,outcome_description,other,"...udy drugs. Analyses will focus on the concentration normalization of metabolites linked to the pathophysiology of Long Covid. White blood cell (WBC) [[RNA seq]]uencing will be performed to identify changes in gene expression, offering insight into the body's response to the study drugs. Analyses will focus on...",RNA seq,103,seeded_random_30,v1 (configs/measurements.yaml as shipped)
1,transcriptomics,Transcriptomics,ctgov|NCT07757620|brief_summary|-1|transcriptomics,trial:NCT07757620,abstract,brief_summary,,"...tinal biopsy tissue collected during routine colonoscopy procedures. * Undergo comprehensive molecular analyses, including immunological, epigenetic, [[transcriptom]]ic, proteomic, and microbiome profiling. * Have their clinical and molecular data integrated using advanced computational approaches to identify biolo...",transcriptom,103,seeded_random_30,v1 (configs/measurements.yaml as shipped)
1,transcriptomics,Transcriptomics,ctgov|NCT07757620|outcome_description|0|transcriptomics,trial:NCT07757620,outcome_measure,outcome_description,primary,[[Transcriptom]]ic profiling will be performed in peripheral blood leukocytes using RNA sequencing. Gene expression will be expressed as normalized gene expression co...,Transcriptom,103,seeded_random_30,v1 (configs/measurements.yaml as shipped)
1,transcriptomics,Transcriptomics,ctgov|NCT07757620|outcome_measure|0|transcriptomics,trial:NCT07757620,outcome_measure,outcome_measure,primary,[[Gene expression profil]]e of peripheral blood cells,Gene expression profil,103,seeded_random_30,v1 (configs/measurements.yaml as shipped)
1,transcriptomics,Transcriptomics,nih|10237225|abstract_text|-1|transcriptomics,nih:10237225,abstract,abstract_text,,"...regulation in ME/CFS by comprehensively investigating gene regulation defects in patients across all types of leukocytes. In Aim I, we propose to use [[single-cell RNA]] sequencing (scRNAseq) to interrogate the transcriptomes of leukocytes from peripheral blood collected from a cohort of ME/CFS patients and controls. ...",single-cell RNA,103,seeded_random_30,v1 (configs/measurements.yaml as shipped)
1,transcriptomics,Transcriptomics,nih|10466413|abstract_text|-1|transcriptomics,nih:10466413,abstract,abstract_text,,"...unology and neurobehavioral approaches, coupled with innovative targeted and unbiased cellular, molecular technologies, including single cell/nucleus [[transcriptom]]ics, spatial genomics, and 3D brain clearing and imaging. Aim 1 is to assess the acute and long-term impact of SARS-CoV-2 infection on neuropathophysi...",transcriptom,103,seeded_random_30,v1 (configs/measurements.yaml as shipped)
1,transcriptomics,Transcriptomics,nih|10549811|public_health_relevance|-1|transcriptomics,nih:10549811,abstract,public_health_relevance,,"PROJECT NARRATIVE We propose to integrate published sc[[RNA-seq]] data from more than one hundred COVID-19 patients post SARS-CoV-2 infection to characterize the differences in cell type expression, airway regenerat...",RNA-seq,103,seeded_random_30,v1 (configs/measurements.yaml as shipped)
1,transcriptomics,Transcriptomics,nih|10551342|public_health_relevance|-1|transcriptomics,nih:10551342,abstract,public_health_relevance,,"PROJECT NARRATIVE This feasibility study will take a multi-modal approach to study brain-gut signaling, immune function and [[transcriptom]]ics in a small cohort of adolescents with connective tissue disorders and `functional' gastrointestinal complaints. This project brings together an in...",transcriptom,103,seeded_random_30,v1 (configs/measurements.yaml as shipped)
1,transcriptomics,Transcriptomics,nih|10788666|abstract_text|-1|transcriptomics,nih:10788666,abstract,abstract_text,,"... contemporaneous PBMC, and that atypical cell lineages including myeloid cells may be infected in CSF. Finally, we have successfully used single cell [[transcriptom]]ics to identify unique and rare cell types in the CSF in PWH associated with HIV disease status and have further demonstrated the ability to identify ...",transcriptom,103,seeded_random_30,v1 (configs/measurements.yaml as shipped)
1,transcriptomics,Transcriptomics,nih|10888595|abstract_text|-1|transcriptomics,nih:10888595,abstract,abstract_text,,"...nalyze existing and new deep sequencing data to address two Specific Aims. Aim 1: Identify distinct ERVs whose expression is associated with ME using [[RNA-Seq]]uencing data. These analyses will, for the first time, quantify transcriptome- wide expressed ERVs individually; and allow for identification of activ...",RNA-Seq,103,seeded_random_30,v1 (configs/measurements.yaml as shipped)
1,transcriptomics,Transcriptomics,nih|10924995|abstract_text|-1|transcriptomics,nih:10924995,abstract,abstract_text,,"...atic, mild, severe, long COVID, etc). The method seeks to both quantify the viral content in the biological sample and to also obtain an informative [[gene expression profil]]e from patient cells. These profiles will be compared with patient symptoms and clinical data using machine learning to identify biomarkers that are ...",gene expression profil,103,seeded_random_30,v1 (configs/measurements.yaml as shipped)
1,transcriptomics,Transcriptomics,nih|11301407|abstract_text|-1|transcriptomics,nih:11301407,abstract,abstract_text,,"...y response prior to hippocampal involvement. To test this hypothesis, we will employ an integrated, multidisciplinary approach using advanced spatial [[transcriptom]]ics and proteomics (via the NanoString GeoMx DSP platform) alongside in vivo electrophysiological (EEG/LFP) and behavioral assays (using FED3 feeding ...",transcriptom,103,seeded_random_30,v1 (configs/measurements.yaml as shipped)
1,transcriptomics,Transcriptomics,nih|11302641|abstract_text|-1|transcriptomics,nih:11302641,abstract,abstract_text,,"...oss in FD through the identification of key regulatory pathways involved in RGC survival which are dysregulated by the reduction of ELP1. We will use [[single-cell RNA]] seq (scRNAseq) to computationally link RGC survival to transcriptomic alterations in the FD mouse RGCs (Aim 2). Finally, by using patient-derived ind...",single-cell RNA,103,seeded_random_30,v1 (configs/measurements.yaml as shipped)
1,transcriptomics,Transcriptomics,nih|11304994|abstract_text|-1|transcriptomics,nih:11304994,abstract,abstract_text,,"...tic effects of LTβR antagonist in alleviating long COVID neurological symptoms and identify critical LTβR-dependent pathways in sensory ganglia using [[single-cell RNA]] sequencing. This proposal is innovative, significant and impactful, as it will elucidate the role of sensory neurons in long COVID pain, establish ne...",single-cell RNA,103,seeded_random_30,v1 (configs/measurements.yaml as shipped)
1,transcriptomics,Transcriptomics,nih|11347476|public_health_relevance|-1|transcriptomics,nih:11347476,abstract,public_health_relevance,,...al mycotoxin exposure contributes to immune dysfunction in ME/CFS and will identify a molecularly distinct ME/CFS subgroup defined by exposure-linked [[transcriptom]]ic and extracellular RNA signatures. These findings will support biomarker-based stratification of ME/CFS patients and development of precision diagno...,transcriptom,103,seeded_random_30,v1 (configs/measurements.yaml as shipped)
1,transcriptomics,Transcriptomics,nih|11355650|abstract_text|-1|transcriptomics,nih:11355650,abstract,abstract_text,,"...r goal is to investigate genipin's mechanism of action and its potential to prevent FD-related peripheral neuropathy in human and mouse models. Using [[transcriptom]]ics and proteomics analysis, we found the ECM and glycosaminoglycans (GAGs) downregulated and growth factors upregulated in FD, possibly a compensatio...",transcriptom,103,seeded_random_30,v1 (configs/measurements.yaml as shipped)
1,transcriptomics,Transcriptomics,nih|11370284|public_health_relevance|-1|transcriptomics,nih:11370284,abstract,public_health_relevance,,...nce of specific neurons. The goal of this proposal is to identify the cell-type- specific gene network disruption caused by ELP1 loss and use spatial [[transcriptom]]ics as well as patient-derived neuronal models to characterize the molecular mechanisms underlying specific neuronal degeneration in FD.,transcriptom,103,seeded_random_30,v1 (configs/measurements.yaml as shipped)
1,transcriptomics,Transcriptomics,nih|11372088|abstract_text|-1|transcriptomics,nih:11372088,abstract,abstract_text,,"...urotrophic growth in both PVN OXT neurons and CVNs, which can be reversed by PVN OXT activation. This will be accomplished using 10x Genomics Spatial [[Transcriptom]]ics combined with retrograde tracers to identify CVNs originating in specific nuclei of the brainstem. In addition, snRNA-seq of cardiac left-ventricu...",Transcriptom,103,seeded_random_30,v1 (configs/measurements.yaml as shipped)
1,transcriptomics,Transcriptomics,nih|11407168|abstract_text|-1|transcriptomics,nih:11407168,abstract,abstract_text,,"...disease progression or with laboratory parameters including HTLV-I virus load and immunological T and B cell subsets. More recently, we have employed [[single cell RNA]] sequencing technology (10X genomics) for the transciptomic analysis of blood and CSF of patients with neurologic diseases associated with viruses (HA...",single cell RNA,103,seeded_random_30,v1 (configs/measurements.yaml as shipped)
1,transcriptomics,Transcriptomics,nih|11446349|abstract_text|-1|transcriptomics,nih:11446349,abstract,abstract_text,,"...es associated with development of dysbiotic FMB neuropathology to create targeted diagnostics and opportunities for FMB intervention. At present, meta[[transcriptom]]ic analyses of the neuro-PASC FMB, compared to FMB from individuals who had COVID-19 but did not develop PASC (NoPASC), illustrate distinct difference...",transcriptom,103,seeded_random_30,v1 (configs/measurements.yaml as shipped)
1,transcriptomics,Transcriptomics,nih|8841998|abstract_text|-1|transcriptomics,nih:8841998,abstract,abstract_text,,"...anslation suggest much broader unknown effects given that modification states for most RNAs in most cell types are not well-defined. High-throughput [[RNA seq]]uencing has revolutionized the study of gene expression, but it has not been widely applied to identifying most types of RNA modifications due to lack...",RNA seq,103,seeded_random_30,v1 (configs/measurements.yaml as shipped)
1,transcriptomics,Transcriptomics,nih|9113513|abstract_text|-1|transcriptomics,nih:9113513,abstract,abstract_text,,...ltures of metastatic breast cancer cells (MMSM cells) established from pleural and abdominal effusions of patients with metastatic breast cancer. The [[RNA seq]]uence of these viral particles was 8595% homologous to MMTV. Recently we have shown that HMTV from MSSM cells is able to infect and replicate in prima...,RNA seq,103,seeded_random_30,v1 (configs/measurements.yaml as shipped)
1,transcriptomics,Transcriptomics,nih|9256438|abstract_text|-1|transcriptomics,nih:9256438,abstract,abstract_text,,"...ulate changes in expression of genes responsible for inflammatory response, leukocyte migration, and regulation of cell development. We aim to use an [[RNA-seq]] approach to identify the abundance of known and novel transcripts and discover new splicing events in PBMC of male patients. This will allow establis...",RNA-seq,103,seeded_random_30,v1 (configs/measurements.yaml as shipped)
1,transcriptomics,Transcriptomics,nih|9282018|abstract_text|-1|transcriptomics,nih:9282018,abstract,abstract_text,,"...ration, and regulation of cell development. This is leading to changes in CFS/ME disease activity. We aim to expand our research efforts, by using an [[RNA-seq]] approach to identify the abundance of transcripts, discover new splicing events, and presence of novel transcripts. This will allow identifying bioma...",RNA-seq,103,seeded_random_30,v1 (configs/measurements.yaml as shipped)
1,transcriptomics,Transcriptomics,nih|9384761|abstract_text|-1|transcriptomics,nih:9384761,abstract,abstract_text,,"...of gnathostomes but not lampreys. To test regulatory connections that may have facilitated production of novel vertebrate cell types, we will utilize [[RNA-seq]] together with novel transgenesis approaches to perform the following aims: Aim 1: Transcriptome analysis of lamprey premigratory cranial, vagal and ...",RNA-seq,103,seeded_random_30,v1 (configs/measurements.yaml as shipped)
1,transcriptomics,Transcriptomics,nih|9385475|public_health_relevance|-1|transcriptomics,nih:9385475,abstract,public_health_relevance,,"...CE: This proposal defines a research project designed to probe an RNA element that is found within the coding sequence of a group of RNA viruses; the [[RNA seq]]uence is able to inhibit the RNase activity of a powerful antiviral nuclease that is also involved in prostate cancer, diabetes, chronic fatigue syndr...",RNA seq,103,seeded_random_30,v1 (configs/measurements.yaml as shipped)
1,transcriptomics,Transcriptomics,nih|9993095|abstract_text|-1|transcriptomics,nih:9993095,abstract,abstract_text,,"...ive therapeutics with reduced side effects. In this study, we propose to molecularly phenotype neurons in the right atrial ganglionated plexus using [[transcriptom]]ic analysis. Neurons supplying the SAN will be labelled, isolated using laser capture microdissection (LCM), and analyzed using single-cell RNA sequen...",transcriptom,103,seeded_random_30,v1 (configs/measurements.yaml as shipped)
1,immune_assays,"Immune assays (autoantibodies, immune phenotyping)",ctgov|NCT02725060|brief_summary|-1|immune_assays,trial:NCT02725060,abstract,brief_summary,,"The purpose of this study is to see if some people with postural tachycardia syndrome (POTS) have higher levels of immune proteins ([[autoantibod]]ies) directed against receptors of the autonomic nervous system, and if these autoantibodies make a difference in their POTS symptoms. The investigato...",autoantibod,160,seeded_random_30,v1 (configs/measurements.yaml as shipped)
1,immune_assays,"Immune assays (autoantibodies, immune phenotyping)",ctgov|NCT03930914|outcome_description|2|immune_assays,trial:NCT03930914,outcome_measure,outcome_description,primary,The average change in beta 1-adrenergic [[autoantibod]]y levels measured from blood specimens obtained after two and four months of daily vagal nerve stimulation.,autoantibod,160,seeded_random_30,v1 (configs/measurements.yaml as shipped)
1,immune_assays,"Immune assays (autoantibodies, immune phenotyping)",ctgov|NCT03930914|outcome_measure|1|immune_assays,trial:NCT03930914,outcome_measure,outcome_measure,primary,Long term effects on M2 muscarinic [[autoantibod]]y levels,autoantibod,160,seeded_random_30,v1 (configs/measurements.yaml as shipped)
1,immune_assays,"Immune assays (autoantibodies, immune phenotyping)",ctgov|NCT03930914|outcome_measure|2|immune_assays,trial:NCT03930914,outcome_measure,outcome_measure,primary,Long term effects on beta 1-adrenergic [[autoantibod]]y levels,autoantibod,160,seeded_random_30,v1 (configs/measurements.yaml as shipped)
1,immune_assays,"Immune assays (autoantibodies, immune phenotyping)",ctgov|NCT04659889|intervention_description|0|immune_assays,trial:NCT04659889,intervention,intervention_description,,"...stry, CRP, Thyroid function and liver enzymes (ii) FBC, d-Dimer, ESR, Blood film (iii) SARS-CoV2 antibody status and serum save (iv) Peripheral blood [[immunophenotyp]]ing.",immunophenotyp,160,seeded_random_30,v1 (configs/measurements.yaml as shipped)
1,immune_assays,"Immune assays (autoantibodies, immune phenotyping)",ctgov|NCT04927403|outcome_measure|1109|immune_assays,trial:NCT04927403,outcome_measure,outcome_measure,secondary,Post-COVID [[autoantibod]]y screening and T-cell activation assay (Elispot) of potentially reactivated latent pathogens,autoantibod,160,seeded_random_30,v1 (configs/measurements.yaml as shipped)
1,immune_assays,"Immune assays (autoantibodies, immune phenotyping)",ctgov|NCT05592418|outcome_description|2004|immune_assays,trial:NCT05592418,outcome_measure,outcome_description,other,"... was collected at V2 (pre-dose), V12 (pre-dose), and V26 (Follow-up 1) for research purposes to conduct exploratory analyses of lymphocyte profile by [[flow cytometr]]y. The absolute values and change from baseline data for CD3+ were evaluated.",flow cytometr,160,seeded_random_30,v1 (configs/measurements.yaml as shipped)
1,immune_assays,"Immune assays (autoantibodies, immune phenotyping)",ctgov|NCT05592418|outcome_description|2006|immune_assays,trial:NCT05592418,outcome_measure,outcome_description,other,"... was collected at V2 (pre-dose), V12 (pre-dose), and V26 (Follow-up 1) for research purposes to conduct exploratory analyses of lymphocyte profile by [[flow cytometr]]y. The absolute values and change from baseline data for CD4:CD8 ratio were evaluated.",flow cytometr,160,seeded_random_30,v1 (configs/measurements.yaml as shipped)
1,immune_assays,"Immune assays (autoantibodies, immune phenotyping)",ctgov|NCT05595369|brief_summary|-1|immune_assays,trial:NCT05595369,abstract,brief_summary,,"... other therapeutics in individuals with PASC, according to the platform protocol objectives. The hypothesis is that persistent viral infection, viral [[reactivation]], and/or overactive/chronic immune response and inflammation are underlying contributors to PASC and that antiviral and other applicable therapies may...",reactivation,160,seeded_random_30,v1 (configs/measurements.yaml as shipped)
1,immune_assays,"Immune assays (autoantibodies, immune phenotyping)",ctgov|NCT05629988|official_title|-1|immune_assays,trial:NCT05629988,abstract,official_title,,Observational Study of Repeat Immunoadsorption (RIA) in Post Covid ME/CFS Patients With Elevated ß2 Adrenergic Receptor [[Autoantibod]]ies,Autoantibod,160,seeded_random_30,v1 (configs/measurements.yaml as shipped)
1,immune_assays,"Immune assays (autoantibodies, immune phenotyping)",ctgov|NCT05635552|outcome_measure|1004|immune_assays,trial:NCT05635552,outcome_measure,outcome_measure,secondary,PCS patients with impaired RVA show a [[reactivation]] of EBV.,reactivation,160,seeded_random_30,v1 (configs/measurements.yaml as shipped)
1,immune_assays,"Immune assays (autoantibodies, immune phenotyping)",ctgov|NCT05841498|outcome_measure|1002|immune_assays,trial:NCT05841498,outcome_measure,outcome_measure,secondary,3. Concentration of [[autoantibod]]ies before and after IA and sham treatment (before therapy cycle 1/after therapy cycle1 as well as before therapy cycle 2/after therapy cycle 2),autoantibod,160,seeded_random_30,v1 (configs/measurements.yaml as shipped)
1,immune_assays,"Immune assays (autoantibodies, immune phenotyping)",ctgov|NCT06128967|brief_summary|-1|immune_assays,trial:NCT06128967,abstract,brief_summary,,"...mpanied by dysregulated, persistent and uncontrolled inflammation, often accompanied by the development of an autoreactive immune response, including [[autoantibod]]ies. Symptoms can last months or years, particularly in cases of chronic fatigue syndrome, with significant proportions of individuals having signific...",autoantibod,160,seeded_random_30,v1 (configs/measurements.yaml as shipped)
1,immune_assays,"Immune assays (autoantibodies, immune phenotyping)",ctgov|NCT06161688|brief_title|-1|immune_assays,trial:NCT06161688,abstract,brief_title,,Ensitrelvir for [[Viral Persistence]] and Inflammation in People Experiencing Long COVID,Viral Persistence,160,seeded_random_30,v1 (configs/measurements.yaml as shipped)
1,immune_assays,"Immune assays (autoantibodies, immune phenotyping)",ctgov|NCT06204458|outcome_measure|2014|immune_assays,trial:NCT06204458,outcome_measure,outcome_measure,other,post-Covid [[autoantibod]]ies,autoantibod,160,seeded_random_30,v1 (configs/measurements.yaml as shipped)
1,immune_assays,"Immune assays (autoantibodies, immune phenotyping)",ctgov|NCT06825819|outcome_measure|2000|immune_assays,trial:NCT06825819,outcome_measure,outcome_measure,other,[[Viral persistence]] of SARS-CoV-2 in intestinal biopsies (RNAScope).,Viral persistence,160,seeded_random_30,v1 (configs/measurements.yaml as shipped)
1,immune_assays,"Immune assays (autoantibodies, immune phenotyping)",ctgov|NCT06829836|outcome_description|3|immune_assays,trial:NCT06829836,outcome_measure,outcome_description,primary,"...mples are centrifuged at 400 x g for 5 min and resuspended in ice-cold DPBS for analysis. After the 4-hour co-culture, these samples are analyzed via [[flow cytometr]]y to determine the total proportion of alive (Calcein-AM+/CD71+) versus estimated K562 cells. Changes in proportion and MFI of these populations were ...",flow cytometr,160,seeded_random_30,v1 (configs/measurements.yaml as shipped)
1,immune_assays,"Immune assays (autoantibodies, immune phenotyping)",ctgov|NCT07197138|outcome_measure|0|immune_assays,trial:NCT07197138,outcome_measure,outcome_measure,primary,Change in [[immunophenotyp]]ic marker CRP from baseline to post-treatment,immunophenotyp,160,seeded_random_30,v1 (configs/measurements.yaml as shipped)
1,immune_assays,"Immune assays (autoantibodies, immune phenotyping)",ctgov|NCT07343856|keywords|-1|immune_assays,trial:NCT07343856,abstract,keywords,,...sequelae of SARS-CoV-2 infection | Bioelectrical assessment | Electroacupuncture diagnostics | Medicament testing | Autonomic dysregulation | Chronic [[viral persistence]] | Non-invasive diagnostics,viral persistence,160,seeded_random_30,v1 (configs/measurements.yaml as shipped)
1,immune_assays,"Immune assays (autoantibodies, immune phenotyping)",ctgov|NCT07529197|official_title|-1|immune_assays,trial:NCT07529197,abstract,official_title,,Observational Study on Immunoadsorption (IA) in Patients With [[Autoantibod]]y-Positive Post-Infectious Myalgic Encephalomyelitis/Chronic Fatigue Syndrome (ME/CFS),Autoantibod,160,seeded_random_30,v1 (configs/measurements.yaml as shipped)
1,immune_assays,"Immune assays (autoantibodies, immune phenotyping)",ctgov|NCT07529197|outcome_measure|1005|immune_assays,trial:NCT07529197,outcome_measure,outcome_measure,secondary,Decrease in ß2R [[autoantibod]]ies and soluble biomarkers of disease,autoantibod,160,seeded_random_30,v1 (configs/measurements.yaml as shipped)
1,immune_assays,"Immune assays (autoantibodies, immune phenotyping)",ctgov|NCT07657507|brief_summary|-1|immune_assays,trial:NCT07657507,abstract,brief_summary,,"...red by severe physiological stress, such as viral infection. HSD is commonly associated with Postural Orthostatic Tachycardia Syndrome (POTS) and Mas[[t Cell Activation]] Syndrome (MCAS), as well as gastrointestinal (GI) problems. Recent research suggests that persistent inflammation due to MCAS or COVID may trigger HS...",t Cell Activation,160,seeded_random_30,v1 (configs/measurements.yaml as shipped)
1,immune_assays,"Immune assays (autoantibodies, immune phenotyping)",ctgov|NCT07757620|brief_summary|-1|immune_assays,trial:NCT07757620,abstract,brief_summary,,"...cal, epigenetic, and microbiome profiles distinguish individuals with long COVID from recovered COVID-19 participants and healthy controls? * How are [[viral persistence]], immune dysregulation, and alterations in the gut-immune axis associated with the development and clinical manifestations of long COVID? * Which mole...",viral persistence,160,seeded_random_30,v1 (configs/measurements.yaml as shipped)
1,immune_assays,"Immune assays (autoantibodies, immune phenotyping)",nih|10620960|abstract_text|-1|immune_assays,nih:10620960,abstract,abstract_text,,"...tory samples using high throughput sequencing, high density peptide arrays, and immune signature assays; this Project also examines the prevalence of [[autoantibod]]ies selected based on clinical and literature reports. In Project 2, we profile the plasma metabolome and PBMC transcriptome in the same subjects stud...",autoantibod,160,seeded_random_30,v1 (configs/measurements.yaml as shipped)
1,immune_assays,"Immune assays (autoantibodies, immune phenotyping)",nih|10892624|public_health_relevance|-1|immune_assays,nih:10892624,abstract,public_health_relevance,,"...ovid-19 in an underserved community, examine perturbations in oral mucosal immunity to understand oral PASC and uncover novel mechanisms that promote [[viral persistence]] in oral tissues.",viral persistence,160,seeded_random_30,v1 (configs/measurements.yaml as shipped)
1,immune_assays,"Immune assays (autoantibodies, immune phenotyping)",nih|11020706|public_health_relevance|-1|immune_assays,nih:11020706,abstract,public_health_relevance,,"PROJECT NARRATIVE Systemic lupus erythematosus (SLE, or lupus) is a chronic multisystem autoimmune disease characterized by the production of [[autoantibod]]ies, disproportionately affecting African American women, with whom it is associated with significant mortality and morbidity, and without safe and ef...",autoantibod,160,seeded_random_30,v1 (configs/measurements.yaml as shipped)
1,immune_assays,"Immune assays (autoantibodies, immune phenotyping)",nih|11159278|abstract_text|-1|immune_assays,nih:11159278,abstract,abstract_text,,...and epigenetic regulatory programs. We will also analyze the contribution of B cell and ASC to the pathogenesis of long- COVID using antigen-specific [[flow cytometr]]y and MENSA assays of the antibodies produced by contemporaneous antibody-secreting cells derived from a validation cohort of PASC patents and control...,flow cytometr,160,seeded_random_30,v1 (configs/measurements.yaml as shipped)
1,immune_assays,"Immune assays (autoantibodies, immune phenotyping)",nih|11229937|public_health_relevance|-1|immune_assays,nih:11229937,abstract,public_health_relevance,,"Project Narrative Long COVID is a debilitating condition that occurs in 5-10% of individuals who have had SARS-CoV2 infection. [[Reactivation]] of underlying chronic viral infections, such as Epstein-Barr virus and other herpesviruses, has been associated with higher risk of developing long C...",Reactivation,160,seeded_random_30,v1 (configs/measurements.yaml as shipped)
1,immune_assays,"Immune assays (autoantibodies, immune phenotyping)",nih|11278151|abstract_text|-1|immune_assays,nih:11278151,abstract,abstract_text,,"...to the perpetuation of the neuroinflammatory state. We propose cross-sectional imaging to assess BBB integrity, with neuropsychiatric assessments and [[immunophenotyp]]ing in 100 post-SARS-CoV-2 onset ME/CFS patients and 100 who have pre- pandemic ME/CFS patients. In addition, we will incorporate 100 participants as ...",immunophenotyp,160,seeded_random_30,v1 (configs/measurements.yaml as shipped)
1,immune_assays,"Immune assays (autoantibodies, immune phenotyping)",nih|11403869|public_health_relevance|-1|immune_assays,nih:11403869,abstract,public_health_relevance,,"PROJECT NARRATIVE This is, to our knowledge, the first study to investigate the role of human herpesvirus [[reactivation]] in a large cohort of people with ME/CFS (presenting mild/moderate or severe symptoms) in comparison to healthy controls, as well as people with Long ...",reactivation,160,seeded_random_30,v1 (configs/measurements.yaml as shipped)
1,remote_patient_monitoring,Remote patient monitoring / connected-health platform,ctgov|NCT04806620|brief_title|-1|remote_patient_monitoring,trial:NCT04806620,abstract,brief_title,,Unhide® Project: A [[Digital Health Platform]] to Collect Lifestyle Data for Brain Inflammation Research,Digital Health Platform,22,census,v1 (configs/measurements.yaml as shipped)
1,remote_patient_monitoring,Remote patient monitoring / connected-health platform,ctgov|NCT04806620|keywords|-1|remote_patient_monitoring,trial:NCT04806620,abstract,keywords,,"... | Inflammatory bowel disease (Crohn's, ulcerative colitis) | Celiac disease | Migraines | Mood disorders (anxiety, depression, bipolar, PTSD, OCD) | [[Mobile health]] app | Patient registry | Wearable devices | Fatigue | Post-exertional malaise | Brain Fog | Mental health",Mobile health,22,census,v1 (configs/measurements.yaml as shipped)
1,remote_patient_monitoring,Remote patient monitoring / connected-health platform,ctgov|NCT05132673|brief_summary|-1|remote_patient_monitoring,trial:NCT05132673,abstract,brief_summary,,"... being done to evaluate heart rate activity and sleep patterns, among participants in the Long-Term Follow-Up (LTFU) study. Primary Objective Using [[mobile health]] (mHealth) technologies in a large and well-characterized cohort of childhood cancer survivors, our primary objective is to understand the magnitude o...",mobile health,22,census,v1 (configs/measurements.yaml as shipped)
1,remote_patient_monitoring,Remote patient monitoring / connected-health platform,ctgov|NCT05172206|brief_summary|-1|remote_patient_monitoring,trial:NCT05172206,abstract,brief_summary,,"... in post-COVID syndrome patients compared to a usual care group (standard outpatient care). All study participants will be provided with a continuous [[telemonitoring]] system (SaniQ app) throughout the study period. After the interventional phase, there will be a 3 months follow-up assessment to evaluate the mainten...",telemonitoring,22,census,v1 (configs/measurements.yaml as shipped)
1,remote_patient_monitoring,Remote patient monitoring / connected-health platform,ctgov|NCT05483829|keywords|-1|remote_patient_monitoring,trial:NCT05483829,abstract,keywords,,Long COVID | [[mhealth]] | digital health | emotional health | behavioral intervention | mental wellbeing | mood disturbance | emotional adjustment,mhealth,22,census,v1 (configs/measurements.yaml as shipped)
1,remote_patient_monitoring,Remote patient monitoring / connected-health platform,ctgov|NCT05725538|brief_summary|-1|remote_patient_monitoring,trial:NCT05725538,abstract,brief_summary,,"...ness of an exercise-based m-Health system for application in patients with Post-Acute COVID-19 Syndrome responds to a need. Our hypothesis is that a [[mobile health]] technology based on physical exercise recommendations for patients with Post-Acute COVID-19 Syndrome will improve fatigue, physical fitness, post-exe...",mobile health,22,census,v1 (configs/measurements.yaml as shipped)
1,remote_patient_monitoring,Remote patient monitoring / connected-health platform,ctgov|NCT05725538|brief_title|-1|remote_patient_monitoring,trial:NCT05725538,abstract,brief_title,,Exercise Intervention Using [[mHealth]] in Patients With Post-Acute COVID-19 Syndrome: a Randomized Clinical Trial,mHealth,22,census,v1 (configs/measurements.yaml as shipped)
1,remote_patient_monitoring,Remote patient monitoring / connected-health platform,ctgov|NCT05725538|keywords|-1|remote_patient_monitoring,trial:NCT05725538,abstract,keywords,,smartphone | [[mHealth]] | mobile health | telerehabilitation | exercise | Post-Acute COVID-19 Syndrome | Long COVID | Post-COVID Condition | COVIDReApp,mHealth,22,census,v1 (configs/measurements.yaml as shipped)
1,remote_patient_monitoring,Remote patient monitoring / connected-health platform,ctgov|NCT05725538|official_title|-1|remote_patient_monitoring,trial:NCT05725538,abstract,official_title,,"Efficacy of Exercise-based [[mHealth]] Intervention for Patients With Post-acute COVID-19 Syndrome Based on Fatigue, Fitness, Post-exertional Dyspnea, Pain, Anxiety, Depression, Cognitive ...",mHealth,22,census,v1 (configs/measurements.yaml as shipped)
1,remote_patient_monitoring,Remote patient monitoring / connected-health platform,ctgov|NCT05781893|brief_summary|-1|remote_patient_monitoring,trial:NCT05781893,abstract,brief_summary,,...f-feasibility study that is part of the larger BALCoS. DiLCoS is a intervention substudy designed to evaluate whether doing exercises delivered via a [[smartphone app]] (referred as digital intervention) can help with PCC. The digital intervention is a 12-week program that includes different kinds of exercises like b...,smartphone app,22,census,v1 (configs/measurements.yaml as shipped)
1,remote_patient_monitoring,Remote patient monitoring / connected-health platform,ctgov|NCT05781893|intervention_description|0|remote_patient_monitoring,trial:NCT05781893,intervention,intervention_description,,"The DiLCoS substudy comprises a digital intervention. A [[smartphone app]] is used to provide the patient with a 12-week exercise program, including physical elements (in the form of breathing exercises, relief positions and...",smartphone app,22,census,v1 (configs/measurements.yaml as shipped)
1,remote_patient_monitoring,Remote patient monitoring / connected-health platform,ctgov|NCT06296914|brief_summary|-1|remote_patient_monitoring,trial:NCT06296914,abstract,brief_summary,,"...nd it is often a frustrating and negative experience fraught with misdiagnoses, stigma, and depression and anxiety. Recent research demonstrates that [[mHealth]] technology may be one way that POTS patients can improve their experience in the healthcare system by providing objective data to their healthcare pr...",mHealth,22,census,v1 (configs/measurements.yaml as shipped)
1,remote_patient_monitoring,Remote patient monitoring / connected-health platform,ctgov|NCT06296914|brief_title|-1|remote_patient_monitoring,trial:NCT06296914,abstract,brief_title,,A [[MHealth]] System for Patients with POTS,MHealth,22,census,v1 (configs/measurements.yaml as shipped)
1,remote_patient_monitoring,Remote patient monitoring / connected-health platform,ctgov|NCT06296914|intervention_description|0|remote_patient_monitoring,trial:NCT06296914,intervention,intervention_description,,"Participants will be asked to document symptoms daily in the [[mHealth]] app and will be asked to conduct an ""at home stand test"" biweekly through the mHealth app. These participants will be asked to take an online survey ...",mHealth,22,census,v1 (configs/measurements.yaml as shipped)
1,remote_patient_monitoring,Remote patient monitoring / connected-health platform,ctgov|NCT06296914|intervention_description|1|remote_patient_monitoring,trial:NCT06296914,intervention,intervention_description,,"...ion about online support for POTS via email. Starting at month 4, participants will receive equipment will be asked to document symptoms daily in the [[mHealth]] app and will be asked to conduct an ""at home stand test"" biweekly through the mHealth app. These participants will be asked to take an online survey ...",mHealth,22,census,v1 (configs/measurements.yaml as shipped)
1,remote_patient_monitoring,Remote patient monitoring / connected-health platform,ctgov|NCT06296914|official_title|-1|remote_patient_monitoring,trial:NCT06296914,abstract,official_title,,Developing and Testing a [[Mobile Health]] System for Patients with Postural Orthostatic Tachycardia Syndrome (POTS),Mobile Health,22,census,v1 (configs/measurements.yaml as shipped)
1,remote_patient_monitoring,Remote patient monitoring / connected-health platform,ctgov|NCT07156994|brief_summary|-1|remote_patient_monitoring,trial:NCT07156994,abstract,brief_summary,,...contains many information on our health and is easy to collect. The development of vocal biomarkers of Long COVID-related symptoms could improve the [[remote monitoring]] of the health status of people affected by this disease. The LIH developed the Long COVID Companion (LCC) app in collaboration with the ApresJ20 Lon...,remote monitoring,22,census,v1 (configs/measurements.yaml as shipped)
1,remote_patient_monitoring,Remote patient monitoring / connected-health platform,ctgov|NCT07190105|intervention_description|0|remote_patient_monitoring,trial:NCT07190105,intervention,intervention_description,,"The Sonocea Sonic Augmentation Technology (SAT) is a sound-based approach delivered via headphones through a [[smartphone app]]lication. The approach uses music soundscapes that have been standardized in format, intensity and duration.",smartphone app,22,census,v1 (configs/measurements.yaml as shipped)
1,remote_patient_monitoring,Remote patient monitoring / connected-health platform,ctgov|NCT07783074|brief_summary|-1|remote_patient_monitoring,trial:NCT07783074,abstract,brief_summary,,"...both conditions, but current assessment methods rely mainly on questionnaires, which can be limited by subjectivity and recall bias. The study uses a [[smartphone app]]lication (the FIDO app) together with wearable devices to continuously collect data on fatigue and its fluctuations during daily life, in order to eva...",smartphone app,22,census,v1 (configs/measurements.yaml as shipped)
1,remote_patient_monitoring,Remote patient monitoring / connected-health platform,ctgov|NCT07783074|keywords|-1|remote_patient_monitoring,trial:NCT07783074,abstract,keywords,,digital biomarker | wearable devices | passive sensing | [[smartphone app]]lication | remote monitoring | actigraphy | heart rate variability | long COVID | Post-Acute COVID-19 Syndrome | feasibility study | compliance | adhe...,smartphone app,22,census,v1 (configs/measurements.yaml as shipped)
1,remote_patient_monitoring,Remote patient monitoring / connected-health platform,nih|11188689|abstract_text|-1|remote_patient_monitoring,nih:11188689,abstract,abstract_text,,...tance of several attributes of ecological momentary assessments (EMAs) and features of digital wearables (DWs) that are important for uptake of these [[remote monitoring]] digital health tools among various demographic and behavioral subgroups. This study will provide insights on the optimal attributes and features that...,remote monitoring,22,census,v1 (configs/measurements.yaml as shipped)
1,remote_patient_monitoring,Remote patient monitoring / connected-health platform,nih|11416218|abstract_text|-1|remote_patient_monitoring,nih:11416218,abstract,abstract_text,,"...n addition, there are data repositories and analytical platforms focused on specific data domains where the data will reside for public use including [[mobile health]] data, medical imaging, pathology imaging, clinical, observational and electronic health record (EHR) data. These components are being provided by a...",mobile health,22,census,v1 (configs/measurements.yaml as shipped)
